cat_id	otype	other
"ACO     1"	"ClG"	"ACO     1"
"ACO     2"	"ClG"	"ACO     2"
"ACO     3"	"ClG"	"ACO     3"
"ACO     4"	"ClG"	"ACO     4"
"ACO     5"	"ClG"	"ACO     5"
"ACO     6"	"ClG"	"ACO     6"
"ACO     7"	"ClG"	"ACO     7"
"ACO     8"	"ClG"	"ACO     8"
"ACO     9"	"ClG"	"ACO     9"
"ACO    10"	"ClG"	"ACO    10"
"ACO    11"	"ClG"	"ACO    11"
"ACO    12"	"ClG"	"ACO    12"
"ACO    13"	"ClG"	"ACO    13"
"ACO    14"	"ClG"	"ACO    14"
"ACO    15"	"ClG"	"ACO    15"
"ACO    16"	"ClG"	"ACO    16"
"ACO    17"	"ClG"	"ACO    17"
"ACO    18"	"ClG"	"ACO    18"
"ACO    19"	"ClG"	"ACO    19"
"ACO    20"	"ClG"	"ACO    20"
"ACO    21"	"ClG"	"ACO    21"
"ACO    22"	"ClG"	"ACO    22"
"ACO    23"	"ClG"	"ACO    23"
"ACO    24"	"ClG"	"ACO    24"
"ACO    25"	"ClG"	"ACO    25"
"ACO    26"	"ClG"	"ACO    26"
"ACO    27"	"ClG"	"ACO    27"
"ACO    28"	"ClG"	"ACO    28"
"ACO    29"	"ClG"	"ACO    29"
"ACO    30"	"ClG"	"ACO    30"
"ACO    31"	"ClG"	"ACO    31"
"ACO    32"	"ClG"	"ACO    32"
"ACO    33"	"ClG"	"ACO    33"
"ACO    34"	"ClG"	"ACO    34"
"ACO    35"	"ClG"	"ACO    35"
"ACO    36"	"ClG"	"ACO    36"
"ACO    37"	"ClG"	"ACO    37"
"ACO    38"	"ClG"	"ACO    38"
"ACO    39"	"ClG"	"ACO    39"
"ACO    40"	"ClG"	"ACO    40"
"ACO    41"	"ClG"	"ACO    41"
"ACO    42"	"ClG"	"ACO    42"
"ACO    43"	"ClG"	"ACO    43"
"ACO    44"	"ClG"	"ACO    44"
"ACO    45"	"ClG"	"ACO    45"
"ACO    46"	"ClG"	"ACO    46"
"ACO    47"	"ClG"	"ACO    47"
"ACO    48"	"ClG"	"ACO    48"
"ACO    49"	"ClG"	"ACO    49"
"ACO    50"	"ClG"	"ACO    50"
"ACO    51"	"ClG"	"ACO    51"
"ACO    52"	"ClG"	"ACO    52"
"ACO    53"	"ClG"	"ACO    53"
"ACO    54"	"ClG"	"ACO    54"
"ACO    55"	"ClG"	"ACO    55"
"ACO    56"	"ClG"	"ACO    56"
"ACO    57"	"ClG"	"ACO    57"
"ACO    58"	"ClG"	"ACO    58"
"ACO    59"	"ClG"	"ACO    59"
"ACO    60"	"ClG"	"ACO    60"
"ACO    61"	"ClG"	"ACO    61"
"ACO    62"	"ClG"	"ACO    62"
"ACO    63"	"ClG"	"ACO    63"
"ACO    64"	"ClG"	"ACO    64"
"ACO    65"	"ClG"	"ACO    65"
"ACO    66"	"ClG"	"ACO    66"
"ACO    67"	"ClG"	"ACO    67"
"ACO    68"	"ClG"	"ACO    68"
"ACO    69"	"ClG"	"ACO    69"
"ACO    70"	"ClG"	"ACO    70"
"ACO    71"	"ClG"	"ACO    71"
"ACO    72"	"ClG"	"ACO    72"
"ACO    73"	"ClG"	"ACO    73"
"ACO    74"	"ClG"	"ACO    74"
"ACO    75"	"ClG"	"ACO    75"
"ACO    76"	"ClG"	"ACO    76"
"ACO    77"	"ClG"	"ACO    77"
"ACO    78"	"ClG"	"ACO    78"
"ACO    79"	"ClG"	"ACO    79"
"ACO    80"	"ClG"	"ACO    80"
"ACO    81"	"ClG"	"ACO    81"
"ACO    82"	"ClG"	"ACO    82"
"ACO    83"	"ClG"	"ACO    83"
"ACO    84"	"ClG"	"ACO    84"
"ACO    85"	"ClG"	"ACO    85"
"ACO    86"	"ClG"	"ACO    86"
"ACO    87"	"ClG"	"ACO    87"
"ACO    88"	"ClG"	"ACO    88"
"ACO    89"	"ClG"	"ACO    89"
"ACO    90"	"ClG"	"ACO    90"
"ACO    91"	"ClG"	"ACO    91"
"ACO    92"	"ClG"	"ACO    92"
"ACO    93"	"ClG"	"ACO    93"
"ACO    94"	"ClG"	"ACO    94"
"ACO    95"	"ClG"	"ACO    95"
"ACO    96"	"ClG"	"ACO    96"
"ACO    97"	"ClG"	"ACO    97"
"ACO    98"	"ClG"	"ACO    98"
"ACO    99"	"ClG"	"ACO    99"
"ACO   100"	"ClG"	"ACO   100"
"ACO   101"	"ClG"	"ACO   101"
"ACO   102"	"ClG"	"ACO   102"
"ACO   103"	"ClG"	"ACO   103"
"ACO   104"	"ClG"	"ACO   104"
"ACO   105"	"ClG"	"ACO   105"
"ACO   106"	"ClG"	"ACO   106"
"ACO   107"	"ClG"	"ACO   107"
"ACO   108"	"ClG"	"ACO   108"
"ACO   109"	"ClG"	"ACO   109"
"ACO   110"	"ClG"	"ACO   110"
"ACO   111"	"ClG"	"ACO   111"
"ACO   112"	"ClG"	"ACO   112"
"ACO   113"	"ClG"	"ACO   113"
"ACO   114"	"ClG"	"ACO   114"
"ACO   115"	"ClG"	"ACO   115"
"ACO   116"	"ClG"	"ACO   116"
"ACO   117"	"ClG"	"ACO   117"
"ACO   118"	"ClG"	"ACO   118"
"ACO   119"	"ClG"	"ACO   119"
"ACO   120"	"ClG"	"ACO   120"
"ACO   121"	"ClG"	"ACO   121"
"ACO   122"	"ClG"	"ACO   122"
"ACO   123"	"ClG"	"ACO   123"
"ACO   124"	"ClG"	"ACO   124"
"ACO   125"	"ClG"	"ACO   125"
"ACO   126"	"ClG"	"ACO   126"
"ACO   127"	"ClG"	"ACO   127"
"ACO   128"	"ClG"	"ACO   128"
"ACO   129"	"ClG"	"ACO   129"
"ACO   130"	"ClG"	"ACO   130"
"ACO   131"	"ClG"	"ACO   131"
"ACO   132"	"ClG"	"ACO   132"
"ACO   133"	"ClG"	"ACO   133"
"ACO   134"	"ClG"	"ACO   134"
"ACO   135"	"ClG"	"ACO   135"
"ACO   136"	"ClG"	"ACO   136"
"ACO   137"	"ClG"	"ACO   137"
"ACO   138"	"ClG"	"ACO   138"
"ACO   139"	"ClG"	"ACO   139"
"ACO   140"	"ClG"	"ACO   140"
"ACO   141"	"ClG"	"ACO   141"
"ACO   142"	"ClG"	"ACO   142"
"ACO   143"	"ClG"	"ACO   143"
"ACO   144"	"ClG"	"ACO   144"
"ACO   145"	"ClG"	"ACO   145"
"ACO   146"	"ClG"	"ACO   146"
"ACO   147"	"ClG"	"ACO   147"
"ACO   148"	"ClG"	"ACO   148"
"ACO   149"	"ClG"	"ACO   149"
"ACO   150"	"ClG"	"ACO   150"
"ACO   151"	"ClG"	"ACO   151"
"ACO   152"	"ClG"	"ACO   152"
"ACO   153"	"ClG"	"ACO   153"
"ACO   154"	"ClG"	"ACO   154"
"ACO   155"	"ClG"	"ACO   155"
"ACO   156"	"ClG"	"ACO   156"
"ACO   157"	"ClG"	"ACO   157"
"ACO   158"	"ClG"	"ACO   158"
"ACO   159"	"ClG"	"ACO   159"
"ACO   160"	"ClG"	"ACO   160"
"ACO   161"	"ClG"	"ACO   161"
"ACO   162"	"ClG"	"ACO   162"
"ACO   163"	"ClG"	"ACO   163"
"ACO   164"	"ClG"	"ACO   164"
"ACO   165"	"ClG"	"ACO   165"
"ACO   166"	"ClG"	"ACO   166"
"ACO   167"	"ClG"	"ACO   167"
"ACO   168"	"ClG"	"ACO   168"
"ACO   169"	"ClG"	"ACO   169"
"ACO   170"	"ClG"	"ACO   170"
"ACO   171"	"ClG"	"ACO   171"
"ACO   172"	"ClG"	"ACO   172"
"ACO   173"	"ClG"	"ACO   173"
"ACO   174"	"ClG"	"ACO   174"
"ACO   175"	"ClG"	"ACO   175"
"ACO   176"	"ClG"	"ACO   176"
"ACO   177"	"ClG"	"ACO   177"
"ACO   178"	"ClG"	"ACO   178"
"ACO   179"	"ClG"	"ACO   179"
"ACO   180"	"ClG"	"ACO   180"
"ACO   181"	"ClG"	"ACO   181"
"ACO   182"	"ClG"	"ACO   182"
"ACO   183"	"ClG"	"ACO   183"
"ACO   184"	"ClG"	"ACO   184"
"ACO   185"	"ClG"	"ACO   185"
"ACO   186"	"ClG"	"ACO   186"
"ACO   187"	"ClG"	"ACO   187"
"ACO   188"	"ClG"	"ACO   188"
"ACO   189"	"ClG"	"ACO   189"
"ACO   190"	"ClG"	"ACO   190"
"ACO   191"	"ClG"	"ACO   191"
"ACO   192"	"ClG"	"ACO   192"
"ACO   193"	"ClG"	"ACO   193"
"ACO   193"	"ClG"	"NAME V ZW 8 Group"
"ACO   194"	"ClG"	"ACO   194"
"ACO   195"	"ClG"	"ACO   195"
"ACO   196"	"ClG"	"ACO   196"
"ACO   197"	"ClG"	"ACO   197"
"ACO   198"	"ClG"	"ACO   198"
"ACO   199"	"ClG"	"ACO   199"
"ACO   200"	"ClG"	"ACO   200"
"ACO   201"	"ClG"	"ACO   201"
"ACO   202"	"ClG"	"ACO   202"
"ACO   203"	"ClG"	"ACO   203"
"ACO   204"	"ClG"	"ACO   204"
"ACO   205"	"ClG"	"ACO   205"
"ACO   206"	"ClG"	"ACO   206"
"ACO   207"	"ClG"	"ACO   207"
"ACO   208"	"ClG"	"ACO   208"
"ACO   209"	"ClG"	"ACO   209"
"ACO   210"	"ClG"	"ACO   210"
"ACO   211"	"ClG"	"ACO   211"
"ACO   212"	"ClG"	"ACO   212"
"ACO   213"	"ClG"	"ACO   213"
"ACO   214"	"ClG"	"ACO   214"
"ACO   215"	"ClG"	"ACO   215"
"ACO   216"	"ClG"	"ACO   216"
"ACO   217"	"ClG"	"ACO   217"
"ACO   218"	"ClG"	"ACO   218"
"ACO   219"	"ClG"	"ACO   219"
"ACO   220"	"ClG"	"ACO   220"
"ACO   221"	"ClG"	"ACO   221"
"ACO   222"	"ClG"	"ACO   222"
"ACO   223"	"ClG"	"ACO   223"
"ACO   224"	"ClG"	"ACO   224"
"ACO   225"	"ClG"	"ACO   225"
"ACO   226"	"ClG"	"ACO   226"
"ACO   227"	"ClG"	"ACO   227"
"ACO   228"	"ClG"	"ACO   228"
"ACO   229"	"ClG"	"ACO   229"
"ACO   230"	"ClG"	"ACO   230"
"ACO   231"	"ClG"	"ACO   231"
"ACO   232"	"ClG"	"ACO   232"
"ACO   233"	"ClG"	"ACO   233"
"ACO   234"	"ClG"	"ACO   234"
"ACO   235"	"ClG"	"ACO   235"
"ACO   236"	"ClG"	"ACO   236"
"ACO   237"	"ClG"	"ACO   237"
"ACO   238"	"ClG"	"ACO   238"
"ACO   239"	"ClG"	"ACO   239"
"ACO   240"	"ClG"	"ACO   240"
"ACO   241"	"ClG"	"ACO   241"
"ACO   242"	"ClG"	"ACO   242"
"ACO   243"	"ClG"	"ACO   243"
"ACO   244"	"ClG"	"ACO   244"
"ACO   245"	"ClG"	"ACO   245"
"ACO   246"	"ClG"	"ACO   246"
"ACO   247"	"ClG"	"ACO   247"
"ACO   248"	"ClG"	"ACO   248"
"ACO   249"	"ClG"	"ACO   249"
"ACO   250"	"ClG"	"ACO   250"
"ACO   251"	"ClG"	"ACO   251"
"ACO   252"	"ClG"	"ACO   252"
"ACO   253"	"ClG"	"ACO   253"
"ACO   254"	"ClG"	"ACO   254"
"ACO   255"	"ClG"	"ACO   255"
"ACO   256"	"ClG"	"ACO   256"
"ACO   257"	"ClG"	"ACO   257"
"ACO   258"	"ClG"	"ACO   258"
"ACO   259"	"ClG"	"ACO   259"
"ACO   260"	"ClG"	"ACO   260"
"ACO   261"	"ClG"	"ACO   261"
"ACO   262"	"ClG"	"ACO   262"
"ACO   263"	"ClG"	"ACO   263"
"ACO   264"	"ClG"	"ACO   264"
"ACO   265"	"ClG"	"ACO   265"
"ACO   266"	"ClG"	"ACO   266"
"ACO   267"	"ClG"	"ACO   267"
"ACO   268"	"ClG"	"ACO   268"
"ACO   269"	"ClG"	"ACO   269"
"ACO   270"	"ClG"	"ACO   270"
"ACO   271"	"ClG"	"ACO   271"
"ACO   272"	"ClG"	"ACO   272"
"ACO   273"	"ClG"	"ACO   273"
"ACO   274"	"ClG"	"ACO   274"
"ACO   275"	"ClG"	"ACO   275"
"ACO   276"	"ClG"	"ACO   276"
"ACO   277"	"ClG"	"ACO   277"
"ACO   278"	"ClG"	"ACO   278"
"ACO   279"	"ClG"	"ACO   279"
"ACO   280"	"ClG"	"ACO   280"
"ACO   281"	"ClG"	"ACO   281"
"ACO   282"	"ClG"	"ACO   282"
"ACO   283"	"ClG"	"ACO   283"
"ACO   284"	"ClG"	"ACO   284"
"ACO   285"	"ClG"	"ACO   285"
"ACO   286"	"ClG"	"ACO   286"
"ACO   287"	"ClG"	"ACO   287"
"ACO   288"	"ClG"	"ACO   288"
"ACO   289"	"ClG"	"ACO   289"
"ACO   290"	"ClG"	"ACO   290"
"ACO   291"	"ClG"	"ACO   291"
"ACO   292"	"ClG"	"ACO   292"
"ACO   293"	"ClG"	"ACO   293"
"ACO   294"	"ClG"	"ACO   294"
"ACO   295"	"ClG"	"ACO   295"
"ACO   296"	"ClG"	"ACO   296"
"ACO   297"	"ClG"	"ACO   297"
"ACO   298"	"ClG"	"ACO   298"
"ACO   299"	"ClG"	"ACO   299"
"ACO   300"	"ClG"	"ACO   300"
"ACO   301"	"ClG"	"ACO   301"
"ACO   302"	"ClG"	"ACO   302"
"ACO   303"	"ClG"	"ACO   303"
"ACO   304"	"ClG"	"ACO   304"
"ACO   305"	"ClG"	"ACO   305"
"ACO   306"	"ClG"	"ACO   306"
"ACO   307"	"ClG"	"ACO   307"
"ACO   308"	"ClG"	"ACO   308"
"ACO   309"	"ClG"	"ACO   309"
"ACO   310"	"ClG"	"ACO   310"
"ACO   311"	"ClG"	"ACO   311"
"ACO   312"	"ClG"	"ACO   312"
"ACO   313"	"ClG"	"ACO   313"
"ACO   314"	"ClG"	"ACO   314"
"ACO   315"	"ClG"	"ACO   315"
"ACO   316"	"ClG"	"ACO   316"
"ACO   317"	"ClG"	"ACO   317"
"ACO   318"	"ClG"	"ACO   318"
"ACO   319"	"ClG"	"ACO   319"
"ACO   320"	"ClG"	"ACO   320"
"ACO   321"	"ClG"	"ACO   321"
"ACO   322"	"ClG"	"ACO   322"
"ACO   323"	"ClG"	"ACO   323"
"ACO   324"	"ClG"	"ACO   324"
"ACO   325"	"ClG"	"ACO   325"
"ACO   326"	"ClG"	"ACO   326"
"ACO   327"	"ClG"	"ACO   327"
"ACO   328"	"ClG"	"ACO   328"
"ACO   329"	"ClG"	"ACO   329"
"ACO   330"	"ClG"	"ACO   330"
"ACO   331"	"ClG"	"ACO   331"
"ACO   332"	"ClG"	"ACO   332"
"ACO   333"	"ClG"	"ACO   333"
"ACO   334"	"ClG"	"ACO   334"
"ACO   335"	"ClG"	"ACO   335"
"ACO   336"	"ClG"	"ACO   336"
"ACO   337"	"ClG"	"ACO   337"
"ACO   338"	"ClG"	"ACO   338"
"ACO   339"	"ClG"	"ACO   339"
"ACO   340"	"ClG"	"ACO   340"
"ACO   341"	"ClG"	"ACO   341"
"ACO   342"	"ClG"	"ACO   342"
"ACO   343"	"ClG"	"ACO   343"
"ACO   344"	"ClG"	"ACO   344"
"ACO   345"	"ClG"	"ACO   345"
"ACO   346"	"ClG"	"ACO   346"
"ACO   347"	"ClG"	"ACO   347"
"ACO   348"	"ClG"	"ACO   348"
"ACO   349"	"ClG"	"ACO   349"
"ACO   350"	"ClG"	"ACO   350"
"ACO   351"	"ClG"	"ACO   351"
"ACO   352"	"ClG"	"ACO   352"
"ACO   353"	"ClG"	"ACO   353"
"ACO   354"	"ClG"	"ACO   354"
"ACO   355"	"ClG"	"ACO   355"
"ACO   356"	"ClG"	"ACO   356"
"ACO   357"	"ClG"	"ACO   357"
"ACO   358"	"ClG"	"ACO   358"
"ACO   359"	"ClG"	"ACO   359"
"ACO   360"	"ClG"	"ACO   360"
"ACO   361"	"ClG"	"ACO   361"
"ACO   362"	"ClG"	"ACO   362"
"ACO   363"	"ClG"	"ACO   363"
"ACO   364"	"ClG"	"ACO   364"
"ACO   365"	"ClG"	"ACO   365"
"ACO   366"	"ClG"	"ACO   366"
"ACO   367"	"ClG"	"ACO   367"
"ACO   368"	"ClG"	"ACO   368"
"ACO   369"	"ClG"	"ACO   369"
"ACO   370"	"ClG"	"ACO   370"
"ACO   371"	"ClG"	"ACO   371"
"ACO   372"	"ClG"	"ACO   372"
"ACO   373"	"ClG"	"ACO   373"
"ACO   374"	"ClG"	"ACO   374"
"ACO   375"	"ClG"	"ACO   375"
"ACO   376"	"ClG"	"ACO   376"
"ACO   377"	"ClG"	"ACO   377"
"ACO   378"	"ClG"	"ACO   378"
"ACO   379"	"ClG"	"ACO   379"
"ACO   380"	"ClG"	"ACO   380"
"ACO   381"	"ClG"	"ACO   381"
"ACO   382"	"ClG"	"ACO   382"
"ACO   383"	"ClG"	"ACO   383"
"ACO   384"	"ClG"	"ACO   384"
"ACO   385"	"ClG"	"ACO   385"
"ACO   386"	"ClG"	"ACO   386"
"ACO   387"	"ClG"	"ACO   387"
"ACO   388"	"ClG"	"ACO   388"
"ACO   389"	"ClG"	"ACO   389"
"ACO   390"	"ClG"	"ACO   390"
"ACO   391"	"ClG"	"ACO   391"
"ACO   392"	"ClG"	"ACO   392"
"ACO   393"	"ClG"	"ACO   393"
"ACO   394"	"ClG"	"ACO   394"
"ACO   395"	"ClG"	"ACO   395"
"ACO   396"	"ClG"	"ACO   396"
"ACO   397"	"ClG"	"ACO   397"
"ACO   398"	"ClG"	"ACO   398"
"ACO   399"	"ClG"	"ACO   399"
"ACO   400"	"ClG"	"ACO   400"
"ACO   401"	"ClG"	"ACO   401"
"ACO   402"	"ClG"	"ACO   402"
"ACO   403"	"ClG"	"ACO   403"
"ACO   404"	"ClG"	"ACO   404"
"ACO   405"	"ClG"	"ACO   405"
"ACO   406"	"ClG"	"ACO   406"
"ACO   407"	"ClG"	"ACO   407"
"ACO   408"	"ClG"	"ACO   408"
"ACO   409"	"ClG"	"ACO   409"
"ACO   410"	"ClG"	"ACO   410"
"ACO   411"	"ClG"	"ACO   411"
"ACO   412"	"ClG"	"ACO   412"
"ACO   413"	"ClG"	"ACO   413"
"ACO   414"	"ClG"	"ACO   414"
"ACO   415"	"ClG"	"ACO   415"
"ACO   416"	"ClG"	"ACO   416"
"ACO   417"	"ClG"	"ACO   417"
"ACO   418"	"ClG"	"ACO   418"
"ACO   419"	"ClG"	"ACO   419"
"ACO   420"	"ClG"	"ACO   420"
"ACO   421"	"ClG"	"ACO   421"
"ACO   422"	"ClG"	"ACO   422"
"ACO   423"	"ClG"	"ACO   423"
"ACO   424"	"ClG"	"ACO   424"
"ACO   425"	"ClG"	"ACO   425"
"ACO   426"	"ClG"	"ACO   426"
"ACO   426"	"ClG"	"NAME Per Cluster"
"ACO   426"	"ClG"	"NAME Perseus Cluster"
"ACO   427"	"ClG"	"ACO   427"
"ACO   428"	"ClG"	"ACO   428"
"ACO   429"	"ClG"	"ACO   429"
"ACO   430"	"ClG"	"ACO   430"
"ACO   431"	"ClG"	"ACO   431"
"ACO   432"	"ClG"	"ACO   432"
"ACO   433"	"ClG"	"ACO   433"
"ACO   434"	"ClG"	"ACO   434"
"ACO   435"	"ClG"	"ACO   435"
"ACO   436"	"ClG"	"ACO   436"
"ACO   437"	"ClG"	"ACO   437"
"ACO   438"	"ClG"	"ACO   438"
"ACO   439"	"ClG"	"ACO   439"
"ACO   440"	"ClG"	"ACO   440"
"ACO   441"	"ClG"	"ACO   441"
"ACO   442"	"ClG"	"ACO   442"
"ACO   443"	"ClG"	"ACO   443"
"ACO   444"	"ClG"	"ACO   444"
"ACO   445"	"ClG"	"ACO   445"
"ACO   446"	"ClG"	"ACO   446"
"ACO   447"	"ClG"	"ACO   447"
"ACO   448"	"ClG"	"ACO   448"
"ACO   449"	"ClG"	"ACO   449"
"ACO   450"	"ClG"	"ACO   450"
"ACO   451"	"ClG"	"ACO   451"
"ACO   452"	"ClG"	"ACO   452"
"ACO   453"	"ClG"	"ACO   453"
"ACO   454"	"ClG"	"ACO   454"
"ACO   455"	"ClG"	"ACO   455"
"ACO   456"	"ClG"	"ACO   456"
"ACO   457"	"ClG"	"ACO   457"
"ACO   458"	"ClG"	"ACO   458"
"ACO   459"	"ClG"	"ACO   459"
"ACO   460"	"ClG"	"ACO   460"
"ACO   461"	"ClG"	"ACO   461"
"ACO   462"	"ClG"	"ACO   462"
"ACO   463"	"ClG"	"ACO   463"
"ACO   464"	"ClG"	"ACO   464"
"ACO   465"	"ClG"	"ACO   465"
"ACO   466"	"ClG"	"ACO   466"
"ACO   467"	"ClG"	"ACO   467"
"ACO   468"	"ClG"	"ACO   468"
"ACO   469"	"ClG"	"ACO   469"
"ACO   470"	"ClG"	"ACO   470"
"ACO   471"	"ClG"	"ACO   471"
"ACO   472"	"ClG"	"ACO   472"
"ACO   473"	"ClG"	"ACO   473"
"ACO   474"	"ClG"	"ACO   474"
"ACO   475"	"ClG"	"ACO   475"
"ACO   476"	"ClG"	"ACO   476"
"ACO   477"	"ClG"	"ACO   477"
"ACO   478"	"ClG"	"ACO   478"
"ACO   479"	"ClG"	"ACO   479"
"ACO   480"	"ClG"	"ACO   480"
"ACO   481"	"ClG"	"ACO   481"
"ACO   482"	"ClG"	"ACO   482"
"ACO   483"	"ClG"	"ACO   483"
"ACO   484"	"ClG"	"ACO   484"
"ACO   485"	"ClG"	"ACO   485"
"ACO   486"	"ClG"	"ACO   486"
"ACO   487"	"ClG"	"ACO   487"
"ACO   488"	"ClG"	"ACO   488"
"ACO   489"	"ClG"	"ACO   489"
"ACO   490"	"ClG"	"ACO   490"
"ACO   491"	"ClG"	"ACO   491"
"ACO   492"	"ClG"	"ACO   492"
"ACO   493"	"ClG"	"ACO   493"
"ACO   494"	"ClG"	"ACO   494"
"ACO   495"	"ClG"	"ACO   495"
"ACO   496"	"ClG"	"ACO   496"
"ACO   497"	"ClG"	"ACO   497"
"ACO   498"	"ClG"	"ACO   498"
"ACO   499"	"ClG"	"ACO   499"
"ACO   500"	"ClG"	"ACO   500"
"ACO   501"	"ClG"	"ACO   501"
"ACO   502"	"ClG"	"ACO   502"
"ACO   503"	"ClG"	"ACO   503"
"ACO   504"	"ClG"	"ACO   504"
"ACO   505"	"ClG"	"ACO   505"
"ACO   506"	"ClG"	"ACO   506"
"ACO   507"	"ClG"	"ACO   507"
"ACO   508"	"ClG"	"ACO   508"
"ACO   509"	"ClG"	"ACO   509"
"ACO   510"	"ClG"	"ACO   510"
"ACO   511"	"ClG"	"ACO   511"
"ACO   512"	"ClG"	"ACO   512"
"ACO   513"	"ClG"	"ACO   513"
"ACO   514"	"ClG"	"ACO   514"
"ACO   515"	"ClG"	"ACO   515"
"ACO   516"	"ClG"	"ACO   516"
"ACO   517"	"ClG"	"ACO   517"
"ACO   518"	"ClG"	"ACO   518"
"ACO   519"	"ClG"	"ACO   519"
"ACO   520"	"ClG"	"ACO   520"
"ACO   521"	"ClG"	"ACO   521"
"ACO   522"	"ClG"	"ACO   522"
"ACO   523"	"ClG"	"ACO   523"
"ACO   524"	"ClG"	"ACO   524"
"ACO   525"	"ClG"	"ACO   525"
"ACO   526"	"ClG"	"ACO   526"
"ACO   527"	"ClG"	"ACO   527"
"ACO   528"	"ClG"	"ACO   528"
"ACO   529"	"ClG"	"ACO   529"
"ACO   530"	"ClG"	"ACO   530"
"ACO   531"	"ClG"	"ACO   531"
"ACO   532"	"ClG"	"ACO   532"
"ACO   533"	"ClG"	"ACO   533"
"ACO   534"	"ClG"	"ACO   534"
"ACO   535"	"ClG"	"ACO   535"
"ACO   536"	"ClG"	"ACO   536"
"ACO   537"	"ClG"	"ACO   537"
"ACO   538"	"ClG"	"ACO   538"
"ACO   539"	"ClG"	"ACO   539"
"ACO   540"	"ClG"	"ACO   540"
"ACO   541"	"ClG"	"ACO   541"
"ACO   542"	"ClG"	"ACO   542"
"ACO   543"	"ClG"	"ACO   543"
"ACO   544"	"ClG"	"ACO   544"
"ACO   545"	"ClG"	"ACO   545"
"ACO   546"	"ClG"	"ACO   546"
"ACO   547"	"ClG"	"ACO   547"
"ACO   548"	"ClG"	"ACO   548"
"ACO   549"	"ClG"	"ACO   549"
"ACO   550"	"ClG"	"ACO   550"
"ACO   551"	"ClG"	"ACO   551"
"ACO   552"	"ClG"	"ACO   552"
"ACO   553"	"ClG"	"ACO   553"
"ACO   554"	"ClG"	"ACO   554"
"ACO   555"	"ClG"	"ACO   555"
"ACO   556"	"ClG"	"ACO   556"
"ACO   557"	"ClG"	"ACO   557"
"ACO   558"	"ClG"	"ACO   558"
"ACO   559"	"ClG"	"ACO   559"
"ACO   560"	"ClG"	"ACO   560"
"ACO   561"	"ClG"	"ACO   561"
"ACO   562"	"ClG"	"ACO   562"
"ACO   563"	"ClG"	"ACO   563"
"ACO   564"	"ClG"	"ACO   564"
"ACO   565"	"ClG"	"ACO   565"
"ACO   566"	"ClG"	"ACO   566"
"ACO   567"	"ClG"	"ACO   567"
"ACO   568"	"ClG"	"ACO   568"
"ACO   569"	"ClG"	"NAME SMAC ACO 569S"
"ACO   569"	"ClG"	"NAME SMAC ACO 0569 S"
"ACO   569"	"ClG"	"NAME SMAC ACO 0569S"
"ACO   569"	"ClG"	"ACO   569"
"ACO   570"	"ClG"	"ACO   570"
"ACO   571"	"ClG"	"ACO   571"
"ACO   572"	"ClG"	"ACO   572"
"ACO   573"	"ClG"	"ACO   573"
"ACO   574"	"ClG"	"ACO   574"
"ACO   575"	"ClG"	"ACO   575"
"ACO   576"	"ClG"	"ACO   576"
"ACO   577"	"ClG"	"ACO   577"
"ACO   578"	"ClG"	"ACO   578"
"ACO   579"	"ClG"	"ACO   579"
"ACO   580"	"ClG"	"ACO   580"
"ACO   581"	"ClG"	"ACO   581"
"ACO   582"	"ClG"	"ACO   582"
"ACO   583"	"ClG"	"ACO   583"
"ACO   584"	"ClG"	"ACO   584"
"ACO   585"	"ClG"	"ACO   585"
"ACO   586"	"ClG"	"ACO   586"
"ACO   587"	"ClG"	"ACO   587"
"ACO   588"	"ClG"	"ACO   588"
"ACO   589"	"ClG"	"ACO   589"
"ACO   590"	"ClG"	"ACO   590"
"ACO   591"	"ClG"	"ACO   591"
"ACO   592"	"ClG"	"ACO   592"
"ACO   593"	"ClG"	"ACO   593"
"ACO   594"	"ClG"	"ACO   594"
"ACO   595"	"ClG"	"ACO   595"
"ACO   596"	"ClG"	"ACO   596"
"ACO   597"	"ClG"	"ACO   597"
"ACO   598"	"ClG"	"ACO   598"
"ACO   599"	"ClG"	"ACO   599"
"ACO   600"	"ClG"	"ACO   600"
"ACO   601"	"ClG"	"ACO   601"
"ACO   602"	"ClG"	"ACO   602"
"ACO   603"	"ClG"	"ACO   603"
"ACO   604"	"ClG"	"ACO   604"
"ACO   605"	"ClG"	"ACO   605"
"ACO   606"	"ClG"	"ACO   606"
"ACO   607"	"ClG"	"ACO   607"
"ACO   608"	"ClG"	"ACO   608"
"ACO   609"	"ClG"	"ACO   609"
"ACO   610"	"ClG"	"ACO   610"
"ACO   611"	"ClG"	"ACO   611"
"ACO   612"	"ClG"	"ACO   612"
"ACO   613"	"ClG"	"ACO   613"
"ACO   614"	"ClG"	"ACO   614"
"ACO   615"	"ClG"	"ACO   615"
"ACO   616"	"ClG"	"ACO   616"
"ACO   617"	"ClG"	"ACO   617"
"ACO   618"	"ClG"	"ACO   618"
"ACO   619"	"ClG"	"ACO   619"
"ACO   620"	"ClG"	"ACO   620"
"ACO   621"	"ClG"	"ACO   621"
"ACO   622"	"ClG"	"ACO   622"
"ACO   623"	"ClG"	"ACO   623"
"ACO   624"	"ClG"	"ACO   624"
"ACO   625"	"ClG"	"ACO   625"
"ACO   626"	"ClG"	"ACO   626"
"ACO   627"	"ClG"	"ACO   627"
"ACO   628"	"ClG"	"ACO   628"
"ACO   629"	"ClG"	"ACO   629"
"ACO   630"	"ClG"	"ACO   630"
"ACO   631"	"ClG"	"ACO   631"
"ACO   632"	"ClG"	"ACO   632"
"ACO   633"	"ClG"	"ACO   633"
"ACO   634"	"ClG"	"ACO   634"
"ACO   635"	"ClG"	"ACO   635"
"ACO   636"	"ClG"	"ACO   636"
"ACO   637"	"ClG"	"ACO   637"
"ACO   638"	"ClG"	"ACO   638"
"ACO   639"	"ClG"	"ACO   639"
"ACO   640"	"ClG"	"ACO   640"
"ACO   641"	"ClG"	"ACO   641"
"ACO   642"	"ClG"	"ACO   642"
"ACO   643"	"ClG"	"ACO   643"
"ACO   644"	"ClG"	"ACO   644"
"ACO   645"	"ClG"	"ACO   645"
"ACO   646"	"ClG"	"ACO   646"
"ACO   647"	"ClG"	"ACO   647"
"ACO   648"	"ClG"	"ACO   648"
"ACO   649"	"ClG"	"ACO   649"
"ACO   650"	"CGG"	"ACO   650"
"ACO   651"	"ClG"	"ACO   651"
"ACO   652"	"ClG"	"ACO   652"
"ACO   653"	"ClG"	"ACO   653"
"ACO   654"	"ClG"	"ACO   654"
"ACO   655"	"ClG"	"ACO   655"
"ACO   656"	"ClG"	"ACO   656"
"ACO   657"	"ClG"	"ACO   657"
"ACO   658"	"ClG"	"ACO   658"
"ACO   659"	"ClG"	"ACO   659"
"ACO   660"	"ClG"	"ACO   660"
"ACO   661"	"ClG"	"ACO   661"
"ACO   662"	"ClG"	"ACO   662"
"ACO   663"	"ClG"	"ACO   663"
"ACO   664"	"ClG"	"ACO   664"
"ACO   665"	"ClG"	"ACO   665"
"ACO   666"	"ClG"	"ACO   666"
"ACO   667"	"ClG"	"ACO   667"
"ACO   668"	"ClG"	"ACO   668"
"ACO   669"	"ClG"	"ACO   669"
"ACO   670"	"ClG"	"ACO   670"
"ACO   671"	"ClG"	"ACO   671"
"ACO   672"	"ClG"	"ACO   672"
"ACO   673"	"ClG"	"ACO   673"
"ACO   674"	"ClG"	"ACO   674"
"ACO   675"	"ClG"	"ACO   675"
"ACO   676"	"ClG"	"ACO   676"
"ACO   677"	"ClG"	"ACO   677"
"ACO   678"	"ClG"	"ACO   678"
"ACO   679"	"ClG"	"ACO   679"
"ACO   680"	"ClG"	"ACO   680"
"ACO   681"	"ClG"	"ACO   681"
"ACO   682"	"ClG"	"ACO   682"
"ACO   683"	"ClG"	"ACO   683"
"ACO   684"	"ClG"	"ACO   684"
"ACO   685"	"ClG"	"ACO   685"
"ACO   686"	"ClG"	"ACO   686"
"ACO   687"	"ClG"	"ACO   687"
"ACO   688"	"ClG"	"ACO   688"
"ACO   689"	"ClG"	"ACO   689"
"ACO   690"	"ClG"	"ACO   690"
"ACO   691"	"ClG"	"ACO   691"
"ACO   692"	"ClG"	"ACO   692"
"ACO   693"	"ClG"	"ACO   693"
"ACO   694"	"ClG"	"ACO   694"
"ACO   695"	"ClG"	"ACO   695"
"ACO   696"	"ClG"	"ACO   696"
"ACO   697"	"ClG"	"ACO   697"
"ACO   698"	"ClG"	"ACO   698"
"ACO   699"	"ClG"	"ACO   699"
"ACO   700"	"ClG"	"ACO   700"
"ACO   701"	"ClG"	"ACO   701"
"ACO   702"	"ClG"	"ACO   702"
"ACO   703"	"ClG"	"ACO   703"
"ACO   704"	"ClG"	"ACO   704"
"ACO   705"	"ClG"	"ACO   705"
"ACO   706"	"ClG"	"ACO   706"
"ACO   707"	"ClG"	"ACO   707"
"ACO   708"	"ClG"	"ACO   708"
"ACO   709"	"ClG"	"ACO   709"
"ACO   710"	"ClG"	"ACO   710"
"ACO   711"	"ClG"	"ACO   711"
"ACO   712"	"ClG"	"ACO   712"
"ACO   713"	"ClG"	"ACO   713"
"ACO   714"	"ClG"	"ACO   714"
"ACO   715"	"ClG"	"ACO   715"
"ACO   716"	"ClG"	"ACO   716"
"ACO   717"	"ClG"	"ACO   717"
"ACO   718"	"ClG"	"ACO   718"
"ACO   719"	"ClG"	"ACO   719"
"ACO   720"	"ClG"	"ACO   720"
"ACO   721"	"ClG"	"ACO   721"
"ACO   722"	"ClG"	"ACO   722"
"ACO   723"	"ClG"	"ACO   723"
"ACO   724"	"ClG"	"ACO   724"
"ACO   725"	"ClG"	"ACO   725"
"ACO   726"	"ClG"	"ACO   726"
"ACO   727"	"ClG"	"ACO   727"
"ACO   728"	"ClG"	"ACO   728"
"ACO   729"	"ClG"	"ACO   729"
"ACO   730"	"ClG"	"ACO   730"
"ACO   731"	"ClG"	"ACO   731"
"ACO   732"	"ClG"	"ACO   732"
"ACO   733"	"ClG"	"ACO   733"
"ACO   734"	"ClG"	"ACO   734"
"ACO   735"	"ClG"	"ACO   735"
"ACO   736"	"ClG"	"ACO   736"
"ACO   737"	"ClG"	"ACO   737"
"ACO   738"	"ClG"	"ACO   738"
"ACO   739"	"ClG"	"ACO   739"
"ACO   740"	"ClG"	"ACO   740"
"ACO   741"	"ClG"	"ACO   741"
"ACO   742"	"ClG"	"ACO   742"
"ACO   743"	"ClG"	"ACO   743"
"ACO   744"	"ClG"	"ACO   744"
"ACO   745"	"ClG"	"ACO   745"
"ACO   746"	"ClG"	"ACO   746"
"ACO   747"	"ClG"	"ACO   747"
"ACO   748"	"ClG"	"ACO   748"
"ACO   749"	"ClG"	"ACO   749"
"ACO   750"	"ClG"	"ACO   750"
"ACO   751"	"ClG"	"ACO   751"
"ACO   752"	"ClG"	"ACO   752"
"ACO   753"	"ClG"	"ACO   753"
"ACO   754"	"ClG"	"ACO   754"
"ACO   755"	"ClG"	"ACO   755"
"ACO   756"	"ClG"	"ACO   756"
"ACO   757"	"ClG"	"ACO   757"
"ACO   758"	"ClG"	"ACO   758"
"ACO   759"	"ClG"	"ACO   759"
"ACO   760"	"ClG"	"ACO   760"
"ACO   761"	"ClG"	"ACO   761"
"ACO   762"	"ClG"	"ACO   762"
"ACO   763"	"ClG"	"ACO   763"
"ACO   764"	"ClG"	"ACO   764"
"ACO   765"	"ClG"	"ACO   765"
"ACO   766"	"ClG"	"ACO   766"
"ACO   767"	"ClG"	"ACO   767"
"ACO   768"	"ClG"	"ACO   768"
"ACO   769"	"ClG"	"ACO   769"
"ACO   770"	"ClG"	"ACO   770"
"ACO   771"	"ClG"	"ACO   771"
"ACO   772"	"ClG"	"ACO   772"
"ACO   773"	"ClG"	"ACO   773"
"ACO   774"	"ClG"	"ACO   774"
"ACO   775"	"ClG"	"ACO   775"
"ACO   776"	"ClG"	"ACO   776"
"ACO   777"	"ClG"	"ACO   777"
"ACO   778"	"ClG"	"ACO   778"
"ACO   779"	"ClG"	"ACO   779"
"ACO   780"	"ClG"	"ACO   780"
"ACO   780"	"ClG"	"NAME Hya A Cluster"
"ACO   780"	"ClG"	"NAME Hydra A Cluster"
"ACO   781"	"ClG"	"ACO   781"
"ACO   782"	"ClG"	"ACO   782"
"ACO   783"	"ClG"	"ACO   783"
"ACO   784"	"ClG"	"ACO   784"
"ACO   785"	"ClG"	"ACO   785"
"ACO   786"	"ClG"	"ACO   786"
"ACO   787"	"ClG"	"ACO   787"
"ACO   788"	"ClG"	"ACO   788"
"ACO   789"	"ClG"	"ACO   789"
"ACO   790"	"ClG"	"ACO   790"
"ACO   791"	"ClG"	"ACO   791"
"ACO   792"	"ClG"	"ACO   792"
"ACO   793"	"ClG"	"ACO   793"
"ACO   794"	"ClG"	"ACO   794"
"ACO   795"	"ClG"	"ACO   795"
"ACO   796"	"ClG"	"ACO   796"
"ACO   797"	"ClG"	"ACO   797"
"ACO   798"	"ClG"	"ACO   798"
"ACO   799"	"ClG"	"ACO   799"
"ACO   800"	"ClG"	"ACO   800"
"ACO   801"	"ClG"	"ACO   801"
"ACO   802"	"ClG"	"ACO   802"
"ACO   803"	"ClG"	"ACO   803"
"ACO   804"	"ClG"	"ACO   804"
"ACO   805"	"ClG"	"ACO   805"
"ACO   806"	"ClG"	"ACO   806"
"ACO   807"	"ClG"	"ACO   807"
"ACO   808"	"ClG"	"ACO   808"
"ACO   809"	"ClG"	"ACO   809"
"ACO   810"	"ClG"	"ACO   810"
"ACO   811"	"ClG"	"ACO   811"
"ACO   812"	"ClG"	"ACO   812"
"ACO   813"	"ClG"	"ACO   813"
"ACO   814"	"ClG"	"ACO   814"
"ACO   815"	"ClG"	"ACO   815"
"ACO   816"	"ClG"	"ACO   816"
"ACO   817"	"ClG"	"ACO   817"
"ACO   818"	"ClG"	"ACO   818"
"ACO   819"	"ClG"	"ACO   819"
"ACO   820"	"ClG"	"ACO   820"
"ACO   821"	"ClG"	"ACO   821"
"ACO   822"	"ClG"	"ACO   822"
"ACO   823"	"ClG"	"ACO   823"
"ACO   824"	"ClG"	"ACO   824"
"ACO   825"	"ClG"	"ACO   825"
"ACO   826"	"ClG"	"ACO   826"
"ACO   827"	"ClG"	"ACO   827"
"ACO   828"	"ClG"	"ACO   828"
"ACO   829"	"ClG"	"ACO   829"
"ACO   830"	"ClG"	"ACO   830"
"ACO   831"	"ClG"	"ACO   831"
"ACO   832"	"ClG"	"ACO   832"
"ACO   833"	"ClG"	"ACO   833"
"ACO   834"	"ClG"	"ACO   834"
"ACO   835"	"ClG"	"ACO   835"
"ACO   836"	"ClG"	"ACO   836"
"ACO   837"	"ClG"	"ACO   837"
"ACO   838"	"ClG"	"ACO   838"
"ACO   839"	"ClG"	"ACO   839"
"ACO   840"	"ClG"	"ACO   840"
"ACO   841"	"ClG"	"ACO   841"
"ACO   842"	"ClG"	"ACO   842"
"ACO   843"	"ClG"	"ACO   843"
"ACO   844"	"ClG"	"ACO   844"
"ACO   845"	"ClG"	"ACO   845"
"ACO   846"	"ClG"	"ACO   846"
"ACO   847"	"ClG"	"ACO   847"
"ACO   848"	"ClG"	"ACO   848"
"ACO   849"	"ClG"	"ACO   849"
"ACO   850"	"ClG"	"ACO   850"
"ACO   851"	"ClG"	"ACO   851"
"ACO   852"	"ClG"	"ACO   852"
"ACO   853"	"ClG"	"ACO   853"
"ACO   854"	"ClG"	"ACO   854"
"ACO   855"	"ClG"	"ACO   855"
"ACO   856"	"ClG"	"ACO   856"
"ACO   857"	"ClG"	"ACO   857"
"ACO   858"	"ClG"	"ACO   858"
"ACO   859"	"ClG"	"ACO   859"
"ACO   860"	"ClG"	"ACO   860"
"ACO   861"	"ClG"	"ACO   861"
"ACO   862"	"ClG"	"ACO   862"
"ACO   863"	"ClG"	"ACO   863"
"ACO   864"	"ClG"	"ACO   864"
"ACO   865"	"ClG"	"ACO   865"
"ACO   866"	"ClG"	"ACO   866"
"ACO   867"	"ClG"	"ACO   867"
"ACO   868"	"ClG"	"ACO   868"
"ACO   869"	"ClG"	"ACO   869"
"ACO   870"	"ClG"	"ACO   870"
"ACO   871"	"ClG"	"ACO   871"
"ACO   872"	"ClG"	"ACO   872"
"ACO   873"	"ClG"	"ACO   873"
"ACO   874"	"ClG"	"ACO   874"
"ACO   875"	"ClG"	"ACO   875"
"ACO   876"	"ClG"	"ACO   876"
"ACO   877"	"ClG"	"ACO   877"
"ACO   878"	"CGG"	"ACO   878"
"ACO   879"	"ClG"	"ACO   879"
"ACO   880"	"ClG"	"ACO   880"
"ACO   881"	"ClG"	"ACO   881"
"ACO   882"	"ClG"	"ACO   882"
"ACO   883"	"ClG"	"ACO   883"
"ACO   884"	"ClG"	"ACO   884"
"ACO   885"	"ClG"	"ACO   885"
"ACO   886"	"ClG"	"ACO   886"
"ACO   887"	"ClG"	"ACO   887"
"ACO   888"	"ClG"	"ACO   888"
"ACO   889"	"ClG"	"ACO   889"
"ACO   890"	"ClG"	"ACO   890"
"ACO   891"	"ClG"	"ACO   891"
"ACO   892"	"ClG"	"ACO   892"
"ACO   893"	"ClG"	"ACO   893"
"ACO   894"	"ClG"	"ACO   894"
"ACO   895"	"ClG"	"ACO   895"
"ACO   896"	"ClG"	"ACO   896"
"ACO   897"	"ClG"	"ACO   897"
"ACO   898"	"ClG"	"ACO   898"
"ACO   899"	"ClG"	"ACO   899"
"ACO   900"	"ClG"	"ACO   900"
"ACO   901"	"ClG"	"ACO   901"
"ACO   902"	"ClG"	"ACO   902"
"ACO   903"	"ClG"	"ACO   903"
"ACO   904"	"ClG"	"ACO   904"
"ACO   905"	"ClG"	"ACO   905"
"ACO   906"	"ClG"	"ACO   906"
"ACO   907"	"ClG"	"ACO   907"
"ACO   908"	"ClG"	"ACO   908"
"ACO   909"	"ClG"	"ACO   909"
"ACO   910"	"ClG"	"ACO   910"
"ACO   911"	"ClG"	"ACO   911"
"ACO   912"	"ClG"	"ACO   912"
"ACO   913"	"ClG"	"ACO   913"
"ACO   914"	"ClG"	"ACO   914"
"ACO   915"	"ClG"	"ACO   915"
"ACO   916"	"ClG"	"ACO   916"
"ACO   917"	"ClG"	"ACO   917"
"ACO   918"	"ClG"	"ACO   918"
"ACO   919"	"ClG"	"ACO   919"
"ACO   920"	"ClG"	"ACO   920"
"ACO   921"	"ClG"	"ACO   921"
"ACO   922"	"ClG"	"ACO   922"
"ACO   923"	"ClG"	"ACO   923"
"ACO   924"	"ClG"	"ACO   924"
"ACO   925"	"ClG"	"ACO   925"
"ACO   926"	"ClG"	"ACO   926"
"ACO   927"	"ClG"	"ACO   927"
"ACO   928"	"ClG"	"ACO   928"
"ACO   929"	"ClG"	"ACO   929"
"ACO   930"	"ClG"	"ACO   930"
"ACO   931"	"ClG"	"ACO   931"
"ACO   932"	"ClG"	"ACO   932"
"ACO   933"	"ClG"	"ACO   933"
"ACO   934"	"ClG"	"ACO   934"
"ACO   935"	"ClG"	"ACO   935"
"ACO   936"	"ClG"	"ACO   936"
"ACO   937"	"ClG"	"ACO   937"
"ACO   938"	"ClG"	"ACO   938"
"ACO   939"	"ClG"	"ACO   939"
"ACO   940"	"ClG"	"ACO   940"
"ACO   941"	"ClG"	"ACO   941"
"ACO   942"	"ClG"	"ACO   942"
"ACO   943"	"ClG"	"ACO   943"
"ACO   944"	"ClG"	"ACO   944"
"ACO   945"	"ClG"	"ACO   945"
"ACO   946"	"ClG"	"ACO   946"
"ACO   947"	"ClG"	"ACO   947"
"ACO   948"	"ClG"	"ACO   948"
"ACO   949"	"ClG"	"ACO   949"
"ACO   950"	"ClG"	"ACO   950"
"ACO   951"	"ClG"	"ACO   951"
"ACO   952"	"ClG"	"ACO   952"
"ACO   953"	"ClG"	"ACO   953"
"ACO   954"	"ClG"	"ACO   954"
"ACO   955"	"ClG"	"ACO   955"
"ACO   956"	"ClG"	"ACO   956"
"ACO   957"	"ClG"	"ACO   957"
"ACO   958"	"ClG"	"ACO   958"
"ACO   959"	"ClG"	"ACO   959"
"ACO   960"	"ClG"	"ACO   960"
"ACO   961"	"ClG"	"ACO   961"
"ACO   962"	"ClG"	"ACO   962"
"ACO   963"	"ClG"	"ACO   963"
"ACO   964"	"ClG"	"ACO   964"
"ACO   965"	"ClG"	"ACO   965"
"ACO   966"	"ClG"	"ACO   966"
"ACO   967"	"ClG"	"ACO   967"
"ACO   968"	"ClG"	"ACO   968"
"ACO   969"	"ClG"	"ACO   969"
"ACO   970"	"ClG"	"ACO   970"
"ACO   971"	"ClG"	"ACO   971"
"ACO   972"	"ClG"	"ACO   972"
"ACO   973"	"ClG"	"ACO   973"
"ACO   974"	"ClG"	"ACO   974"
"ACO   975"	"ClG"	"ACO   975"
"ACO   976"	"ClG"	"ACO   976"
"ACO   977"	"ClG"	"ACO   977"
"ACO   978"	"ClG"	"ACO   978"
"ACO   979"	"ClG"	"ACO   979"
"ACO   980"	"ClG"	"ACO   980"
"ACO   981"	"ClG"	"ACO   981"
"ACO   982"	"ClG"	"ACO   982"
"ACO   983"	"ClG"	"ACO   983"
"ACO   984"	"ClG"	"ACO   984"
"ACO   985"	"ClG"	"ACO   985"
"ACO   986"	"ClG"	"ACO   986"
"ACO   987"	"ClG"	"ACO   987"
"ACO   988"	"ClG"	"ACO   988"
"ACO   989"	"ClG"	"ACO   989"
"ACO   990"	"ClG"	"ACO   990"
"ACO   991"	"ClG"	"ACO   991"
"ACO   992"	"ClG"	"ACO   992"
"ACO   993"	"ClG"	"ACO   993"
"ACO   994"	"ClG"	"ACO   994"
"ACO   995"	"ClG"	"ACO   995"
"ACO   996"	"ClG"	"ACO   996"
"ACO   997"	"ClG"	"ACO   997"
"ACO   998"	"ClG"	"ACO   998"
"ACO   999"	"ClG"	"ACO   999"
"ACO  1000"	"ClG"	"ACO  1000"
"ACO  1001"	"ClG"	"ACO  1001"
"ACO  1002"	"ClG"	"ACO  1002"
"ACO  1003"	"ClG"	"ACO  1003"
"ACO  1004"	"ClG"	"ACO  1004"
"ACO  1005"	"ClG"	"ACO  1005"
"ACO  1006"	"ClG"	"ACO  1006"
"ACO  1007"	"ClG"	"ACO  1007"
"ACO  1008"	"ClG"	"ACO  1008"
"ACO  1009"	"ClG"	"ACO  1009"
"ACO  1010"	"ClG"	"ACO  1010"
"ACO  1011"	"ClG"	"ACO  1011"
"ACO  1012"	"ClG"	"ACO  1012"
"ACO  1013"	"ClG"	"ACO  1013"
"ACO  1014"	"ClG"	"ACO  1014"
"ACO  1015"	"ClG"	"ACO  1015"
"ACO  1016"	"ClG"	"ACO  1016"
"ACO  1017"	"ClG"	"ACO  1017"
"ACO  1018"	"ClG"	"ACO  1018"
"ACO  1019"	"ClG"	"ACO  1019"
"ACO  1020"	"ClG"	"ACO  1020"
"ACO  1021"	"ClG"	"ACO  1021"
"ACO  1022"	"ClG"	"ACO  1022"
"ACO  1023"	"ClG"	"ACO  1023"
"ACO  1024"	"ClG"	"ACO  1024"
"ACO  1025"	"ClG"	"ACO  1025"
"ACO  1026"	"ClG"	"ACO  1026"
"ACO  1027"	"ClG"	"ACO  1027"
"ACO  1028"	"ClG"	"ACO  1028"
"ACO  1029"	"ClG"	"ACO  1029"
"ACO  1030"	"ClG"	"ACO  1030"
"ACO  1031"	"ClG"	"ACO  1031"
"ACO  1032"	"ClG"	"ACO  1032"
"ACO  1033"	"ClG"	"ACO  1033"
"ACO  1034"	"ClG"	"ACO  1034"
"ACO  1035"	"ClG"	"ACO  1035"
"ACO  1036"	"ClG"	"ACO  1036"
"ACO  1037"	"ClG"	"ACO  1037"
"ACO  1038"	"ClG"	"ACO  1038"
"ACO  1039"	"ClG"	"ACO  1039"
"ACO  1040"	"ClG"	"ACO  1040"
"ACO  1041"	"ClG"	"ACO  1041"
"ACO  1042"	"ClG"	"ACO  1042"
"ACO  1043"	"ClG"	"ACO  1043"
"ACO  1044"	"ClG"	"ACO  1044"
"ACO  1045"	"ClG"	"ACO  1045"
"ACO  1046"	"ClG"	"ACO  1046"
"ACO  1047"	"ClG"	"ACO  1047"
"ACO  1048"	"ClG"	"ACO  1048"
"ACO  1049"	"ClG"	"ACO  1049"
"ACO  1050"	"ClG"	"ACO  1050"
"ACO  1050"	"ClG"	"NAME III ZW 10 Group"
"ACO  1051"	"ClG"	"ACO  1051"
"ACO  1052"	"ClG"	"ACO  1052"
"ACO  1053"	"ClG"	"ACO  1053"
"ACO  1054"	"ClG"	"ACO  1054"
"ACO  1055"	"ClG"	"ACO  1055"
"ACO  1056"	"ClG"	"ACO  1056"
"ACO  1057"	"ClG"	"ACO  1057"
"ACO  1058"	"ClG"	"ACO  1058"
"ACO  1059"	"ClG"	"ACO  1059"
"ACO  1060"	"ClG"	"ACO  1060"
"ACO  1060"	"ClG"	"NAME Hya Cluster"
"ACO  1060"	"ClG"	"NAME Hya I Cluster"
"ACO  1060"	"ClG"	"NAME Hydra Cluster"
"ACO  1060"	"ClG"	"NAME Hydra I Cluster"
"ACO  1061"	"ClG"	"ACO  1061"
"ACO  1062"	"ClG"	"ACO  1062"
"ACO  1063"	"ClG"	"ACO  1063"
"ACO  1064"	"ClG"	"ACO  1064"
"ACO  1065"	"ClG"	"ACO  1065"
"ACO  1066"	"ClG"	"ACO  1066"
"ACO  1067"	"ClG"	"ACO  1067"
"ACO  1068"	"ClG"	"ACO  1068"
"ACO  1069"	"ClG"	"ACO  1069"
"ACO  1070"	"ClG"	"ACO  1070"
"ACO  1071"	"ClG"	"ACO  1071"
"ACO  1072"	"ClG"	"ACO  1072"
"ACO  1073"	"ClG"	"ACO  1073"
"ACO  1074"	"ClG"	"ACO  1074"
"ACO  1075"	"ClG"	"ACO  1075"
"ACO  1076"	"ClG"	"ACO  1076"
"ACO  1077"	"ClG"	"ACO  1077"
"ACO  1078"	"ClG"	"ACO  1078"
"ACO  1079"	"ClG"	"ACO  1079"
"ACO  1080"	"ClG"	"ACO  1080"
"ACO  1081"	"ClG"	"ACO  1081"
"ACO  1082"	"ClG"	"ACO  1082"
"ACO  1083"	"ClG"	"ACO  1083"
"ACO  1084"	"ClG"	"ACO  1084"
"ACO  1085"	"ClG"	"ACO  1085"
"ACO  1086"	"ClG"	"ACO  1086"
"ACO  1087"	"ClG"	"ACO  1087"
"ACO  1088"	"ClG"	"ACO  1088"
"ACO  1089"	"ClG"	"ACO  1089"
"ACO  1090"	"ClG"	"ACO  1090"
"ACO  1091"	"ClG"	"ACO  1091"
"ACO  1092"	"ClG"	"ACO  1092"
"ACO  1093"	"ClG"	"ACO  1093"
"ACO  1094"	"ClG"	"ACO  1094"
"ACO  1095"	"ClG"	"ACO  1095"
"ACO  1096"	"ClG"	"ACO  1096"
"ACO  1097"	"ClG"	"ACO  1097"
"ACO  1098"	"ClG"	"ACO  1098"
"ACO  1099"	"ClG"	"ACO  1099"
"ACO  1100"	"ClG"	"ACO  1100"
"ACO  1101"	"ClG"	"ACO  1101"
"ACO  1102"	"ClG"	"ACO  1102"
"ACO  1103"	"ClG"	"ACO  1103"
"ACO  1104"	"ClG"	"ACO  1104"
"ACO  1105"	"ClG"	"ACO  1105"
"ACO  1106"	"ClG"	"ACO  1106"
"ACO  1107"	"ClG"	"ACO  1107"
"ACO  1108"	"ClG"	"ACO  1108"
"ACO  1109"	"ClG"	"ACO  1109"
"ACO  1110"	"ClG"	"ACO  1110"
"ACO  1111"	"ClG"	"ACO  1111"
"ACO  1112"	"ClG"	"ACO  1112"
"ACO  1113"	"ClG"	"ACO  1113"
"ACO  1114"	"ClG"	"ACO  1114"
"ACO  1115"	"ClG"	"ACO  1115"
"ACO  1116"	"ClG"	"ACO  1116"
"ACO  1117"	"ClG"	"ACO  1117"
"ACO  1118"	"ClG"	"ACO  1118"
"ACO  1119"	"ClG"	"ACO  1119"
"ACO  1120"	"ClG"	"ACO  1120"
"ACO  1121"	"ClG"	"ACO  1121"
"ACO  1122"	"ClG"	"ACO  1122"
"ACO  1123"	"ClG"	"ACO  1123"
"ACO  1124"	"ClG"	"ACO  1124"
"ACO  1125"	"ClG"	"ACO  1125"
"ACO  1126"	"ClG"	"ACO  1126"
"ACO  1127"	"ClG"	"ACO  1127"
"ACO  1128"	"ClG"	"ACO  1128"
"ACO  1129"	"ClG"	"ACO  1129"
"ACO  1130"	"ClG"	"ACO  1130"
"ACO  1131"	"ClG"	"ACO  1131"
"ACO  1132"	"ClG"	"ACO  1132"
"ACO  1132"	"ClG"	"NAME UMa II Cluster"
"ACO  1132"	"ClG"	"NAME Ursa Major II Cluster"
"ACO  1133"	"ClG"	"ACO  1133"
"ACO  1134"	"ClG"	"ACO  1134"
"ACO  1135"	"ClG"	"ACO  1135"
"ACO  1136"	"ClG"	"ACO  1136"
"ACO  1137"	"ClG"	"ACO  1137"
"ACO  1138"	"ClG"	"ACO  1138"
"ACO  1139"	"ClG"	"ACO  1139"
"ACO  1140"	"ClG"	"ACO  1140"
"ACO  1141"	"ClG"	"ACO  1141"
"ACO  1142"	"ClG"	"ACO  1142"
"ACO  1143"	"ClG"	"ACO  1143"
"ACO  1144"	"ClG"	"ACO  1144"
"ACO  1145"	"ClG"	"ACO  1145"
"ACO  1146"	"ClG"	"ACO  1146"
"ACO  1147"	"ClG"	"ACO  1147"
"ACO  1148"	"ClG"	"ACO  1148"
"ACO  1149"	"ClG"	"ACO  1149"
"ACO  1150"	"ClG"	"ACO  1150"
"ACO  1151"	"ClG"	"ACO  1151"
"ACO  1152"	"ClG"	"ACO  1152"
"ACO  1153"	"ClG"	"ACO  1153"
"ACO  1154"	"ClG"	"ACO  1154"
"ACO  1155"	"ClG"	"ACO  1155"
"ACO  1156"	"ClG"	"ACO  1156"
"ACO  1157"	"ClG"	"ACO  1157"
"ACO  1158"	"ClG"	"ACO  1158"
"ACO  1159"	"ClG"	"ACO  1159"
"ACO  1160"	"ClG"	"ACO  1160"
"ACO  1161"	"ClG"	"ACO  1161"
"ACO  1162"	"ClG"	"ACO  1162"
"ACO  1163"	"ClG"	"ACO  1163"
"ACO  1164"	"ClG"	"ACO  1164"
"ACO  1165"	"ClG"	"ACO  1165"
"ACO  1166"	"ClG"	"ACO  1166"
"ACO  1167"	"ClG"	"ACO  1167"
"ACO  1168"	"ClG"	"ACO  1168"
"ACO  1169"	"ClG"	"ACO  1169"
"ACO  1170"	"ClG"	"ACO  1170"
"ACO  1171"	"ClG"	"ACO  1171"
"ACO  1172"	"ClG"	"ACO  1172"
"ACO  1173"	"ClG"	"ACO  1173"
"ACO  1174"	"ClG"	"ACO  1174"
"ACO  1175"	"ClG"	"ACO  1175"
"ACO  1176"	"ClG"	"ACO  1176"
"ACO  1177"	"ClG"	"ACO  1177"
"ACO  1178"	"ClG"	"ACO  1178"
"ACO  1179"	"ClG"	"ACO  1179"
"ACO  1180"	"ClG"	"ACO  1180"
"ACO  1181"	"ClG"	"ACO  1181"
"ACO  1182"	"ClG"	"ACO  1182"
"ACO  1183"	"ClG"	"ACO  1183"
"ACO  1184"	"ClG"	"ACO  1184"
"ACO  1185"	"ClG"	"ACO  1185"
"ACO  1186"	"ClG"	"ACO  1186"
"ACO  1187"	"ClG"	"ACO  1187"
"ACO  1188"	"ClG"	"ACO  1188"
"ACO  1189"	"ClG"	"ACO  1189"
"ACO  1190"	"ClG"	"ACO  1190"
"ACO  1191"	"ClG"	"ACO  1191"
"ACO  1192"	"ClG"	"ACO  1192"
"ACO  1193"	"ClG"	"ACO  1193"
"ACO  1194"	"ClG"	"ACO  1194"
"ACO  1195"	"ClG"	"ACO  1195"
"ACO  1196"	"ClG"	"ACO  1196"
"ACO  1197"	"ClG"	"ACO  1197"
"ACO  1198"	"ClG"	"ACO  1198"
"ACO  1199"	"ClG"	"ACO  1199"
"ACO  1200"	"ClG"	"ACO  1200"
"ACO  1201"	"ClG"	"ACO  1201"
"ACO  1202"	"ClG"	"ACO  1202"
"ACO  1203"	"ClG"	"ACO  1203"
"ACO  1204"	"ClG"	"ACO  1204"
"ACO  1205"	"ClG"	"ACO  1205"
"ACO  1206"	"ClG"	"ACO  1206"
"ACO  1207"	"ClG"	"ACO  1207"
"ACO  1208"	"ClG"	"ACO  1208"
"ACO  1209"	"ClG"	"ACO  1209"
"ACO  1210"	"ClG"	"ACO  1210"
"ACO  1211"	"ClG"	"ACO  1211"
"ACO  1212"	"ClG"	"ACO  1212"
"ACO  1213"	"ClG"	"ACO  1213"
"ACO  1214"	"ClG"	"ACO  1214"
"ACO  1215"	"ClG"	"ACO  1215"
"ACO  1216"	"ClG"	"ACO  1216"
"ACO  1217"	"ClG"	"ACO  1217"
"ACO  1218"	"ClG"	"ACO  1218"
"ACO  1219"	"ClG"	"ACO  1219"
"ACO  1220"	"ClG"	"ACO  1220"
"ACO  1221"	"ClG"	"ACO  1221"
"ACO  1222"	"ClG"	"ACO  1222"
"ACO  1223"	"ClG"	"ACO  1223"
"ACO  1224"	"ClG"	"ACO  1224"
"ACO  1225"	"ClG"	"ACO  1225"
"ACO  1226"	"ClG"	"ACO  1226"
"ACO  1227"	"ClG"	"ACO  1227"
"ACO  1228"	"ClG"	"ACO  1228"
"ACO  1229"	"ClG"	"ACO  1229"
"ACO  1230"	"ClG"	"ACO  1230"
"ACO  1231"	"ClG"	"ACO  1231"
"ACO  1232"	"ClG"	"ACO  1232"
"ACO  1233"	"ClG"	"ACO  1233"
"ACO  1234"	"ClG"	"ACO  1234"
"ACO  1235"	"ClG"	"ACO  1235"
"ACO  1236"	"ClG"	"ACO  1236"
"ACO  1237"	"ClG"	"ACO  1237"
"ACO  1238"	"ClG"	"ACO  1238"
"ACO  1239"	"ClG"	"ACO  1239"
"ACO  1240"	"ClG"	"ACO  1240"
"ACO  1241"	"ClG"	"ACO  1241"
"ACO  1242"	"ClG"	"ACO  1242"
"ACO  1243"	"ClG"	"ACO  1243"
"ACO  1244"	"ClG"	"ACO  1244"
"ACO  1245"	"ClG"	"ACO  1245"
"ACO  1246"	"ClG"	"ACO  1246"
"ACO  1247"	"ClG"	"ACO  1247"
"ACO  1248"	"ClG"	"ACO  1248"
"ACO  1249"	"ClG"	"ACO  1249"
"ACO  1250"	"ClG"	"ACO  1250"
"ACO  1251"	"ClG"	"ACO  1251"
"ACO  1252"	"ClG"	"ACO  1252"
"ACO  1253"	"ClG"	"ACO  1253"
"ACO  1254"	"ClG"	"ACO  1254"
"ACO  1255"	"ClG"	"ACO  1255"
"ACO  1256"	"ClG"	"ACO  1256"
"ACO  1257"	"ClG"	"ACO  1257"
"ACO  1258"	"ClG"	"ACO  1258"
"ACO  1259"	"ClG"	"ACO  1259"
"ACO  1260"	"ClG"	"ACO  1260"
"ACO  1261"	"ClG"	"ACO  1261"
"ACO  1262"	"ClG"	"ACO  1262"
"ACO  1263"	"ClG"	"ACO  1263"
"ACO  1264"	"ClG"	"ACO  1264"
"ACO  1265"	"ClG"	"ACO  1265"
"ACO  1266"	"ClG"	"ACO  1266"
"ACO  1267"	"ClG"	"ACO  1267"
"ACO  1268"	"ClG"	"ACO  1268"
"ACO  1269"	"ClG"	"ACO  1269"
"ACO  1270"	"ClG"	"ACO  1270"
"ACO  1271"	"ClG"	"ACO  1271"
"ACO  1272"	"ClG"	"ACO  1272"
"ACO  1273"	"ClG"	"ACO  1273"
"ACO  1274"	"ClG"	"ACO  1274"
"ACO  1275"	"ClG"	"ACO  1275"
"ACO  1276"	"ClG"	"ACO  1276"
"ACO  1277"	"ClG"	"ACO  1277"
"ACO  1278"	"ClG"	"ACO  1278"
"ACO  1279"	"ClG"	"ACO  1279"
"ACO  1280"	"ClG"	"ACO  1280"
"ACO  1281"	"ClG"	"ACO  1281"
"ACO  1282"	"ClG"	"ACO  1282"
"ACO  1283"	"ClG"	"ACO  1283"
"ACO  1284"	"ClG"	"ACO  1284"
"ACO  1285"	"ClG"	"ACO  1285"
"ACO  1286"	"ClG"	"ACO  1286"
"ACO  1287"	"ClG"	"ACO  1287"
"ACO  1288"	"ClG"	"ACO  1288"
"ACO  1289"	"ClG"	"ACO  1289"
"ACO  1290"	"ClG"	"ACO  1290"
"ACO  1291"	"ClG"	"ACO  1291"
"ACO  1292"	"ClG"	"ACO  1292"
"ACO  1293"	"ClG"	"ACO  1293"
"ACO  1294"	"ClG"	"ACO  1294"
"ACO  1295"	"ClG"	"ACO  1295"
"ACO  1296"	"ClG"	"ACO  1296"
"ACO  1297"	"ClG"	"ACO  1297"
"ACO  1298"	"ClG"	"ACO  1298"
"ACO  1299"	"ClG"	"ACO  1299"
"ACO  1300"	"ClG"	"ACO  1300"
"ACO  1301"	"ClG"	"ACO  1301"
"ACO  1302"	"ClG"	"ACO  1302"
"ACO  1303"	"ClG"	"ACO  1303"
"ACO  1304"	"ClG"	"ACO  1304"
"ACO  1305"	"ClG"	"ACO  1305"
"ACO  1306"	"ClG"	"ACO  1306"
"ACO  1307"	"ClG"	"ACO  1307"
"ACO  1308"	"ClG"	"ACO  1308"
"ACO  1309"	"ClG"	"ACO  1309"
"ACO  1310"	"ClG"	"ACO  1310"
"ACO  1311"	"ClG"	"ACO  1311"
"ACO  1312"	"ClG"	"ACO  1312"
"ACO  1313"	"ClG"	"ACO  1313"
"ACO  1314"	"ClG"	"ACO  1314"
"ACO  1315"	"ClG"	"ACO  1315"
"ACO  1316"	"ClG"	"ACO  1316"
"ACO  1317"	"ClG"	"ACO  1317"
"ACO  1318"	"ClG"	"ACO  1318"
"ACO  1319"	"ClG"	"ACO  1319"
"ACO  1320"	"ClG"	"ACO  1320"
"ACO  1321"	"ClG"	"ACO  1321"
"ACO  1322"	"ClG"	"ACO  1322"
"ACO  1323"	"ClG"	"ACO  1323"
"ACO  1324"	"ClG"	"ACO  1324"
"ACO  1325"	"ClG"	"ACO  1325"
"ACO  1326"	"ClG"	"ACO  1326"
"ACO  1327"	"ClG"	"ACO  1327"
"ACO  1328"	"ClG"	"ACO  1328"
"ACO  1329"	"ClG"	"ACO  1329"
"ACO  1330"	"ClG"	"ACO  1330"
"ACO  1331"	"ClG"	"ACO  1331"
"ACO  1332"	"ClG"	"ACO  1332"
"ACO  1333"	"ClG"	"ACO  1333"
"ACO  1334"	"GrG"	"ACO  1334"
"ACO  1335"	"ClG"	"ACO  1335"
"ACO  1336"	"ClG"	"ACO  1336"
"ACO  1337"	"ClG"	"ACO  1337"
"ACO  1338"	"ClG"	"ACO  1338"
"ACO  1339"	"ClG"	"ACO  1339"
"ACO  1340"	"ClG"	"ACO  1340"
"ACO  1341"	"ClG"	"ACO  1341"
"ACO  1342"	"ClG"	"ACO  1342"
"ACO  1343"	"ClG"	"ACO  1343"
"ACO  1344"	"ClG"	"ACO  1344"
"ACO  1345"	"ClG"	"ACO  1345"
"ACO  1346"	"ClG"	"ACO  1346"
"ACO  1347"	"ClG"	"ACO  1347"
"ACO  1348"	"ClG"	"ACO  1348"
"ACO  1349"	"ClG"	"ACO  1349"
"ACO  1350"	"ClG"	"ACO  1350"
"ACO  1351"	"ClG"	"ACO  1351"
"ACO  1352"	"ClG"	"ACO  1352"
"ACO  1353"	"ClG"	"ACO  1353"
"ACO  1354"	"ClG"	"ACO  1354"
"ACO  1355"	"ClG"	"ACO  1355"
"ACO  1356"	"ClG"	"ACO  1356"
"ACO  1357"	"ClG"	"ACO  1357"
"ACO  1358"	"ClG"	"ACO  1358"
"ACO  1359"	"ClG"	"ACO  1359"
"ACO  1360"	"ClG"	"ACO  1360"
"ACO  1361"	"ClG"	"ACO  1361"
"ACO  1362"	"ClG"	"ACO  1362"
"ACO  1363"	"ClG"	"ACO  1363"
"ACO  1364"	"ClG"	"ACO  1364"
"ACO  1365"	"ClG"	"ACO  1365"
"ACO  1366"	"ClG"	"ACO  1366"
"ACO  1367"	"ClG"	"ACO  1367"
"ACO  1368"	"ClG"	"ACO  1368"
"ACO  1369"	"ClG"	"ACO  1369"
"ACO  1370"	"ClG"	"ACO  1370"
"ACO  1371"	"ClG"	"ACO  1371"
"ACO  1372"	"ClG"	"ACO  1372"
"ACO  1373"	"ClG"	"ACO  1373"
"ACO  1374"	"ClG"	"ACO  1374"
"ACO  1375"	"ClG"	"ACO  1375"
"ACO  1376"	"ClG"	"ACO  1376"
"ACO  1377"	"ClG"	"ACO  1377"
"ACO  1378"	"ClG"	"ACO  1378"
"ACO  1379"	"ClG"	"ACO  1379"
"ACO  1380"	"ClG"	"ACO  1380"
"ACO  1381"	"ClG"	"ACO  1381"
"ACO  1382"	"ClG"	"ACO  1382"
"ACO  1383"	"ClG"	"ACO  1383"
"ACO  1384"	"ClG"	"ACO  1384"
"ACO  1385"	"ClG"	"ACO  1385"
"ACO  1386"	"ClG"	"ACO  1386"
"ACO  1387"	"ClG"	"ACO  1387"
"ACO  1388"	"ClG"	"ACO  1388"
"ACO  1389"	"ClG"	"ACO  1389"
"ACO  1390"	"ClG"	"ACO  1390"
"ACO  1391"	"ClG"	"ACO  1391"
"ACO  1392"	"ClG"	"ACO  1392"
"ACO  1393"	"ClG"	"ACO  1393"
"ACO  1394"	"ClG"	"ACO  1394"
"ACO  1395"	"ClG"	"ACO  1395"
"ACO  1396"	"ClG"	"ACO  1396"
"ACO  1397"	"ClG"	"ACO  1397"
"ACO  1398"	"ClG"	"ACO  1398"
"ACO  1399"	"ClG"	"ACO  1399"
"ACO  1400"	"ClG"	"ACO  1400"
"ACO  1401"	"ClG"	"ACO  1401"
"ACO  1402"	"ClG"	"ACO  1402"
"ACO  1403"	"ClG"	"ACO  1403"
"ACO  1404"	"ClG"	"ACO  1404"
"ACO  1405"	"ClG"	"ACO  1405"
"ACO  1406"	"ClG"	"ACO  1406"
"ACO  1407"	"ClG"	"ACO  1407"
"ACO  1408"	"ClG"	"ACO  1408"
"ACO  1409"	"ClG"	"ACO  1409"
"ACO  1410"	"ClG"	"ACO  1410"
"ACO  1411"	"ClG"	"ACO  1411"
"ACO  1412"	"ClG"	"ACO  1412"
"ACO  1413"	"ClG"	"ACO  1413"
"ACO  1414"	"ClG"	"ACO  1414"
"ACO  1415"	"ClG"	"ACO  1415"
"ACO  1416"	"ClG"	"ACO  1416"
"ACO  1417"	"ClG"	"ACO  1417"
"ACO  1418"	"ClG"	"ACO  1418"
"ACO  1419"	"ClG"	"ACO  1419"
"ACO  1420"	"ClG"	"ACO  1420"
"ACO  1421"	"ClG"	"ACO  1421"
"ACO  1422"	"ClG"	"ACO  1422"
"ACO  1423"	"ClG"	"ACO  1423"
"ACO  1424"	"ClG"	"ACO  1424"
"ACO  1425"	"ClG"	"ACO  1425"
"ACO  1426"	"ClG"	"ACO  1426"
"ACO  1427"	"ClG"	"ACO  1427"
"ACO  1428"	"ClG"	"ACO  1428"
"ACO  1429"	"ClG"	"ACO  1429"
"ACO  1430"	"ClG"	"ACO  1430"
"ACO  1431"	"ClG"	"ACO  1431"
"ACO  1432"	"ClG"	"ACO  1432"
"ACO  1433"	"ClG"	"ACO  1433"
"ACO  1434"	"ClG"	"ACO  1434"
"ACO  1435"	"ClG"	"ACO  1435"
"ACO  1436"	"ClG"	"ACO  1436"
"ACO  1437"	"ClG"	"ACO  1437"
"ACO  1438"	"ClG"	"ACO  1438"
"ACO  1439"	"ClG"	"ACO  1439"
"ACO  1440"	"ClG"	"ACO  1440"
"ACO  1441"	"ClG"	"ACO  1441"
"ACO  1442"	"ClG"	"ACO  1442"
"ACO  1443"	"ClG"	"ACO  1443"
"ACO  1444"	"ClG"	"ACO  1444"
"ACO  1445"	"ClG"	"ACO  1445"
"ACO  1446"	"ClG"	"ACO  1446"
"ACO  1447"	"ClG"	"ACO  1447"
"ACO  1448"	"ClG"	"ACO  1448"
"ACO  1449"	"ClG"	"ACO  1449"
"ACO  1450"	"ClG"	"ACO  1450"
"ACO  1451"	"ClG"	"ACO  1451"
"ACO  1452"	"ClG"	"ACO  1452"
"ACO  1453"	"ClG"	"ACO  1453"
"ACO  1454"	"ClG"	"ACO  1454"
"ACO  1455"	"ClG"	"ACO  1455"
"ACO  1456"	"ClG"	"ACO  1456"
"ACO  1457"	"ClG"	"ACO  1457"
"ACO  1458"	"ClG"	"ACO  1458"
"ACO  1459"	"ClG"	"ACO  1459"
"ACO  1460"	"ClG"	"ACO  1460"
"ACO  1461"	"ClG"	"ACO  1461"
"ACO  1462"	"ClG"	"ACO  1462"
"ACO  1463"	"ClG"	"ACO  1463"
"ACO  1464"	"ClG"	"ACO  1464"
"ACO  1465"	"ClG"	"ACO  1465"
"ACO  1466"	"ClG"	"ACO  1466"
"ACO  1467"	"ClG"	"ACO  1467"
"ACO  1468"	"ClG"	"ACO  1468"
"ACO  1469"	"ClG"	"ACO  1469"
"ACO  1470"	"ClG"	"ACO  1470"
"ACO  1471"	"ClG"	"ACO  1471"
"ACO  1472"	"ClG"	"ACO  1472"
"ACO  1473"	"ClG"	"ACO  1473"
"ACO  1474"	"ClG"	"ACO  1474"
"ACO  1475"	"ClG"	"ACO  1475"
"ACO  1476"	"ClG"	"ACO  1476"
"ACO  1477"	"ClG"	"ACO  1477"
"ACO  1478"	"ClG"	"ACO  1478"
"ACO  1479"	"ClG"	"ACO  1479"
"ACO  1480"	"ClG"	"ACO  1480"
"ACO  1481"	"ClG"	"ACO  1481"
"ACO  1482"	"ClG"	"ACO  1482"
"ACO  1483"	"ClG"	"ACO  1483"
"ACO  1484"	"ClG"	"ACO  1484"
"ACO  1485"	"ClG"	"ACO  1485"
"ACO  1486"	"ClG"	"ACO  1486"
"ACO  1487"	"ClG"	"ACO  1487"
"ACO  1488"	"ClG"	"ACO  1488"
"ACO  1489"	"ClG"	"ACO  1489"
"ACO  1490"	"ClG"	"ACO  1490"
"ACO  1491"	"ClG"	"ACO  1491"
"ACO  1492"	"rG"	"ACO  1492"
"ACO  1493"	"ClG"	"ACO  1493"
"ACO  1494"	"ClG"	"ACO  1494"
"ACO  1495"	"ClG"	"ACO  1495"
"ACO  1496"	"ClG"	"ACO  1496"
"ACO  1497"	"ClG"	"ACO  1497"
"ACO  1498"	"ClG"	"ACO  1498"
"ACO  1499"	"ClG"	"ACO  1499"
"ACO  1500"	"ClG"	"ACO  1500"
"ACO  1501"	"ClG"	"ACO  1501"
"ACO  1502"	"ClG"	"ACO  1502"
"ACO  1503"	"ClG"	"ACO  1503"
"ACO  1504"	"ClG"	"ACO  1504"
"ACO  1505"	"ClG"	"ACO  1505"
"ACO  1506"	"ClG"	"ACO  1506"
"ACO  1507"	"ClG"	"ACO  1507"
"ACO  1508"	"ClG"	"ACO  1508"
"ACO  1509"	"ClG"	"ACO  1509"
"ACO  1510"	"ClG"	"ACO  1510"
"ACO  1511"	"ClG"	"ACO  1511"
"ACO  1512"	"ClG"	"ACO  1512"
"ACO  1513"	"ClG"	"ACO  1513"
"ACO  1514"	"ClG"	"ACO  1514"
"ACO  1515"	"ClG"	"ACO  1515"
"ACO  1516"	"ClG"	"ACO  1516"
"ACO  1517"	"ClG"	"ACO  1517"
"ACO  1518"	"ClG"	"ACO  1518"
"ACO  1519"	"ClG"	"ACO  1519"
"ACO  1520"	"ClG"	"ACO  1520"
"ACO  1521"	"ClG"	"ACO  1521"
"ACO  1522"	"ClG"	"ACO  1522"
"ACO  1523"	"ClG"	"ACO  1523"
"ACO  1524"	"ClG"	"ACO  1524"
"ACO  1525"	"ClG"	"ACO  1525"
"ACO  1526"	"ClG"	"ACO  1526"
"ACO  1527"	"ClG"	"ACO  1527"
"ACO  1528"	"ClG"	"ACO  1528"
"ACO  1529"	"ClG"	"ACO  1529"
"ACO  1530"	"ClG"	"ACO  1530"
"ACO  1531"	"ClG"	"ACO  1531"
"ACO  1532"	"ClG"	"ACO  1532"
"ACO  1533"	"ClG"	"ACO  1533"
"ACO  1534"	"ClG"	"ACO  1534"
"ACO  1535"	"ClG"	"ACO  1535"
"ACO  1536"	"ClG"	"ACO  1536"
"ACO  1537"	"ClG"	"ACO  1537"
"ACO  1538"	"ClG"	"ACO  1538"
"ACO  1539"	"ClG"	"ACO  1539"
"ACO  1540"	"ClG"	"ACO  1540"
"ACO  1541"	"ClG"	"ACO  1541"
"ACO  1542"	"ClG"	"ACO  1542"
"ACO  1543"	"ClG"	"ACO  1543"
"ACO  1544"	"ClG"	"ACO  1544"
"ACO  1545"	"ClG"	"ACO  1545"
"ACO  1546"	"ClG"	"ACO  1546"
"ACO  1547"	"ClG"	"ACO  1547"
"ACO  1548"	"ClG"	"ACO  1548"
"ACO  1549"	"ClG"	"ACO  1549"
"ACO  1550"	"ClG"	"ACO  1550"
"ACO  1551"	"ClG"	"ACO  1551"
"ACO  1552"	"ClG"	"ACO  1552"
"ACO  1553"	"ClG"	"ACO  1553"
"ACO  1554"	"ClG"	"ACO  1554"
"ACO  1555"	"ClG"	"ACO  1555"
"ACO  1556"	"ClG"	"ACO  1556"
"ACO  1557"	"ClG"	"ACO  1557"
"ACO  1558"	"ClG"	"ACO  1558"
"ACO  1559"	"ClG"	"ACO  1559"
"ACO  1560"	"ClG"	"ACO  1560"
"ACO  1561"	"ClG"	"ACO  1561"
"ACO  1562"	"ClG"	"ACO  1562"
"ACO  1563"	"ClG"	"ACO  1563"
"ACO  1564"	"ClG"	"ACO  1564"
"ACO  1565"	"ClG"	"ACO  1565"
"ACO  1566"	"ClG"	"ACO  1566"
"ACO  1567"	"ClG"	"ACO  1567"
"ACO  1568"	"ClG"	"ACO  1568"
"ACO  1569"	"ClG"	"ACO  1569"
"ACO  1570"	"ClG"	"ACO  1570"
"ACO  1571"	"ClG"	"ACO  1571"
"ACO  1572"	"ClG"	"ACO  1572"
"ACO  1573"	"ClG"	"ACO  1573"
"ACO  1574"	"ClG"	"ACO  1574"
"ACO  1575"	"ClG"	"ACO  1575"
"ACO  1576"	"ClG"	"ACO  1576"
"ACO  1577"	"ClG"	"ACO  1577"
"ACO  1578"	"ClG"	"ACO  1578"
"ACO  1579"	"ClG"	"ACO  1579"
"ACO  1580"	"ClG"	"ACO  1580"
"ACO  1581"	"ClG"	"ACO  1581"
"ACO  1582"	"ClG"	"ACO  1582"
"ACO  1583"	"ClG"	"ACO  1583"
"ACO  1584"	"ClG"	"ACO  1584"
"ACO  1585"	"ClG"	"ACO  1585"
"ACO  1586"	"ClG"	"ACO  1586"
"ACO  1587"	"ClG"	"ACO  1587"
"ACO  1588"	"ClG"	"ACO  1588"
"ACO  1589"	"ClG"	"ACO  1589"
"ACO  1590"	"ClG"	"ACO  1590"
"ACO  1591"	"ClG"	"ACO  1591"
"ACO  1592"	"ClG"	"ACO  1592"
"ACO  1593"	"ClG"	"ACO  1593"
"ACO  1594"	"ClG"	"ACO  1594"
"ACO  1595"	"ClG"	"ACO  1595"
"ACO  1596"	"ClG"	"ACO  1596"
"ACO  1597"	"ClG"	"ACO  1597"
"ACO  1598"	"ClG"	"ACO  1598"
"ACO  1599"	"ClG"	"ACO  1599"
"ACO  1600"	"ClG"	"ACO  1600"
"ACO  1601"	"ClG"	"ACO  1601"
"ACO  1602"	"ClG"	"ACO  1602"
"ACO  1603"	"ClG"	"ACO  1603"
"ACO  1604"	"ClG"	"ACO  1604"
"ACO  1605"	"ClG"	"ACO  1605"
"ACO  1606"	"ClG"	"ACO  1606"
"ACO  1607"	"ClG"	"ACO  1607"
"ACO  1608"	"ClG"	"ACO  1608"
"ACO  1609"	"ClG"	"ACO  1609"
"ACO  1610"	"ClG"	"ACO  1610"
"ACO  1611"	"ClG"	"ACO  1611"
"ACO  1612"	"ClG"	"ACO  1612"
"ACO  1613"	"ClG"	"ACO  1613"
"ACO  1614"	"ClG"	"ACO  1614"
"ACO  1615"	"ClG"	"ACO  1615"
"ACO  1616"	"ClG"	"ACO  1616"
"ACO  1617"	"ClG"	"ACO  1617"
"ACO  1618"	"ClG"	"ACO  1618"
"ACO  1619"	"ClG"	"ACO  1619"
"ACO  1620"	"ClG"	"ACO  1620"
"ACO  1621"	"ClG"	"ACO  1621"
"ACO  1622"	"ClG"	"ACO  1622"
"ACO  1623"	"ClG"	"ACO  1623"
"ACO  1624"	"ClG"	"ACO  1624"
"ACO  1625"	"ClG"	"ACO  1625"
"ACO  1626"	"ClG"	"ACO  1626"
"ACO  1627"	"ClG"	"ACO  1627"
"ACO  1628"	"ClG"	"ACO  1628"
"ACO  1629"	"ClG"	"ACO  1629"
"ACO  1630"	"ClG"	"ACO  1630"
"ACO  1631"	"ClG"	"ACO  1631"
"ACO  1632"	"ClG"	"ACO  1632"
"ACO  1633"	"ClG"	"ACO  1633"
"ACO  1634"	"ClG"	"ACO  1634"
"ACO  1635"	"ClG"	"ACO  1635"
"ACO  1636"	"ClG"	"ACO  1636"
"ACO  1637"	"ClG"	"ACO  1637"
"ACO  1638"	"ClG"	"ACO  1638"
"ACO  1639"	"ClG"	"ACO  1639"
"ACO  1640"	"ClG"	"ACO  1640"
"ACO  1641"	"ClG"	"ACO  1641"
"ACO  1642"	"ClG"	"ACO  1642"
"ACO  1643"	"ClG"	"ACO  1643"
"ACO  1644"	"ClG"	"ACO  1644"
"ACO  1645"	"ClG"	"ACO  1645"
"ACO  1646"	"ClG"	"ACO  1646"
"ACO  1647"	"ClG"	"ACO  1647"
"ACO  1648"	"ClG"	"ACO  1648"
"ACO  1649"	"ClG"	"ACO  1649"
"ACO  1650"	"ClG"	"ACO  1650"
"ACO  1651"	"ClG"	"ACO  1651"
"ACO  1652"	"ClG"	"ACO  1652"
"ACO  1653"	"ClG"	"ACO  1653"
"ACO  1654"	"ClG"	"ACO  1654"
"ACO  1655"	"ClG"	"ACO  1655"
"ACO  1656"	"ClG"	"ACO  1656"
"ACO  1656"	"ClG"	"NAME Coma Cluster"
"ACO  1657"	"ClG"	"ACO  1657"
"ACO  1658"	"ClG"	"ACO  1658"
"ACO  1659"	"ClG"	"ACO  1659"
"ACO  1660"	"ClG"	"ACO  1660"
"ACO  1661"	"ClG"	"ACO  1661"
"ACO  1662"	"ClG"	"ACO  1662"
"ACO  1663"	"ClG"	"ACO  1663"
"ACO  1664"	"ClG"	"ACO  1664"
"ACO  1665"	"ClG"	"ACO  1665"
"ACO  1666"	"ClG"	"ACO  1666"
"ACO  1667"	"ClG"	"ACO  1667"
"ACO  1668"	"ClG"	"ACO  1668"
"ACO  1669"	"ClG"	"ACO  1669"
"ACO  1670"	"ClG"	"ACO  1670"
"ACO  1671"	"ClG"	"ACO  1671"
"ACO  1672"	"ClG"	"ACO  1672"
"ACO  1673"	"ClG"	"ACO  1673"
"ACO  1674"	"ClG"	"ACO  1674"
"ACO  1675"	"ClG"	"ACO  1675"
"ACO  1676"	"ClG"	"ACO  1676"
"ACO  1677"	"ClG"	"ACO  1677"
"ACO  1678"	"ClG"	"ACO  1678"
"ACO  1679"	"ClG"	"ACO  1679"
"ACO  1680"	"ClG"	"ACO  1680"
"ACO  1681"	"ClG"	"ACO  1681"
"ACO  1682"	"ClG"	"ACO  1682"
"ACO  1683"	"ClG"	"ACO  1683"
"ACO  1684"	"ClG"	"ACO  1684"
"ACO  1685"	"ClG"	"ACO  1685"
"ACO  1686"	"ClG"	"ACO  1686"
"ACO  1687"	"ClG"	"ACO  1687"
"ACO  1688"	"ClG"	"ACO  1688"
"ACO  1689"	"ClG"	"ACO  1689"
"ACO  1690"	"ClG"	"ACO  1690"
"ACO  1691"	"ClG"	"ACO  1691"
"ACO  1692"	"ClG"	"ACO  1692"
"ACO  1693"	"ClG"	"ACO  1693"
"ACO  1694"	"ClG"	"ACO  1694"
"ACO  1695"	"ClG"	"ACO  1695"
"ACO  1696"	"ClG"	"ACO  1696"
"ACO  1697"	"ClG"	"ACO  1697"
"ACO  1698"	"ClG"	"ACO  1698"
"ACO  1699"	"ClG"	"ACO  1699"
"ACO  1700"	"ClG"	"ACO  1700"
"ACO  1701"	"ClG"	"ACO  1701"
"ACO  1702"	"ClG"	"ACO  1702"
"ACO  1703"	"ClG"	"ACO  1703"
"ACO  1704"	"ClG"	"ACO  1704"
"ACO  1705"	"ClG"	"ACO  1705"
"ACO  1706"	"ClG"	"ACO  1706"
"ACO  1707"	"ClG"	"ACO  1707"
"ACO  1708"	"ClG"	"ACO  1708"
"ACO  1709"	"ClG"	"ACO  1709"
"ACO  1710"	"ClG"	"ACO  1710"
"ACO  1711"	"ClG"	"ACO  1711"
"ACO  1712"	"ClG"	"ACO  1712"
"ACO  1713"	"ClG"	"ACO  1713"
"ACO  1714"	"ClG"	"ACO  1714"
"ACO  1715"	"ClG"	"ACO  1715"
"ACO  1716"	"ClG"	"ACO  1716"
"ACO  1717"	"ClG"	"ACO  1717"
"ACO  1718"	"ClG"	"ACO  1718"
"ACO  1719"	"ClG"	"ACO  1719"
"ACO  1720"	"ClG"	"ACO  1720"
"ACO  1721"	"ClG"	"ACO  1721"
"ACO  1722"	"ClG"	"ACO  1722"
"ACO  1723"	"ClG"	"ACO  1723"
"ACO  1724"	"ClG"	"ACO  1724"
"ACO  1725"	"ClG"	"ACO  1725"
"ACO  1726"	"ClG"	"ACO  1726"
"ACO  1727"	"ClG"	"ACO  1727"
"ACO  1728"	"ClG"	"ACO  1728"
"ACO  1729"	"ClG"	"ACO  1729"
"ACO  1730"	"ClG"	"ACO  1730"
"ACO  1731"	"ClG"	"ACO  1731"
"ACO  1732"	"ClG"	"ACO  1732"
"ACO  1733"	"ClG"	"ACO  1733"
"ACO  1734"	"ClG"	"ACO  1734"
"ACO  1735"	"ClG"	"ACO  1735"
"ACO  1736"	"ClG"	"ACO  1736"
"ACO  1737"	"ClG"	"ACO  1737"
"ACO  1738"	"ClG"	"ACO  1738"
"ACO  1739"	"ClG"	"ACO  1739"
"ACO  1740"	"ClG"	"ACO  1740"
"ACO  1741"	"ClG"	"ACO  1741"
"ACO  1742"	"ClG"	"ACO  1742"
"ACO  1743"	"ClG"	"ACO  1743"
"ACO  1744"	"ClG"	"ACO  1744"
"ACO  1745"	"ClG"	"ACO  1745"
"ACO  1746"	"ClG"	"ACO  1746"
"ACO  1747"	"ClG"	"ACO  1747"
"ACO  1748"	"ClG"	"ACO  1748"
"ACO  1749"	"ClG"	"ACO  1749"
"ACO  1750"	"ClG"	"ACO  1750"
"ACO  1750"	"ClG"	"NAME ACO 1750C"
"ACO  1751"	"ClG"	"ACO  1751"
"ACO  1752"	"ClG"	"ACO  1752"
"ACO  1753"	"ClG"	"ACO  1753"
"ACO  1754"	"ClG"	"ACO  1754"
"ACO  1755"	"ClG"	"ACO  1755"
"ACO  1756"	"ClG"	"ACO  1756"
"ACO  1757"	"ClG"	"ACO  1757"
"ACO  1758"	"ClG"	"ACO  1758"
"ACO  1759"	"ClG"	"ACO  1759"
"ACO  1759"	"ClG"	"ACO  1760"
"ACO  1760"	"ClG"	"ACO  1759"
"ACO  1760"	"ClG"	"ACO  1760"
"ACO  1761"	"ClG"	"ACO  1761"
"ACO  1762"	"ClG"	"ACO  1762"
"ACO  1763"	"ClG"	"ACO  1763"
"ACO  1764"	"ClG"	"ACO  1764"
"ACO  1765"	"ClG"	"ACO  1765"
"ACO  1766"	"ClG"	"ACO  1766"
"ACO  1767"	"ClG"	"ACO  1767"
"ACO  1768"	"ClG"	"ACO  1768"
"ACO  1769"	"ClG"	"ACO  1769"
"ACO  1770"	"ClG"	"ACO  1770"
"ACO  1771"	"ClG"	"ACO  1771"
"ACO  1772"	"ClG"	"ACO  1772"
"ACO  1773"	"ClG"	"ACO  1773"
"ACO  1774"	"ClG"	"ACO  1774"
"ACO  1775"	"ClG"	"ACO  1775"
"ACO  1776"	"ClG"	"ACO  1776"
"ACO  1777"	"ClG"	"ACO  1777"
"ACO  1778"	"ClG"	"ACO  1778"
"ACO  1779"	"ClG"	"ACO  1779"
"ACO  1780"	"ClG"	"ACO  1780"
"ACO  1781"	"ClG"	"ACO  1781"
"ACO  1782"	"ClG"	"ACO  1782"
"ACO  1783"	"ClG"	"ACO  1783"
"ACO  1784"	"ClG"	"ACO  1784"
"ACO  1785"	"ClG"	"ACO  1785"
"ACO  1786"	"ClG"	"ACO  1786"
"ACO  1787"	"ClG"	"ACO  1787"
"ACO  1788"	"ClG"	"ACO  1788"
"ACO  1789"	"ClG"	"ACO  1789"
"ACO  1790"	"ClG"	"ACO  1790"
"ACO  1791"	"ClG"	"ACO  1791"
"ACO  1792"	"ClG"	"ACO  1792"
"ACO  1793"	"ClG"	"ACO  1793"
"ACO  1794"	"ClG"	"ACO  1794"
"ACO  1795"	"ClG"	"ACO  1795"
"ACO  1796"	"ClG"	"ACO  1796"
"ACO  1797"	"ClG"	"ACO  1797"
"ACO  1798"	"ClG"	"ACO  1798"
"ACO  1799"	"ClG"	"ACO  1799"
"ACO  1800"	"ClG"	"ACO  1800"
"ACO  1801"	"ClG"	"ACO  1801"
"ACO  1802"	"ClG"	"ACO  1802"
"ACO  1803"	"ClG"	"ACO  1803"
"ACO  1804"	"ClG"	"ACO  1804"
"ACO  1805"	"ClG"	"ACO  1805"
"ACO  1806"	"ClG"	"ACO  1806"
"ACO  1807"	"ClG"	"ACO  1807"
"ACO  1808"	"ClG"	"ACO  1808"
"ACO  1809"	"ClG"	"ACO  1809"
"ACO  1810"	"ClG"	"ACO  1810"
"ACO  1811"	"ClG"	"ACO  1811"
"ACO  1812"	"ClG"	"ACO  1812"
"ACO  1813"	"ClG"	"ACO  1813"
"ACO  1814"	"ClG"	"ACO  1814"
"ACO  1815"	"ClG"	"ACO  1815"
"ACO  1816"	"ClG"	"ACO  1816"
"ACO  1817"	"ClG"	"ACO  1817"
"ACO  1818"	"ClG"	"ACO  1818"
"ACO  1819"	"ClG"	"ACO  1819"
"ACO  1820"	"ClG"	"ACO  1820"
"ACO  1821"	"ClG"	"ACO  1821"
"ACO  1822"	"ClG"	"ACO  1822"
"ACO  1823"	"ClG"	"ACO  1823"
"ACO  1824"	"ClG"	"ACO  1824"
"ACO  1825"	"ClG"	"ACO  1825"
"ACO  1826"	"ClG"	"ACO  1826"
"ACO  1827"	"ClG"	"ACO  1827"
"ACO  1828"	"ClG"	"ACO  1828"
"ACO  1829"	"ClG"	"ACO  1829"
"ACO  1830"	"ClG"	"ACO  1830"
"ACO  1831"	"ClG"	"ACO  1831"
"ACO  1832"	"ClG"	"ACO  1832"
"ACO  1833"	"ClG"	"ACO  1833"
"ACO  1834"	"ClG"	"ACO  1834"
"ACO  1835"	"ClG"	"ACO  1835"
"ACO  1836"	"ClG"	"ACO  1836"
"ACO  1837"	"ClG"	"ACO  1837"
"ACO  1838"	"ClG"	"ACO  1838"
"ACO  1839"	"ClG"	"ACO  1839"
"ACO  1840"	"ClG"	"ACO  1840"
"ACO  1841"	"ClG"	"ACO  1841"
"ACO  1842"	"ClG"	"ACO  1842"
"ACO  1843"	"ClG"	"ACO  1843"
"ACO  1844"	"ClG"	"ACO  1844"
"ACO  1845"	"ClG"	"ACO  1845"
"ACO  1846"	"ClG"	"ACO  1846"
"ACO  1847"	"ClG"	"ACO  1847"
"ACO  1848"	"ClG"	"ACO  1848"
"ACO  1849"	"ClG"	"ACO  1849"
"ACO  1850"	"ClG"	"ACO  1850"
"ACO  1851"	"ClG"	"ACO  1851"
"ACO  1852"	"ClG"	"ACO  1852"
"ACO  1853"	"ClG"	"ACO  1853"
"ACO  1854"	"ClG"	"ACO  1854"
"ACO  1855"	"ClG"	"ACO  1855"
"ACO  1856"	"ClG"	"ACO  1856"
"ACO  1857"	"ClG"	"ACO  1857"
"ACO  1858"	"ClG"	"ACO  1858"
"ACO  1859"	"ClG"	"ACO  1859"
"ACO  1860"	"ClG"	"ACO  1860"
"ACO  1861"	"ClG"	"ACO  1861"
"ACO  1862"	"ClG"	"ACO  1862"
"ACO  1863"	"ClG"	"ACO  1863"
"ACO  1864"	"ClG"	"ACO  1864"
"ACO  1865"	"ClG"	"ACO  1865"
"ACO  1866"	"ClG"	"ACO  1866"
"ACO  1867"	"ClG"	"ACO  1867"
"ACO  1868"	"ClG"	"ACO  1868"
"ACO  1869"	"ClG"	"ACO  1869"
"ACO  1870"	"ClG"	"ACO  1870"
"ACO  1871"	"ClG"	"ACO  1871"
"ACO  1872"	"ClG"	"ACO  1872"
"ACO  1873"	"ClG"	"ACO  1873"
"ACO  1874"	"ClG"	"ACO  1874"
"ACO  1875"	"ClG"	"ACO  1875"
"ACO  1876"	"ClG"	"ACO  1876"
"ACO  1877"	"ClG"	"ACO  1877"
"ACO  1878"	"ClG"	"ACO  1878"
"ACO  1879"	"ClG"	"ACO  1879"
"ACO  1880"	"ClG"	"ACO  1880"
"ACO  1881"	"ClG"	"ACO  1881"
"ACO  1882"	"ClG"	"ACO  1882"
"ACO  1883"	"ClG"	"ACO  1883"
"ACO  1884"	"ClG"	"ACO  1884"
"ACO  1885"	"ClG"	"ACO  1885"
"ACO  1886"	"ClG"	"ACO  1886"
"ACO  1887"	"ClG"	"ACO  1887"
"ACO  1888"	"ClG"	"ACO  1888"
"ACO  1889"	"ClG"	"ACO  1889"
"ACO  1890"	"ClG"	"ACO  1890"
"ACO  1891"	"ClG"	"ACO  1891"
"ACO  1892"	"ClG"	"ACO  1892"
"ACO  1893"	"ClG"	"ACO  1893"
"ACO  1894"	"ClG"	"ACO  1894"
"ACO  1895"	"ClG"	"ACO  1895"
"ACO  1896"	"ClG"	"ACO  1896"
"ACO  1897"	"ClG"	"ACO  1897"
"ACO  1898"	"ClG"	"ACO  1898"
"ACO  1899"	"ClG"	"ACO  1899"
"ACO  1900"	"ClG"	"ACO  1900"
"ACO  1901"	"ClG"	"ACO  1901"
"ACO  1902"	"ClG"	"ACO  1902"
"ACO  1903"	"ClG"	"ACO  1903"
"ACO  1904"	"ClG"	"ACO  1904"
"ACO  1905"	"ClG"	"ACO  1905"
"ACO  1906"	"ClG"	"ACO  1906"
"ACO  1907"	"ClG"	"ACO  1907"
"ACO  1908"	"ClG"	"ACO  1908"
"ACO  1909"	"ClG"	"ACO  1909"
"ACO  1910"	"ClG"	"ACO  1910"
"ACO  1911"	"ClG"	"ACO  1911"
"ACO  1912"	"ClG"	"ACO  1912"
"ACO  1913"	"ClG"	"ACO  1913"
"ACO  1914"	"ClG"	"ACO  1914"
"ACO  1915"	"ClG"	"ACO  1915"
"ACO  1916"	"ClG"	"ACO  1916"
"ACO  1917"	"ClG"	"ACO  1917"
"ACO  1918"	"ClG"	"ACO  1918"
"ACO  1919"	"ClG"	"ACO  1919"
"ACO  1920"	"ClG"	"ACO  1920"
"ACO  1921"	"ClG"	"ACO  1921"
"ACO  1922"	"ClG"	"ACO  1922"
"ACO  1923"	"ClG"	"ACO  1923"
"ACO  1924"	"ClG"	"ACO  1924"
"ACO  1925"	"ClG"	"ACO  1925"
"ACO  1926"	"ClG"	"ACO  1926"
"ACO  1927"	"ClG"	"ACO  1927"
"ACO  1928"	"ClG"	"ACO  1928"
"ACO  1929"	"ClG"	"ACO  1929"
"ACO  1930"	"ClG"	"ACO  1930"
"ACO  1931"	"ClG"	"ACO  1931"
"ACO  1932"	"ClG"	"ACO  1932"
"ACO  1933"	"ClG"	"ACO  1933"
"ACO  1934"	"ClG"	"ACO  1934"
"ACO  1935"	"ClG"	"ACO  1935"
"ACO  1936"	"ClG"	"ACO  1936"
"ACO  1937"	"ClG"	"ACO  1937"
"ACO  1938"	"ClG"	"ACO  1938"
"ACO  1939"	"ClG"	"ACO  1939"
"ACO  1940"	"ClG"	"ACO  1940"
"ACO  1941"	"ClG"	"ACO  1941"
"ACO  1942"	"ClG"	"ACO  1942"
"ACO  1943"	"ClG"	"ACO  1943"
"ACO  1944"	"ClG"	"ACO  1944"
"ACO  1945"	"ClG"	"ACO  1945"
"ACO  1946"	"ClG"	"ACO  1946"
"ACO  1947"	"ClG"	"ACO  1947"
"ACO  1948"	"ClG"	"ACO  1948"
"ACO  1949"	"ClG"	"ACO  1949"
"ACO  1950"	"ClG"	"ACO  1950"
"ACO  1951"	"ClG"	"ACO  1951"
"ACO  1952"	"ClG"	"ACO  1952"
"ACO  1953"	"ClG"	"ACO  1953"
"ACO  1954"	"ClG"	"ACO  1954"
"ACO  1955"	"ClG"	"ACO  1955"
"ACO  1956"	"ClG"	"ACO  1956"
"ACO  1957"	"ClG"	"ACO  1957"
"ACO  1958"	"ClG"	"ACO  1958"
"ACO  1959"	"ClG"	"ACO  1959"
"ACO  1960"	"ClG"	"ACO  1960"
"ACO  1961"	"ClG"	"ACO  1961"
"ACO  1962"	"ClG"	"ACO  1962"
"ACO  1963"	"ClG"	"ACO  1963"
"ACO  1964"	"ClG"	"ACO  1964"
"ACO  1965"	"ClG"	"ACO  1965"
"ACO  1966"	"ClG"	"ACO  1966"
"ACO  1967"	"ClG"	"ACO  1967"
"ACO  1968"	"ClG"	"ACO  1968"
"ACO  1969"	"ClG"	"ACO  1969"
"ACO  1970"	"ClG"	"ACO  1970"
"ACO  1971"	"ClG"	"ACO  1971"
"ACO  1972"	"ClG"	"ACO  1972"
"ACO  1973"	"ClG"	"ACO  1973"
"ACO  1974"	"ClG"	"ACO  1974"
"ACO  1975"	"ClG"	"ACO  1975"
"ACO  1976"	"ClG"	"ACO  1976"
"ACO  1977"	"ClG"	"ACO  1977"
"ACO  1978"	"ClG"	"ACO  1978"
"ACO  1979"	"ClG"	"ACO  1979"
"ACO  1980"	"ClG"	"ACO  1980"
"ACO  1981"	"ClG"	"ACO  1981"
"ACO  1982"	"ClG"	"ACO  1982"
"ACO  1983"	"ClG"	"ACO  1983"
"ACO  1984"	"rG"	"ACO  1984"
"ACO  1985"	"ClG"	"ACO  1985"
"ACO  1986"	"ClG"	"ACO  1986"
"ACO  1987"	"ClG"	"ACO  1987"
"ACO  1988"	"ClG"	"ACO  1988"
"ACO  1989"	"ClG"	"ACO  1989"
"ACO  1990"	"ClG"	"ACO  1990"
"ACO  1991"	"ClG"	"ACO  1991"
"ACO  1992"	"ClG"	"ACO  1992"
"ACO  1993"	"ClG"	"ACO  1993"
"ACO  1994"	"ClG"	"ACO  1994"
"ACO  1995"	"ClG"	"ACO  1995"
"ACO  1996"	"ClG"	"ACO  1996"
"ACO  1997"	"ClG"	"ACO  1997"
"ACO  1998"	"ClG"	"ACO  1998"
"ACO  1999"	"ClG"	"ACO  1999"
"ACO  2000"	"ClG"	"ACO  2000"
"ACO  2001"	"ClG"	"ACO  2001"
"ACO  2002"	"ClG"	"ACO  2002"
"ACO  2003"	"ClG"	"ACO  2003"
"ACO  2004"	"ClG"	"ACO  2004"
"ACO  2005"	"ClG"	"ACO  2005"
"ACO  2006"	"ClG"	"ACO  2006"
"ACO  2007"	"ClG"	"ACO  2007"
"ACO  2008"	"ClG"	"ACO  2008"
"ACO  2009"	"ClG"	"ACO  2009"
"ACO  2010"	"ClG"	"ACO  2010"
"ACO  2011"	"ClG"	"ACO  2011"
"ACO  2012"	"ClG"	"ACO  2012"
"ACO  2013"	"ClG"	"ACO  2013"
"ACO  2014"	"ClG"	"ACO  2014"
"ACO  2015"	"ClG"	"ACO  2015"
"ACO  2016"	"ClG"	"ACO  2016"
"ACO  2017"	"ClG"	"ACO  2017"
"ACO  2018"	"ClG"	"ACO  2018"
"ACO  2019"	"ClG"	"ACO  2019"
"ACO  2020"	"ClG"	"ACO  2020"
"ACO  2021"	"ClG"	"ACO  2021"
"ACO  2022"	"ClG"	"ACO  2022"
"ACO  2023"	"ClG"	"ACO  2023"
"ACO  2024"	"ClG"	"ACO  2024"
"ACO  2025"	"ClG"	"ACO  2025"
"ACO  2026"	"ClG"	"ACO  2026"
"ACO  2027"	"ClG"	"ACO  2027"
"ACO  2028"	"ClG"	"ACO  2028"
"ACO  2029"	"ClG"	"ACO  2029"
"ACO  2030"	"ClG"	"ACO  2030"
"ACO  2031"	"ClG"	"ACO  2031"
"ACO  2032"	"ClG"	"ACO  2032"
"ACO  2033"	"ClG"	"ACO  2033"
"ACO  2034"	"ClG"	"ACO  2034"
"ACO  2035"	"ClG"	"ACO  2035"
"ACO  2036"	"ClG"	"ACO  2036"
"ACO  2037"	"ClG"	"ACO  2037"
"ACO  2038"	"ClG"	"ACO  2038"
"ACO  2039"	"ClG"	"ACO  2039"
"ACO  2040"	"ClG"	"ACO  2040"
"ACO  2041"	"ClG"	"ACO  2041"
"ACO  2042"	"ClG"	"ACO  2042"
"ACO  2043"	"ClG"	"ACO  2043"
"ACO  2044"	"ClG"	"ACO  2044"
"ACO  2045"	"ClG"	"ACO  2045"
"ACO  2046"	"ClG"	"ACO  2046"
"ACO  2047"	"ClG"	"ACO  2047"
"ACO  2048"	"ClG"	"ACO  2048"
"ACO  2049"	"ClG"	"ACO  2049"
"ACO  2050"	"ClG"	"ACO  2050"
"ACO  2051"	"ClG"	"ACO  2051"
"ACO  2052"	"ClG"	"ACO  2052"
"ACO  2053"	"ClG"	"ACO  2053"
"ACO  2054"	"ClG"	"ACO  2054"
"ACO  2055"	"ClG"	"ACO  2055"
"ACO  2056"	"ClG"	"ACO  2056"
"ACO  2057"	"ClG"	"ACO  2057"
"ACO  2058"	"ClG"	"ACO  2058"
"ACO  2059"	"ClG"	"ACO  2059"
"ACO  2060"	"ClG"	"ACO  2060"
"ACO  2061"	"ClG"	"ACO  2061"
"ACO  2062"	"ClG"	"ACO  2062"
"ACO  2063"	"ClG"	"ACO  2063"
"ACO  2064"	"ClG"	"ACO  2064"
"ACO  2065"	"ClG"	"ACO  2065"
"ACO  2065"	"ClG"	"NAME CrB Cluster"
"ACO  2066"	"ClG"	"ACO  2066"
"ACO  2067"	"ClG"	"ACO  2067"
"ACO  2068"	"ClG"	"ACO  2068"
"ACO  2069"	"ClG"	"ACO  2069"
"ACO  2070"	"ClG"	"ACO  2070"
"ACO  2071"	"ClG"	"ACO  2071"
"ACO  2072"	"ClG"	"ACO  2072"
"ACO  2073"	"ClG"	"ACO  2073"
"ACO  2074"	"ClG"	"ACO  2074"
"ACO  2075"	"ClG"	"ACO  2075"
"ACO  2076"	"ClG"	"ACO  2076"
"ACO  2077"	"ClG"	"ACO  2077"
"ACO  2078"	"ClG"	"ACO  2078"
"ACO  2079"	"ClG"	"ACO  2079"
"ACO  2080"	"ClG"	"ACO  2080"
"ACO  2081"	"ClG"	"ACO  2081"
"ACO  2082"	"ClG"	"ACO  2082"
"ACO  2083"	"ClG"	"ACO  2083"
"ACO  2084"	"ClG"	"ACO  2084"
"ACO  2085"	"ClG"	"ACO  2085"
"ACO  2086"	"ClG"	"ACO  2086"
"ACO  2087"	"ClG"	"ACO  2087"
"ACO  2088"	"ClG"	"ACO  2088"
"ACO  2089"	"ClG"	"ACO  2089"
"ACO  2090"	"ClG"	"ACO  2090"
"ACO  2091"	"ClG"	"ACO  2091"
"ACO  2092"	"ClG"	"ACO  2092"
"ACO  2093"	"ClG"	"ACO  2093"
"ACO  2094"	"ClG"	"ACO  2094"
"ACO  2095"	"ClG"	"ACO  2095"
"ACO  2096"	"ClG"	"ACO  2096"
"ACO  2097"	"ClG"	"ACO  2097"
"ACO  2098"	"ClG"	"ACO  2098"
"ACO  2099"	"ClG"	"ACO  2099"
"ACO  2100"	"ClG"	"ACO  2100"
"ACO  2101"	"ClG"	"ACO  2101"
"ACO  2102"	"ClG"	"ACO  2102"
"ACO  2103"	"ClG"	"ACO  2103"
"ACO  2104"	"ClG"	"ACO  2104"
"ACO  2105"	"ClG"	"ACO  2105"
"ACO  2106"	"ClG"	"ACO  2106"
"ACO  2107"	"ClG"	"ACO  2107"
"ACO  2108"	"ClG"	"ACO  2108"
"ACO  2109"	"ClG"	"ACO  2109"
"ACO  2110"	"ClG"	"ACO  2110"
"ACO  2111"	"ClG"	"ACO  2111"
"ACO  2112"	"ClG"	"ACO  2112"
"ACO  2113"	"ClG"	"ACO  2113"
"ACO  2114"	"ClG"	"ACO  2114"
"ACO  2115"	"ClG"	"ACO  2115"
"ACO  2116"	"ClG"	"ACO  2116"
"ACO  2117"	"ClG"	"ACO  2117"
"ACO  2118"	"ClG"	"ACO  2118"
"ACO  2119"	"ClG"	"ACO  2119"
"ACO  2120"	"ClG"	"ACO  2120"
"ACO  2121"	"ClG"	"ACO  2121"
"ACO  2122"	"ClG"	"ACO  2122"
"ACO  2122"	"ClG"	"ACO  2124"
"ACO  2123"	"ClG"	"ACO  2123"
"ACO  2124"	"ClG"	"ACO  2122"
"ACO  2124"	"ClG"	"ACO  2124"
"ACO  2125"	"ClG"	"ACO  2125"
"ACO  2126"	"ClG"	"ACO  2126"
"ACO  2127"	"ClG"	"ACO  2127"
"ACO  2128"	"ClG"	"ACO  2128"
"ACO  2129"	"ClG"	"ACO  2129"
"ACO  2130"	"ClG"	"ACO  2130"
"ACO  2131"	"ClG"	"ACO  2131"
"ACO  2132"	"ClG"	"ACO  2132"
"ACO  2133"	"ClG"	"ACO  2133"
"ACO  2134"	"ClG"	"ACO  2134"
"ACO  2135"	"ClG"	"ACO  2135"
"ACO  2136"	"ClG"	"ACO  2136"
"ACO  2137"	"ClG"	"ACO  2137"
"ACO  2138"	"ClG"	"ACO  2138"
"ACO  2139"	"ClG"	"ACO  2139"
"ACO  2140"	"ClG"	"ACO  2140"
"ACO  2141"	"ClG"	"ACO  2141"
"ACO  2142"	"ClG"	"ACO  2142"
"ACO  2143"	"ClG"	"ACO  2143"
"ACO  2144"	"ClG"	"ACO  2144"
"ACO  2145"	"ClG"	"ACO  2145"
"ACO  2146"	"ClG"	"ACO  2146"
"ACO  2147"	"ClG"	"ACO  2147"
"ACO  2148"	"ClG"	"ACO  2148"
"ACO  2149"	"ClG"	"ACO  2149"
"ACO  2150"	"ClG"	"ACO  2150"
"ACO  2151"	"ClG"	"ACO  2151"
"ACO  2151"	"ClG"	"NAME Her Cluster"
"ACO  2151"	"ClG"	"NAME Hercules Cluster"
"ACO  2152"	"ClG"	"ACO  2152"
"ACO  2153"	"ClG"	"ACO  2153"
"ACO  2154"	"ClG"	"ACO  2154"
"ACO  2155"	"ClG"	"ACO  2155"
"ACO  2156"	"ClG"	"ACO  2156"
"ACO  2157"	"ClG"	"ACO  2157"
"ACO  2158"	"ClG"	"ACO  2158"
"ACO  2159"	"ClG"	"ACO  2159"
"ACO  2160"	"ClG"	"ACO  2160"
"ACO  2161"	"ClG"	"ACO  2161"
"ACO  2162"	"ClG"	"ACO  2162"
"ACO  2163"	"ClG"	"ACO  2163"
"ACO  2164"	"ClG"	"ACO  2164"
"ACO  2165"	"GrG"	"ACO  2165"
"ACO  2166"	"ClG"	"ACO  2166"
"ACO  2167"	"ClG"	"ACO  2167"
"ACO  2168"	"ClG"	"ACO  2168"
"ACO  2169"	"ClG"	"ACO  2169"
"ACO  2170"	"ClG"	"ACO  2170"
"ACO  2171"	"ClG"	"ACO  2171"
"ACO  2172"	"ClG"	"ACO  2172"
"ACO  2173"	"ClG"	"ACO  2173"
"ACO  2174"	"ClG"	"ACO  2174"
"ACO  2175"	"ClG"	"ACO  2175"
"ACO  2176"	"ClG"	"ACO  2176"
"ACO  2177"	"ClG"	"ACO  2177"
"ACO  2178"	"ClG"	"ACO  2178"
"ACO  2179"	"ClG"	"ACO  2179"
"ACO  2180"	"ClG"	"ACO  2180"
"ACO  2181"	"ClG"	"ACO  2181"
"ACO  2182"	"ClG"	"ACO  2182"
"ACO  2183"	"ClG"	"ACO  2183"
"ACO  2184"	"ClG"	"ACO  2184"
"ACO  2185"	"ClG"	"ACO  2185"
"ACO  2186"	"ClG"	"ACO  2186"
"ACO  2187"	"ClG"	"ACO  2187"
"ACO  2188"	"ClG"	"ACO  2188"
"ACO  2189"	"ClG"	"ACO  2189"
"ACO  2190"	"ClG"	"ACO  2190"
"ACO  2191"	"ClG"	"ACO  2191"
"ACO  2192"	"ClG"	"ACO  2192"
"ACO  2193"	"ClG"	"ACO  2193"
"ACO  2194"	"ClG"	"ACO  2194"
"ACO  2195"	"ClG"	"ACO  2195"
"ACO  2196"	"ClG"	"ACO  2196"
"ACO  2197"	"ClG"	"ACO  2197"
"ACO  2198"	"ClG"	"ACO  2198"
"ACO  2199"	"ClG"	"ACO  2199"
"ACO  2200"	"ClG"	"ACO  2200"
"ACO  2201"	"ClG"	"ACO  2201"
"ACO  2202"	"ClG"	"ACO  2202"
"ACO  2203"	"ClG"	"ACO  2203"
"ACO  2204"	"ClG"	"ACO  2204"
"ACO  2205"	"ClG"	"ACO  2205"
"ACO  2206"	"ClG"	"ACO  2206"
"ACO  2207"	"ClG"	"ACO  2207"
"ACO  2208"	"ClG"	"ACO  2208"
"ACO  2209"	"ClG"	"ACO  2209"
"ACO  2210"	"ClG"	"ACO  2210"
"ACO  2211"	"ClG"	"ACO  2211"
"ACO  2212"	"ClG"	"ACO  2212"
"ACO  2213"	"ClG"	"ACO  2213"
"ACO  2214"	"ClG"	"ACO  2214"
"ACO  2215"	"ClG"	"ACO  2215"
"ACO  2216"	"ClG"	"ACO  2216"
"ACO  2217"	"ClG"	"ACO  2217"
"ACO  2218"	"ClG"	"ACO  2218"
"ACO  2219"	"ClG"	"ACO  2219"
"ACO  2220"	"ClG"	"ACO  2220"
"ACO  2221"	"ClG"	"ACO  2221"
"ACO  2222"	"ClG"	"ACO  2222"
"ACO  2223"	"ClG"	"ACO  2223"
"ACO  2224"	"ClG"	"ACO  2224"
"ACO  2225"	"ClG"	"ACO  2225"
"ACO  2226"	"ClG"	"ACO  2226"
"ACO  2227"	"ClG"	"ACO  2227"
"ACO  2228"	"ClG"	"ACO  2228"
"ACO  2229"	"ClG"	"ACO  2229"
"ACO  2230"	"ClG"	"ACO  2230"
"ACO  2231"	"ClG"	"ACO  2231"
"ACO  2232"	"ClG"	"ACO  2232"
"ACO  2233"	"ClG"	"ACO  2233"
"ACO  2234"	"ClG"	"ACO  2234"
"ACO  2235"	"ClG"	"ACO  2235"
"ACO  2236"	"ClG"	"ACO  2236"
"ACO  2237"	"ClG"	"ACO  2237"
"ACO  2238"	"ClG"	"ACO  2238"
"ACO  2239"	"ClG"	"ACO  2239"
"ACO  2240"	"ClG"	"ACO  2240"
"ACO  2241"	"ClG"	"ACO  2241"
"ACO  2242"	"ClG"	"ACO  2242"
"ACO  2243"	"ClG"	"ACO  2243"
"ACO  2244"	"ClG"	"ACO  2244"
"ACO  2245"	"ClG"	"ACO  2245"
"ACO  2246"	"ClG"	"ACO  2246"
"ACO  2247"	"ClG"	"ACO  2247"
"ACO  2248"	"ClG"	"ACO  2248"
"ACO  2249"	"ClG"	"ACO  2249"
"ACO  2250"	"ClG"	"ACO  2250"
"ACO  2251"	"ClG"	"ACO  2251"
"ACO  2252"	"ClG"	"ACO  2252"
"ACO  2253"	"ClG"	"ACO  2253"
"ACO  2254"	"ClG"	"ACO  2254"
"ACO  2255"	"ClG"	"ACO  2255"
"ACO  2256"	"ClG"	"ACO  2256"
"ACO  2257"	"ClG"	"ACO  2257"
"ACO  2258"	"ClG"	"ACO  2258"
"ACO  2259"	"ClG"	"ACO  2259"
"ACO  2260"	"ClG"	"ACO  2260"
"ACO  2261"	"ClG"	"ACO  2261"
"ACO  2262"	"ClG"	"ACO  2262"
"ACO  2263"	"ClG"	"ACO  2263"
"ACO  2264"	"ClG"	"ACO  2264"
"ACO  2265"	"ClG"	"ACO  2265"
"ACO  2266"	"ClG"	"ACO  2266"
"ACO  2267"	"ClG"	"ACO  2267"
"ACO  2268"	"ClG"	"ACO  2268"
"ACO  2269"	"ClG"	"ACO  2269"
"ACO  2270"	"BLL"	"ACO  2270"
"ACO  2271"	"ClG"	"ACO  2271"
"ACO  2272"	"ClG"	"ACO  2272"
"ACO  2273"	"ClG"	"ACO  2273"
"ACO  2274"	"ClG"	"ACO  2274"
"ACO  2275"	"ClG"	"ACO  2275"
"ACO  2276"	"ClG"	"ACO  2276"
"ACO  2277"	"ClG"	"ACO  2277"
"ACO  2278"	"ClG"	"ACO  2278"
"ACO  2279"	"ClG"	"ACO  2279"
"ACO  2280"	"ClG"	"ACO  2280"
"ACO  2281"	"ClG"	"ACO  2281"
"ACO  2282"	"ClG"	"ACO  2282"
"ACO  2283"	"ClG"	"ACO  2283"
"ACO  2284"	"ClG"	"ACO  2284"
"ACO  2285"	"ClG"	"ACO  2285"
"ACO  2286"	"ClG"	"ACO  2286"
"ACO  2287"	"ClG"	"ACO  2287"
"ACO  2288"	"ClG"	"ACO  2288"
"ACO  2289"	"ClG"	"ACO  2289"
"ACO  2290"	"ClG"	"ACO  2290"
"ACO  2291"	"ClG"	"ACO  2291"
"ACO  2292"	"ClG"	"ACO  2292"
"ACO  2293"	"ClG"	"ACO  2293"
"ACO  2294"	"ClG"	"ACO  2294"
"ACO  2295"	"ClG"	"ACO  2295"
"ACO  2296"	"ClG"	"ACO  2296"
"ACO  2297"	"ClG"	"ACO  2297"
"ACO  2298"	"ClG"	"ACO  2298"
"ACO  2299"	"ClG"	"ACO  2299"
"ACO  2300"	"ClG"	"ACO  2300"
"ACO  2301"	"ClG"	"ACO  2301"
"ACO  2302"	"ClG"	"ACO  2302"
"ACO  2303"	"ClG"	"ACO  2303"
"ACO  2304"	"ClG"	"ACO  2304"
"ACO  2305"	"ClG"	"ACO  2305"
"ACO  2306"	"ClG"	"ACO  2306"
"ACO  2307"	"ClG"	"ACO  2307"
"ACO  2308"	"ClG"	"ACO  2308"
"ACO  2309"	"ClG"	"ACO  2309"
"ACO  2310"	"ClG"	"ACO  2310"
"ACO  2311"	"ClG"	"ACO  2311"
"ACO  2312"	"ClG"	"ACO  2312"
"ACO  2313"	"ClG"	"ACO  2313"
"ACO  2314"	"ClG"	"ACO  2314"
"ACO  2315"	"ClG"	"ACO  2315"
"ACO  2316"	"ClG"	"ACO  2316"
"ACO  2317"	"ClG"	"ACO  2317"
"ACO  2318"	"ClG"	"ACO  2318"
"ACO  2319"	"ClG"	"ACO  2319"
"ACO  2320"	"ClG"	"ACO  2320"
"ACO  2321"	"ClG"	"ACO  2321"
"ACO  2322"	"ClG"	"ACO  2322"
"ACO  2323"	"ClG"	"ACO  2323"
"ACO  2324"	"ClG"	"ACO  2324"
"ACO  2325"	"ClG"	"ACO  2325"
"ACO  2326"	"ClG"	"ACO  2326"
"ACO  2327"	"ClG"	"ACO  2327"
"ACO  2328"	"ClG"	"ACO  2328"
"ACO  2329"	"ClG"	"ACO  2329"
"ACO  2330"	"ClG"	"ACO  2330"
"ACO  2331"	"ClG"	"ACO  2331"
"ACO  2332"	"ClG"	"ACO  2332"
"ACO  2333"	"ClG"	"ACO  2333"
"ACO  2334"	"ClG"	"ACO  2334"
"ACO  2335"	"ClG"	"ACO  2335"
"ACO  2336"	"ClG"	"ACO  2336"
"ACO  2337"	"ClG"	"ACO  2337"
"ACO  2338"	"ClG"	"ACO  2338"
"ACO  2339"	"ClG"	"ACO  2339"
"ACO  2340"	"ClG"	"ACO  2340"
"ACO  2341"	"ClG"	"ACO  2341"
"ACO  2342"	"ClG"	"ACO  2342"
"ACO  2343"	"ClG"	"ACO  2343"
"ACO  2344"	"ClG"	"ACO  2344"
"ACO  2345"	"ClG"	"ACO  2345"
"ACO  2345"	"ClG"	"NAME RXC J2127-1209"
"ACO  2346"	"ClG"	"ACO  2346"
"ACO  2347"	"ClG"	"ACO  2347"
"ACO  2348"	"ClG"	"ACO  2348"
"ACO  2349"	"ClG"	"ACO  2349"
"ACO  2350"	"ClG"	"ACO  2350"
"ACO  2351"	"ClG"	"ACO  2351"
"ACO  2352"	"ClG"	"ACO  2352"
"ACO  2353"	"ClG"	"ACO  2353"
"ACO  2354"	"ClG"	"ACO  2354"
"ACO  2355"	"ClG"	"ACO  2355"
"ACO  2356"	"ClG"	"ACO  2356"
"ACO  2357"	"ClG"	"ACO  2357"
"ACO  2358"	"ClG"	"ACO  2358"
"ACO  2359"	"ClG"	"ACO  2359"
"ACO  2360"	"ClG"	"ACO  2360"
"ACO  2361"	"ClG"	"ACO  2361"
"ACO  2362"	"ClG"	"ACO  2362"
"ACO  2363"	"ClG"	"ACO  2363"
"ACO  2364"	"ClG"	"ACO  2364"
"ACO  2365"	"ClG"	"ACO  2365"
"ACO  2366"	"ClG"	"ACO  2366"
"ACO  2367"	"ClG"	"ACO  2367"
"ACO  2368"	"ClG"	"ACO  2368"
"ACO  2369"	"ClG"	"ACO  2369"
"ACO  2370"	"ClG"	"ACO  2370"
"ACO  2371"	"ClG"	"ACO  2371"
"ACO  2372"	"ClG"	"ACO  2372"
"ACO  2373"	"ClG"	"ACO  2373"
"ACO  2374"	"ClG"	"ACO  2374"
"ACO  2375"	"ClG"	"ACO  2375"
"ACO  2376"	"ClG"	"ACO  2376"
"ACO  2377"	"ClG"	"ACO  2377"
"ACO  2378"	"ClG"	"ACO  2378"
"ACO  2379"	"ClG"	"ACO  2379"
"ACO  2380"	"ClG"	"ACO  2380"
"ACO  2381"	"ClG"	"ACO  2381"
"ACO  2382"	"ClG"	"ACO  2382"
"ACO  2383"	"ClG"	"ACO  2383"
"ACO  2384"	"ClG"	"ACO  2384"
"ACO  2385"	"ClG"	"ACO  2385"
"ACO  2386"	"ClG"	"ACO  2386"
"ACO  2387"	"ClG"	"ACO  2387"
"ACO  2388"	"ClG"	"ACO  2388"
"ACO  2389"	"ClG"	"ACO  2389"
"ACO  2390"	"ClG"	"ACO  2390"
"ACO  2391"	"ClG"	"ACO  2391"
"ACO  2392"	"ClG"	"ACO  2392"
"ACO  2393"	"ClG"	"ACO  2393"
"ACO  2394"	"ClG"	"ACO  2394"
"ACO  2395"	"ClG"	"ACO  2395"
"ACO  2396"	"ClG"	"ACO  2396"
"ACO  2397"	"ClG"	"ACO  2397"
"ACO  2398"	"ClG"	"ACO  2398"
"ACO  2399"	"ClG"	"ACO  2399"
"ACO  2400"	"ClG"	"ACO  2400"
"ACO  2401"	"ClG"	"ACO  2401"
"ACO  2402"	"ClG"	"ACO  2402"
"ACO  2403"	"ClG"	"ACO  2403"
"ACO  2404"	"ClG"	"ACO  2404"
"ACO  2405"	"ClG"	"ACO  2405"
"ACO  2406"	"ClG"	"ACO  2406"
"ACO  2407"	"ClG"	"ACO  2407"
"ACO  2408"	"ClG"	"ACO  2408"
"ACO  2409"	"ClG"	"ACO  2409"
"ACO  2410"	"ClG"	"ACO  2410"
"ACO  2411"	"ClG"	"ACO  2411"
"ACO  2412"	"ClG"	"ACO  2412"
"ACO  2413"	"ClG"	"ACO  2413"
"ACO  2414"	"ClG"	"ACO  2414"
"ACO  2415"	"ClG"	"ACO  2415"
"ACO  2416"	"ClG"	"ACO  2416"
"ACO  2417"	"ClG"	"ACO  2417"
"ACO  2418"	"ClG"	"ACO  2418"
"ACO  2419"	"ClG"	"ACO  2419"
"ACO  2420"	"ClG"	"ACO  2420"
"ACO  2421"	"ClG"	"ACO  2421"
"ACO  2422"	"ClG"	"ACO  2422"
"ACO  2423"	"ClG"	"ACO  2423"
"ACO  2424"	"ClG"	"ACO  2424"
"ACO  2425"	"ClG"	"ACO  2425"
"ACO  2426"	"ClG"	"ACO  2426"
"ACO  2427"	"ClG"	"ACO  2427"
"ACO  2428"	"ClG"	"ACO  2428"
"ACO  2429"	"ClG"	"ACO  2429"
"ACO  2430"	"ClG"	"ACO  2430"
"ACO  2431"	"ClG"	"ACO  2431"
"ACO  2432"	"ClG"	"ACO  2432"
"ACO  2433"	"ClG"	"ACO  2433"
"ACO  2434"	"ClG"	"ACO  2434"
"ACO  2435"	"ClG"	"ACO  2435"
"ACO  2436"	"ClG"	"ACO  2436"
"ACO  2437"	"ClG"	"ACO  2437"
"ACO  2438"	"ClG"	"ACO  2438"
"ACO  2439"	"ClG"	"ACO  2439"
"ACO  2440"	"ClG"	"ACO  2440"
"ACO  2441"	"ClG"	"ACO  2441"
"ACO  2442"	"ClG"	"ACO  2442"
"ACO  2443"	"ClG"	"ACO  2443"
"ACO  2444"	"ClG"	"ACO  2444"
"ACO  2445"	"ClG"	"ACO  2445"
"ACO  2446"	"ClG"	"ACO  2446"
"ACO  2447"	"ClG"	"ACO  2447"
"ACO  2448"	"ClG"	"ACO  2448"
"ACO  2449"	"ClG"	"ACO  2449"
"ACO  2450"	"ClG"	"ACO  2450"
"ACO  2451"	"ClG"	"ACO  2451"
"ACO  2452"	"ClG"	"ACO  2452"
"ACO  2453"	"ClG"	"ACO  2453"
"ACO  2454"	"ClG"	"ACO  2454"
"ACO  2455"	"ClG"	"ACO  2455"
"ACO  2456"	"ClG"	"ACO  2456"
"ACO  2457"	"ClG"	"ACO  2457"
"ACO  2458"	"ClG"	"ACO  2458"
"ACO  2459"	"ClG"	"ACO  2459"
"ACO  2460"	"ClG"	"ACO  2460"
"ACO  2461"	"ClG"	"ACO  2461"
"ACO  2462"	"ClG"	"ACO  2462"
"ACO  2462"	"ClG"	"ACO  3897"
"ACO  2463"	"ClG"	"ACO  2463"
"ACO  2464"	"ClG"	"ACO  2464"
"ACO  2465"	"ClG"	"ACO  2465"
"ACO  2466"	"ClG"	"ACO  2466"
"ACO  2467"	"ClG"	"ACO  2467"
"ACO  2468"	"ClG"	"ACO  2468"
"ACO  2469"	"ClG"	"ACO  2469"
"ACO  2470"	"ClG"	"ACO  2470"
"ACO  2471"	"ClG"	"ACO  2471"
"ACO  2472"	"ClG"	"ACO  2472"
"ACO  2473"	"ClG"	"ACO  2473"
"ACO  2474"	"ClG"	"ACO  2474"
"ACO  2475"	"ClG"	"ACO  2475"
"ACO  2476"	"ClG"	"ACO  2476"
"ACO  2477"	"ClG"	"ACO  2477"
"ACO  2478"	"ClG"	"ACO  2478"
"ACO  2479"	"ClG"	"ACO  2479"
"ACO  2480"	"ClG"	"ACO  2480"
"ACO  2481"	"ClG"	"ACO  2481"
"ACO  2482"	"ClG"	"ACO  2482"
"ACO  2483"	"ClG"	"ACO  2483"
"ACO  2484"	"ClG"	"ACO  2484"
"ACO  2485"	"ClG"	"ACO  2485"
"ACO  2486"	"ClG"	"ACO  2486"
"ACO  2487"	"ClG"	"ACO  2487"
"ACO  2488"	"ClG"	"ACO  2488"
"ACO  2489"	"ClG"	"ACO  2489"
"ACO  2490"	"ClG"	"ACO  2490"
"ACO  2491"	"ClG"	"ACO  2491"
"ACO  2492"	"ClG"	"ACO  2492"
"ACO  2493"	"ClG"	"ACO  2493"
"ACO  2494"	"ClG"	"ACO  2494"
"ACO  2495"	"ClG"	"ACO  2495"
"ACO  2496"	"ClG"	"ACO  2496"
"ACO  2497"	"ClG"	"ACO  2497"
"ACO  2498"	"ClG"	"ACO  2498"
"ACO  2499"	"ClG"	"ACO  2499"
"ACO  2500"	"ClG"	"ACO  2500"
"ACO  2501"	"ClG"	"ACO  2501"
"ACO  2502"	"ClG"	"ACO  2502"
"ACO  2503"	"ClG"	"ACO  2503"
"ACO  2504"	"ClG"	"ACO  2504"
"ACO  2505"	"ClG"	"ACO  2505"
"ACO  2506"	"ClG"	"ACO  2506"
"ACO  2507"	"ClG"	"ACO  2507"
"ACO  2508"	"ClG"	"ACO  2508"
"ACO  2509"	"ClG"	"ACO  2509"
"ACO  2510"	"ClG"	"ACO  2510"
"ACO  2511"	"ClG"	"ACO  2511"
"ACO  2512"	"ClG"	"ACO  2512"
"ACO  2513"	"ClG"	"ACO  2513"
"ACO  2514"	"ClG"	"ACO  2514"
"ACO  2515"	"ClG"	"ACO  2515"
"ACO  2516"	"ClG"	"ACO  2516"
"ACO  2517"	"ClG"	"ACO  2517"
"ACO  2518"	"ClG"	"ACO  2518"
"ACO  2519"	"ClG"	"ACO  2519"
"ACO  2520"	"ClG"	"ACO  2520"
"ACO  2521"	"ClG"	"ACO  2521"
"ACO  2522"	"ClG"	"ACO  2522"
"ACO  2523"	"ClG"	"ACO  2523"
"ACO  2524"	"ClG"	"ACO  2524"
"ACO  2525"	"ClG"	"ACO  2525"
"ACO  2526"	"ClG"	"ACO  2526"
"ACO  2527"	"ClG"	"ACO  2527"
"ACO  2528"	"ClG"	"ACO  2528"
"ACO  2529"	"ClG"	"ACO  2529"
"ACO  2530"	"ClG"	"ACO  2530"
"ACO  2531"	"ClG"	"ACO  2531"
"ACO  2532"	"ClG"	"ACO  2532"
"ACO  2533"	"ClG"	"ACO  2533"
"ACO  2534"	"ClG"	"ACO  2534"
"ACO  2535"	"ClG"	"ACO  2535"
"ACO  2536"	"ClG"	"ACO  2536"
"ACO  2537"	"ClG"	"ACO  2537"
"ACO  2538"	"ClG"	"ACO  2538"
"ACO  2539"	"ClG"	"ACO  2539"
"ACO  2540"	"ClG"	"ACO  2540"
"ACO  2541"	"ClG"	"ACO  2541"
"ACO  2542"	"ClG"	"ACO  2542"
"ACO  2543"	"ClG"	"ACO  2543"
"ACO  2544"	"ClG"	"ACO  2544"
"ACO  2545"	"ClG"	"ACO  2545"
"ACO  2546"	"ClG"	"ACO  2546"
"ACO  2547"	"ClG"	"ACO  2547"
"ACO  2548"	"ClG"	"ACO  2548"
"ACO  2549"	"ClG"	"ACO  2549"
"ACO  2550"	"ClG"	"ACO  2550"
"ACO  2551"	"ClG"	"ACO  2551"
"ACO  2552"	"ClG"	"ACO  2552"
"ACO  2553"	"ClG"	"ACO  2553"
"ACO  2554"	"ClG"	"ACO  2554"
"ACO  2555"	"ClG"	"ACO  2555"
"ACO  2556"	"ClG"	"ACO  2556"
"ACO  2557"	"ClG"	"ACO  2557"
"ACO  2558"	"ClG"	"ACO  2558"
"ACO  2559"	"ClG"	"ACO  2559"
"ACO  2560"	"ClG"	"ACO  2560"
"ACO  2561"	"ClG"	"ACO  2561"
"ACO  2562"	"ClG"	"ACO  2562"
"ACO  2563"	"ClG"	"ACO  2563"
"ACO  2564"	"ClG"	"ACO  2564"
"ACO  2565"	"ClG"	"ACO  2565"
"ACO  2566"	"ClG"	"ACO  2566"
"ACO  2567"	"ClG"	"ACO  2567"
"ACO  2568"	"ClG"	"ACO  2568"
"ACO  2569"	"ClG"	"ACO  2569"
"ACO  2570"	"ClG"	"ACO  2570"
"ACO  2571"	"ClG"	"ACO  2571"
"ACO  2572"	"ClG"	"ACO  2572"
"ACO  2573"	"ClG"	"ACO  2573"
"ACO  2574"	"ClG"	"ACO  2574"
"ACO  2575"	"ClG"	"ACO  2575"
"ACO  2576"	"ClG"	"ACO  2576"
"ACO  2577"	"ClG"	"ACO  2577"
"ACO  2578"	"ClG"	"ACO  2578"
"ACO  2579"	"ClG"	"ACO  2579"
"ACO  2580"	"ClG"	"ACO  2580"
"ACO  2581"	"ClG"	"ACO  2581"
"ACO  2582"	"ClG"	"ACO  2582"
"ACO  2583"	"ClG"	"ACO  2583"
"ACO  2584"	"ClG"	"ACO  2584"
"ACO  2585"	"ClG"	"ACO  2585"
"ACO  2586"	"ClG"	"ACO  2586"
"ACO  2587"	"ClG"	"ACO  2587"
"ACO  2588"	"ClG"	"ACO  2588"
"ACO  2589"	"ClG"	"ACO  2589"
"ACO  2590"	"ClG"	"ACO  2590"
"ACO  2591"	"ClG"	"ACO  2591"
"ACO  2592"	"ClG"	"ACO  2592"
"ACO  2593"	"ClG"	"ACO  2593"
"ACO  2594"	"ClG"	"ACO  2594"
"ACO  2595"	"ClG"	"ACO  2595"
"ACO  2596"	"ClG"	"ACO  2596"
"ACO  2597"	"ClG"	"ACO  2597"
"ACO  2598"	"ClG"	"ACO  2598"
"ACO  2599"	"ClG"	"ACO  2599"
"ACO  2600"	"ClG"	"ACO  2600"
"ACO  2601"	"ClG"	"ACO  2601"
"ACO  2602"	"ClG"	"ACO  2602"
"ACO  2603"	"ClG"	"ACO  2603"
"ACO  2604"	"ClG"	"ACO  2604"
"ACO  2605"	"ClG"	"ACO  2605"
"ACO  2606"	"ClG"	"ACO  2606"
"ACO  2607"	"ClG"	"ACO  2607"
"ACO  2608"	"ClG"	"ACO  2608"
"ACO  2609"	"ClG"	"ACO  2609"
"ACO  2610"	"ClG"	"ACO  2610"
"ACO  2611"	"ClG"	"ACO  2611"
"ACO  2612"	"ClG"	"ACO  2612"
"ACO  2613"	"ClG"	"ACO  2613"
"ACO  2614"	"ClG"	"ACO  2614"
"ACO  2615"	"ClG"	"ACO  2615"
"ACO  2616"	"ClG"	"ACO  2616"
"ACO  2617"	"ClG"	"ACO  2617"
"ACO  2618"	"ClG"	"ACO  2618"
"ACO  2619"	"ClG"	"ACO  2619"
"ACO  2620"	"ClG"	"ACO  2620"
"ACO  2621"	"ClG"	"ACO  2621"
"ACO  2622"	"ClG"	"ACO  2622"
"ACO  2623"	"ClG"	"ACO  2623"
"ACO  2624"	"ClG"	"ACO  2624"
"ACO  2625"	"ClG"	"ACO  2625"
"ACO  2626"	"ClG"	"ACO  2626"
"ACO  2627"	"ClG"	"ACO  2627"
"ACO  2628"	"ClG"	"ACO  2628"
"ACO  2629"	"ClG"	"ACO  2629"
"ACO  2630"	"ClG"	"ACO  2630"
"ACO  2631"	"ClG"	"ACO  2631"
"ACO  2632"	"ClG"	"ACO  2632"
"ACO  2633"	"ClG"	"ACO  2633"
"ACO  2634"	"ClG"	"ACO  2634"
"ACO  2635"	"ClG"	"ACO  2635"
"ACO  2636"	"ClG"	"ACO  2636"
"ACO  2637"	"ClG"	"ACO  2637"
"ACO  2638"	"ClG"	"ACO  2638"
"ACO  2639"	"ClG"	"ACO  2639"
"ACO  2640"	"ClG"	"ACO  2640"
"ACO  2641"	"ClG"	"ACO  2641"
"ACO  2642"	"ClG"	"ACO  2642"
"ACO  2643"	"ClG"	"ACO  2643"
"ACO  2644"	"ClG"	"ACO  2644"
"ACO  2645"	"ClG"	"ACO  2645"
"ACO  2646"	"ClG"	"ACO  2646"
"ACO  2647"	"ClG"	"ACO  2647"
"ACO  2648"	"ClG"	"ACO  2648"
"ACO  2649"	"ClG"	"ACO  2649"
"ACO  2650"	"ClG"	"ACO  2650"
"ACO  2651"	"ClG"	"ACO  2651"
"ACO  2652"	"ClG"	"ACO  2652"
"ACO  2653"	"ClG"	"ACO  2653"
"ACO  2654"	"ClG"	"ACO  2654"
"ACO  2655"	"ClG"	"ACO  2655"
"ACO  2656"	"ClG"	"ACO  2656"
"ACO  2657"	"ClG"	"ACO  2657"
"ACO  2658"	"ClG"	"ACO  2658"
"ACO  2659"	"ClG"	"ACO  2659"
"ACO  2660"	"ClG"	"ACO  2660"
"ACO  2661"	"ClG"	"ACO  2661"
"ACO  2662"	"ClG"	"ACO  2662"
"ACO  2663"	"ClG"	"ACO  2663"
"ACO  2664"	"ClG"	"ACO  2664"
"ACO  2665"	"ClG"	"ACO  2665"
"ACO  2666"	"ClG"	"ACO  2666"
"ACO  2667"	"ClG"	"ACO  2667"
"ACO  2668"	"ClG"	"ACO  2668"
"ACO  2669"	"ClG"	"ACO  2669"
"ACO  2670"	"ClG"	"ACO  2670"
"ACO  2671"	"ClG"	"ACO  2671"
"ACO  2672"	"ClG"	"ACO  2672"
"ACO  2673"	"ClG"	"ACO  2673"
"ACO  2674"	"ClG"	"ACO  2674"
"ACO  2675"	"ClG"	"ACO  2675"
"ACO  2676"	"ClG"	"ACO  2676"
"ACO  2677"	"ClG"	"ACO  2677"
"ACO  2678"	"ClG"	"ACO  2678"
"ACO  2679"	"ClG"	"ACO  2679"
"ACO  2680"	"ClG"	"ACO  2680"
"ACO  2681"	"ClG"	"ACO  2681"
"ACO  2682"	"ClG"	"ACO  2682"
"ACO  2683"	"ClG"	"ACO  2683"
"ACO  2684"	"ClG"	"ACO  2684"
"ACO  2685"	"ClG"	"ACO  2685"
"ACO  2686"	"ClG"	"ACO  2686"
"ACO  2687"	"ClG"	"ACO  2687"
"ACO  2688"	"ClG"	"ACO  2688"
"ACO  2689"	"ClG"	"ACO  2689"
"ACO  2690"	"ClG"	"ACO  2690"
"ACO  2691"	"ClG"	"ACO  2691"
"ACO  2692"	"ClG"	"ACO  2692"
"ACO  2693"	"ClG"	"ACO  2693"
"ACO  2694"	"ClG"	"ACO  2694"
"ACO  2695"	"ClG"	"ACO  2695"
"ACO  2696"	"ClG"	"ACO  2696"
"ACO  2697"	"ClG"	"ACO  2697"
"ACO  2698"	"ClG"	"ACO  2698"
"ACO  2699"	"ClG"	"ACO  2699"
"ACO  2700"	"ClG"	"ACO  2700"
"ACO  2701"	"ClG"	"ACO  2701"
"ACO  2702"	"ClG"	"ACO  2702"
"ACO  2703"	"ClG"	"ACO  2703"
"ACO  2704"	"ClG"	"ACO  2704"
"ACO  2705"	"ClG"	"ACO  2705"
"ACO  2706"	"ClG"	"ACO  2706"
"ACO  2707"	"ClG"	"ACO  2707"
"ACO  2708"	"ClG"	"ACO  2708"
"ACO  2709"	"ClG"	"ACO  2709"
"ACO  2710"	"ClG"	"ACO  2710"
"ACO  2711"	"ClG"	"ACO  2711"
"ACO  2712"	"ClG"	"ACO  2712"
"ACO  2713"	"ClG"	"ACO  2713"
"ACO  2714"	"ClG"	"ACO  2714"
"ACO  2715"	"ClG"	"ACO  2715"
"ACO  2716"	"ClG"	"ACO  2716"
"ACO  2717"	"ClG"	"ACO  2717"
"ACO  2718"	"ClG"	"ACO  2718"
"ACO  2719"	"ClG"	"ACO  2719"
"ACO  2720"	"ClG"	"ACO  2720"
"ACO  2721"	"ClG"	"ACO  2721"
"ACO  2722"	"ClG"	"ACO  2722"
"ACO  2723"	"ClG"	"ACO  2723"
"ACO  2724"	"ClG"	"ACO  2724"
"ACO  2725"	"ClG"	"ACO  2725"
"ACO  2726"	"ClG"	"ACO  2726"
"ACO  2727"	"ClG"	"ACO  2727"
"ACO  2728"	"ClG"	"ACO  2728"
"ACO  2729"	"ClG"	"ACO  2729"
"ACO  2730"	"ClG"	"ACO  2730"
"ACO  2731"	"ClG"	"ACO  2731"
"ACO  2732"	"ClG"	"ACO  2732"
"ACO  2733"	"ClG"	"ACO  2733"
"ACO  2734"	"ClG"	"ACO  2734"
"ACO  2735"	"ClG"	"ACO  2735"
"ACO  2736"	"ClG"	"ACO  2736"
"ACO  2737"	"ClG"	"ACO  2737"
"ACO  2738"	"ClG"	"ACO  2738"
"ACO  2739"	"ClG"	"ACO  2739"
"ACO  2740"	"ClG"	"ACO  2740"
"ACO  2741"	"ClG"	"ACO  2741"
"ACO  2742"	"ClG"	"ACO  2742"
"ACO  2743"	"ClG"	"ACO  2743"
"ACO  2744"	"ClG"	"ACO  2744"
"ACO  2745"	"ClG"	"ACO  2745"
"ACO  2746"	"ClG"	"ACO  2746"
"ACO  2747"	"ClG"	"ACO  2747"
"ACO  2748"	"ClG"	"ACO  2748"
"ACO  2749"	"ClG"	"ACO  2749"
"ACO  2750"	"ClG"	"ACO  2750"
"ACO  2751"	"ClG"	"ACO  2751"
"ACO  2752"	"ClG"	"ACO  2752"
"ACO  2753"	"ClG"	"ACO  2753"
"ACO  2754"	"ClG"	"ACO  2754"
"ACO  2755"	"ClG"	"ACO  2755"
"ACO  2756"	"ClG"	"ACO  2756"
"ACO  2757"	"ClG"	"ACO  2757"
"ACO  2758"	"ClG"	"ACO  2758"
"ACO  2759"	"ClG"	"ACO  2759"
"ACO  2760"	"ClG"	"ACO  2760"
"ACO  2761"	"ClG"	"ACO  2761"
"ACO  2762"	"ClG"	"ACO  2762"
"ACO  2763"	"ClG"	"ACO  2763"
"ACO  2764"	"ClG"	"ACO  2764"
"ACO  2765"	"ClG"	"ACO  2765"
"ACO  2766"	"ClG"	"ACO  2766"
"ACO  2767"	"ClG"	"ACO  2767"
"ACO  2768"	"ClG"	"ACO  2768"
"ACO  2769"	"ClG"	"ACO  2769"
"ACO  2770"	"ClG"	"ACO  2770"
"ACO  2771"	"ClG"	"ACO  2771"
"ACO  2772"	"ClG"	"ACO  2772"
"ACO  2773"	"ClG"	"ACO  2773"
"ACO  2774"	"ClG"	"ACO  2774"
"ACO  2775"	"ClG"	"ACO  2775"
"ACO  2776"	"ClG"	"ACO  2776"
"ACO  2777"	"ClG"	"ACO  2777"
"ACO  2778"	"ClG"	"ACO  2778"
"ACO  2779"	"ClG"	"ACO  2779"
"ACO  2780"	"ClG"	"ACO  2780"
"ACO  2781"	"ClG"	"ACO  2781"
"ACO  2782"	"ClG"	"ACO  2782"
"ACO  2783"	"ClG"	"ACO  2783"
"ACO  2784"	"ClG"	"ACO  2784"
"ACO  2785"	"ClG"	"ACO  2785"
"ACO  2786"	"ClG"	"ACO  2786"
"ACO  2787"	"ClG"	"ACO  2787"
"ACO  2788"	"ClG"	"ACO  2788"
"ACO  2789"	"ClG"	"ACO  2789"
"ACO  2790"	"ClG"	"ACO  2790"
"ACO  2791"	"ClG"	"ACO  2791"
"ACO  2792"	"ClG"	"ACO  2792"
"ACO  2793"	"ClG"	"ACO  2793"
"ACO  2794"	"ClG"	"ACO  2794"
"ACO  2795"	"ClG"	"ACO  2795"
"ACO  2796"	"ClG"	"ACO  2796"
"ACO  2797"	"ClG"	"ACO  2797"
"ACO  2798"	"ClG"	"ACO  2798"
"ACO  2799"	"ClG"	"ACO  2799"
"ACO  2800"	"ClG"	"ACO  2800"
"ACO  2801"	"ClG"	"ACO  2801"
"ACO  2802"	"ClG"	"ACO  2802"
"ACO  2803"	"ClG"	"ACO  2803"
"ACO  2804"	"ClG"	"ACO  2804"
"ACO  2805"	"ClG"	"ACO  2805"
"ACO  2806"	"ClG"	"ACO  2806"
"ACO  2807"	"ClG"	"ACO  2807"
"ACO  2808"	"ClG"	"ACO  2808"
"ACO  2809"	"ClG"	"ACO  2809"
"ACO  2810"	"ClG"	"ACO  2810"
"ACO  2811"	"ClG"	"ACO  2811"
"ACO  2812"	"ClG"	"ACO  2812"
"ACO  2813"	"ClG"	"ACO  2813"
"ACO  2814"	"ClG"	"ACO  2814"
"ACO  2815"	"ClG"	"ACO  2815"
"ACO  2816"	"ClG"	"ACO  2816"
"ACO  2817"	"ClG"	"ACO  2817"
"ACO  2818"	"ClG"	"ACO  2818"
"ACO  2819"	"ClG"	"ACO  2819"
"ACO  2820"	"ClG"	"ACO  2820"
"ACO  2821"	"ClG"	"ACO  2821"
"ACO  2822"	"ClG"	"ACO  2822"
"ACO  2823"	"ClG"	"ACO  2823"
"ACO  2824"	"ClG"	"ACO  2824"
"ACO  2825"	"ClG"	"ACO  2825"
"ACO  2826"	"ClG"	"ACO  2826"
"ACO  2827"	"ClG"	"ACO  2827"
"ACO  2828"	"ClG"	"ACO  2828"
"ACO  2829"	"ClG"	"ACO  2829"
"ACO  2830"	"ClG"	"ACO  2830"
"ACO  2831"	"ClG"	"ACO  2831"
"ACO  2832"	"ClG"	"ACO  2832"
"ACO  2833"	"ClG"	"ACO  2833"
"ACO  2834"	"ClG"	"ACO  2834"
"ACO  2835"	"ClG"	"ACO  2835"
"ACO  2836"	"ClG"	"ACO  2836"
"ACO  2837"	"ClG"	"ACO  2837"
"ACO  2838"	"ClG"	"ACO  2838"
"ACO  2839"	"ClG"	"ACO  2839"
"ACO  2840"	"ClG"	"ACO  2840"
"ACO  2841"	"ClG"	"ACO  2841"
"ACO  2842"	"ClG"	"ACO  2842"
"ACO  2843"	"ClG"	"ACO  2843"
"ACO  2844"	"ClG"	"ACO  2844"
"ACO  2845"	"ClG"	"ACO  2845"
"ACO  2846"	"ClG"	"ACO  2846"
"ACO  2847"	"ClG"	"ACO  2847"
"ACO  2848"	"ClG"	"ACO  2848"
"ACO  2849"	"ClG"	"ACO  2849"
"ACO  2850"	"ClG"	"ACO  2850"
"ACO  2851"	"ClG"	"ACO  2851"
"ACO  2852"	"ClG"	"ACO  2852"
"ACO  2853"	"ClG"	"ACO  2853"
"ACO  2854"	"ClG"	"ACO  2854"
"ACO  2855"	"ClG"	"ACO  2855"
"ACO  2856"	"ClG"	"ACO  2856"
"ACO  2857"	"ClG"	"ACO  2857"
"ACO  2858"	"ClG"	"ACO  2858"
"ACO  2859"	"ClG"	"ACO  2859"
"ACO  2860"	"ClG"	"ACO  2860"
"ACO  2861"	"ClG"	"ACO  2861"
"ACO  2862"	"ClG"	"ACO  2862"
"ACO  2863"	"ClG"	"ACO  2863"
"ACO  2864"	"ClG"	"ACO  2864"
"ACO  2865"	"ClG"	"ACO  2865"
"ACO  2866"	"ClG"	"ACO  2866"
"ACO  2867"	"ClG"	"ACO  2867"
"ACO  2868"	"ClG"	"ACO  2868"
"ACO  2869"	"ClG"	"ACO  2869"
"ACO  2870"	"ClG"	"ACO  2870"
"ACO  2871"	"ClG"	"ACO  2871"
"ACO  2872"	"ClG"	"ACO  2872"
"ACO  2873"	"ClG"	"ACO  2873"
"ACO  2874"	"ClG"	"ACO  2874"
"ACO  2875"	"ClG"	"ACO  2875"
"ACO  2876"	"ClG"	"ACO  2876"
"ACO  2877"	"ClG"	"ACO  2877"
"ACO  2878"	"ClG"	"ACO  2878"
"ACO  2879"	"ClG"	"ACO  2879"
"ACO  2880"	"ClG"	"ACO  2880"
"ACO  2881"	"ClG"	"ACO  2881"
"ACO  2882"	"ClG"	"ACO  2882"
"ACO  2883"	"ClG"	"ACO  2883"
"ACO  2884"	"ClG"	"ACO  2884"
"ACO  2885"	"ClG"	"ACO  2885"
"ACO  2886"	"ClG"	"ACO  2886"
"ACO  2887"	"ClG"	"ACO  2887"
"ACO  2888"	"ClG"	"ACO  2888"
"ACO  2889"	"ClG"	"ACO  2889"
"ACO  2890"	"ClG"	"ACO  2890"
"ACO  2891"	"ClG"	"ACO  2891"
"ACO  2892"	"ClG"	"ACO  2892"
"ACO  2893"	"ClG"	"ACO  2893"
"ACO  2894"	"ClG"	"ACO  2894"
"ACO  2895"	"ClG"	"ACO  2895"
"ACO  2896"	"ClG"	"ACO  2896"
"ACO  2897"	"ClG"	"ACO  2897"
"ACO  2898"	"ClG"	"ACO  2898"
"ACO  2899"	"ClG"	"ACO  2899"
"ACO  2900"	"ClG"	"ACO  2900"
"ACO  2901"	"ClG"	"ACO  2901"
"ACO  2902"	"ClG"	"ACO  2902"
"ACO  2903"	"ClG"	"ACO  2903"
"ACO  2904"	"ClG"	"ACO  2904"
"ACO  2905"	"ClG"	"ACO  2905"
"ACO  2906"	"ClG"	"ACO  2906"
"ACO  2907"	"ClG"	"ACO  2907"
"ACO  2908"	"ClG"	"ACO  2908"
"ACO  2909"	"ClG"	"ACO  2909"
"ACO  2910"	"ClG"	"ACO  2910"
"ACO  2911"	"ClG"	"ACO  2911"
"ACO  2912"	"ClG"	"ACO  2912"
"ACO  2913"	"ClG"	"ACO  2913"
"ACO  2914"	"ClG"	"ACO  2914"
"ACO  2915"	"ClG"	"ACO  2915"
"ACO  2916"	"ClG"	"ACO  2916"
"ACO  2917"	"ClG"	"ACO  2917"
"ACO  2918"	"ClG"	"ACO  2918"
"ACO  2919"	"ClG"	"ACO  2919"
"ACO  2920"	"ClG"	"ACO  2920"
"ACO  2921"	"ClG"	"ACO  2921"
"ACO  2922"	"ClG"	"ACO  2922"
"ACO  2923"	"ClG"	"ACO  2923"
"ACO  2924"	"ClG"	"ACO  2924"
"ACO  2925"	"ClG"	"ACO  2925"
"ACO  2926"	"ClG"	"ACO  2926"
"ACO  2927"	"ClG"	"ACO  2927"
"ACO  2928"	"ClG"	"ACO  2928"
"ACO  2929"	"ClG"	"ACO  2929"
"ACO  2930"	"ClG"	"ACO  2930"
"ACO  2931"	"ClG"	"ACO  2931"
"ACO  2932"	"ClG"	"ACO  2932"
"ACO  2933"	"ClG"	"ACO  2933"
"ACO  2934"	"ClG"	"ACO  2934"
"ACO  2935"	"ClG"	"ACO  2935"
"ACO  2936"	"ClG"	"ACO  2936"
"ACO  2937"	"ClG"	"ACO  2937"
"ACO  2938"	"ClG"	"ACO  2938"
"ACO  2939"	"ClG"	"ACO  2939"
"ACO  2940"	"ClG"	"ACO  2940"
"ACO  2941"	"ClG"	"ACO  2941"
"ACO  2942"	"ClG"	"ACO  2942"
"ACO  2943"	"ClG"	"ACO  2943"
"ACO  2944"	"ClG"	"ACO  2944"
"ACO  2945"	"ClG"	"ACO  2945"
"ACO  2946"	"ClG"	"ACO  2946"
"ACO  2947"	"ClG"	"ACO  2947"
"ACO  2948"	"ClG"	"ACO  2948"
"ACO  2949"	"ClG"	"ACO  2949"
"ACO  2950"	"ClG"	"ACO  2950"
"ACO  2951"	"ClG"	"ACO  2951"
"ACO  2952"	"ClG"	"ACO  2952"
"ACO  2953"	"ClG"	"ACO  2953"
"ACO  2954"	"ClG"	"ACO  2954"
"ACO  2955"	"ClG"	"ACO  2955"
"ACO  2956"	"ClG"	"ACO  2956"
"ACO  2957"	"ClG"	"ACO  2957"
"ACO  2958"	"ClG"	"ACO  2958"
"ACO  2959"	"ClG"	"ACO  2959"
"ACO  2960"	"ClG"	"ACO  2960"
"ACO  2961"	"ClG"	"ACO  2961"
"ACO  2962"	"ClG"	"ACO  2962"
"ACO  2963"	"ClG"	"ACO  2963"
"ACO  2964"	"ClG"	"ACO  2964"
"ACO  2965"	"ClG"	"ACO  2965"
"ACO  2966"	"ClG"	"ACO  2966"
"ACO  2967"	"ClG"	"ACO  2967"
"ACO  2968"	"ClG"	"ACO  2968"
"ACO  2969"	"ClG"	"ACO  2969"
"ACO  2970"	"ClG"	"ACO  2970"
"ACO  2971"	"ClG"	"ACO  2971"
"ACO  2972"	"ClG"	"ACO  2972"
"ACO  2973"	"ClG"	"ACO  2973"
"ACO  2974"	"ClG"	"ACO  2974"
"ACO  2975"	"ClG"	"ACO  2975"
"ACO  2976"	"ClG"	"ACO  2976"
"ACO  2977"	"ClG"	"ACO  2977"
"ACO  2978"	"ClG"	"ACO  2978"
"ACO  2979"	"ClG"	"ACO  2979"
"ACO  2980"	"ClG"	"ACO  2980"
"ACO  2981"	"ClG"	"ACO  2981"
"ACO  2982"	"ClG"	"ACO  2982"
"ACO  2983"	"ClG"	"ACO  2983"
"ACO  2984"	"ClG"	"ACO  2984"
"ACO  2985"	"ClG"	"ACO  2985"
"ACO  2986"	"ClG"	"ACO  2986"
"ACO  2987"	"ClG"	"ACO  2987"
"ACO  2988"	"ClG"	"ACO  2988"
"ACO  2989"	"ClG"	"ACO  2989"
"ACO  2990"	"ClG"	"ACO  2990"
"ACO  2991"	"ClG"	"ACO  2991"
"ACO  2992"	"ClG"	"ACO  2992"
"ACO  2993"	"ClG"	"ACO  2993"
"ACO  2994"	"ClG"	"ACO  2994"
"ACO  2995"	"ClG"	"ACO  2995"
"ACO  2996"	"ClG"	"ACO  2996"
"ACO  2997"	"ClG"	"ACO  2997"
"ACO  2998"	"ClG"	"ACO  2998"
"ACO  2999"	"ClG"	"ACO  2999"
"ACO  3000"	"ClG"	"ACO  3000"
"ACO  3001"	"ClG"	"ACO  3001"
"ACO  3002"	"ClG"	"ACO  3002"
"ACO  3003"	"ClG"	"ACO  3003"
"ACO  3004"	"ClG"	"ACO  3004"
"ACO  3005"	"ClG"	"ACO  3005"
"ACO  3006"	"ClG"	"ACO  3006"
"ACO  3007"	"ClG"	"ACO  3007"
"ACO  3008"	"ClG"	"ACO  3008"
"ACO  3009"	"ClG"	"ACO  3009"
"ACO  3010"	"ClG"	"ACO  3010"
"ACO  3011"	"ClG"	"ACO  3011"
"ACO  3012"	"ClG"	"ACO  3012"
"ACO  3013"	"ClG"	"ACO  3013"
"ACO  3014"	"ClG"	"ACO  3014"
"ACO  3015"	"ClG"	"ACO  3015"
"ACO  3016"	"ClG"	"ACO  3016"
"ACO  3017"	"ClG"	"ACO  3017"
"ACO  3018"	"ClG"	"ACO  3018"
"ACO  3019"	"ClG"	"ACO  3019"
"ACO  3020"	"ClG"	"ACO  3020"
"ACO  3021"	"ClG"	"ACO  3021"
"ACO  3022"	"ClG"	"ACO  3022"
"ACO  3023"	"ClG"	"ACO  3023"
"ACO  3024"	"ClG"	"ACO  3024"
"ACO  3025"	"ClG"	"ACO  3025"
"ACO  3026"	"ClG"	"ACO  3026"
"ACO  3027"	"ClG"	"ACO  3027"
"ACO  3028"	"ClG"	"ACO  3028"
"ACO  3029"	"ClG"	"ACO  3029"
"ACO  3030"	"ClG"	"ACO  3030"
"ACO  3031"	"ClG"	"ACO  3031"
"ACO  3032"	"ClG"	"ACO  3032"
"ACO  3033"	"ClG"	"ACO  3033"
"ACO  3034"	"ClG"	"ACO  3034"
"ACO  3035"	"ClG"	"ACO  3035"
"ACO  3036"	"ClG"	"ACO  3036"
"ACO  3037"	"ClG"	"ACO  3037"
"ACO  3038"	"ClG"	"ACO  3038"
"ACO  3039"	"ClG"	"ACO  3039"
"ACO  3040"	"ClG"	"ACO  3040"
"ACO  3041"	"ClG"	"ACO  3041"
"ACO  3042"	"ClG"	"ACO  3042"
"ACO  3043"	"ClG"	"ACO  3043"
"ACO  3044"	"ClG"	"ACO  3044"
"ACO  3045"	"ClG"	"ACO  3045"
"ACO  3046"	"ClG"	"ACO  3046"
"ACO  3047"	"ClG"	"ACO  3047"
"ACO  3048"	"ClG"	"ACO  3048"
"ACO  3049"	"ClG"	"ACO  3049"
"ACO  3050"	"ClG"	"ACO  3050"
"ACO  3051"	"ClG"	"ACO  3051"
"ACO  3052"	"ClG"	"ACO  3052"
"ACO  3053"	"ClG"	"ACO  3053"
"ACO  3054"	"ClG"	"ACO  3054"
"ACO  3055"	"ClG"	"ACO  3055"
"ACO  3056"	"ClG"	"ACO  3056"
"ACO  3057"	"ClG"	"ACO  3057"
"ACO  3058"	"ClG"	"ACO  3058"
"ACO  3059"	"ClG"	"ACO  3059"
"ACO  3060"	"ClG"	"ACO  3060"
"ACO  3061"	"ClG"	"ACO  3061"
"ACO  3062"	"ClG"	"ACO  3062"
"ACO  3063"	"ClG"	"ACO  3063"
"ACO  3064"	"ClG"	"ACO  3064"
"ACO  3065"	"ClG"	"ACO  3065"
"ACO  3066"	"ClG"	"ACO  3066"
"ACO  3067"	"ClG"	"ACO  3067"
"ACO  3068"	"ClG"	"ACO  3068"
"ACO  3069"	"ClG"	"ACO  3069"
"ACO  3070"	"ClG"	"ACO  3070"
"ACO  3071"	"ClG"	"ACO  3071"
"ACO  3072"	"ClG"	"ACO  3072"
"ACO  3073"	"ClG"	"ACO  3073"
"ACO  3074"	"ClG"	"ACO  3074"
"ACO  3075"	"ClG"	"ACO  3075"
"ACO  3076"	"ClG"	"ACO  3076"
"ACO  3077"	"ClG"	"ACO  3077"
"ACO  3078"	"ClG"	"ACO  3078"
"ACO  3079"	"ClG"	"ACO  3079"
"ACO  3080"	"ClG"	"ACO  3080"
"ACO  3081"	"ClG"	"ACO  3081"
"ACO  3082"	"ClG"	"ACO  3082"
"ACO  3083"	"ClG"	"ACO  3083"
"ACO  3084"	"ClG"	"ACO  3084"
"ACO  3085"	"ClG"	"ACO  3085"
"ACO  3086"	"ClG"	"ACO  3086"
"ACO  3087"	"ClG"	"ACO  3087"
"ACO  3088"	"ClG"	"ACO  3088"
"ACO  3089"	"ClG"	"ACO  3089"
"ACO  3090"	"ClG"	"ACO  3090"
"ACO  3091"	"ClG"	"ACO  3091"
"ACO  3092"	"ClG"	"ACO  3092"
"ACO  3093"	"ClG"	"ACO  3093"
"ACO  3094"	"ClG"	"ACO  3094"
"ACO  3095"	"ClG"	"ACO  3095"
"ACO  3096"	"ClG"	"ACO  3096"
"ACO  3097"	"ClG"	"ACO  3097"
"ACO  3098"	"ClG"	"ACO  3098"
"ACO  3099"	"ClG"	"ACO  3099"
"ACO  3100"	"ClG"	"ACO  3100"
"ACO  3101"	"ClG"	"ACO  3101"
"ACO  3102"	"ClG"	"ACO  3102"
"ACO  3103"	"ClG"	"ACO  3103"
"ACO  3104"	"ClG"	"ACO  3104"
"ACO  3105"	"ClG"	"ACO  3105"
"ACO  3106"	"ClG"	"ACO  3106"
"ACO  3107"	"ClG"	"ACO  3107"
"ACO  3108"	"ClG"	"ACO  3108"
"ACO  3109"	"ClG"	"ACO  3109"
"ACO  3110"	"ClG"	"ACO  3110"
"ACO  3111"	"ClG"	"ACO  3111"
"ACO  3112"	"ClG"	"ACO  3112"
"ACO  3113"	"ClG"	"ACO  3113"
"ACO  3114"	"ClG"	"ACO  3114"
"ACO  3115"	"ClG"	"ACO  3115"
"ACO  3116"	"ClG"	"ACO  3116"
"ACO  3117"	"ClG"	"ACO  3117"
"ACO  3118"	"ClG"	"ACO  3118"
"ACO  3119"	"ClG"	"ACO  3119"
"ACO  3120"	"ClG"	"ACO  3120"
"ACO  3121"	"ClG"	"ACO  3121"
"ACO  3122"	"ClG"	"ACO  3122"
"ACO  3123"	"ClG"	"ACO  3123"
"ACO  3124"	"ClG"	"ACO  3124"
"ACO  3125"	"ClG"	"ACO  3125"
"ACO  3126"	"ClG"	"ACO  3126"
"ACO  3127"	"ClG"	"ACO  3127"
"ACO  3128"	"ClG"	"ACO  3128"
"ACO  3129"	"ClG"	"ACO  3129"
"ACO  3130"	"ClG"	"ACO  3130"
"ACO  3131"	"ClG"	"ACO  3131"
"ACO  3132"	"ClG"	"ACO  3132"
"ACO  3133"	"ClG"	"ACO  3133"
"ACO  3134"	"ClG"	"ACO  3134"
"ACO  3135"	"ClG"	"ACO  3135"
"ACO  3136"	"ClG"	"ACO  3136"
"ACO  3137"	"ClG"	"ACO  3137"
"ACO  3138"	"ClG"	"ACO  3138"
"ACO  3139"	"ClG"	"ACO  3139"
"ACO  3140"	"ClG"	"ACO  3140"
"ACO  3141"	"ClG"	"ACO  3141"
"ACO  3142"	"ClG"	"ACO  3142"
"ACO  3143"	"ClG"	"ACO  3143"
"ACO  3144"	"ClG"	"ACO  3144"
"ACO  3145"	"ClG"	"ACO  3145"
"ACO  3146"	"ClG"	"ACO  3146"
"ACO  3147"	"ClG"	"ACO  3147"
"ACO  3148"	"ClG"	"ACO  3148"
"ACO  3149"	"ClG"	"ACO  3149"
"ACO  3150"	"ClG"	"ACO  3150"
"ACO  3151"	"ClG"	"ACO  3151"
"ACO  3152"	"ClG"	"ACO  3152"
"ACO  3153"	"ClG"	"ACO  3153"
"ACO  3154"	"ClG"	"ACO  3154"
"ACO  3155"	"ClG"	"ACO  3155"
"ACO  3156"	"ClG"	"ACO  3156"
"ACO  3157"	"ClG"	"ACO  3157"
"ACO  3158"	"ClG"	"ACO  3158"
"ACO  3159"	"ClG"	"ACO  3159"
"ACO  3160"	"ClG"	"ACO  3160"
"ACO  3161"	"ClG"	"ACO  3161"
"ACO  3162"	"ClG"	"ACO  3162"
"ACO  3163"	"ClG"	"ACO  3163"
"ACO  3164"	"ClG"	"ACO  3164"
"ACO  3165"	"ClG"	"ACO  3165"
"ACO  3166"	"ClG"	"ACO  3166"
"ACO  3167"	"ClG"	"ACO  3167"
"ACO  3168"	"ClG"	"ACO  3168"
"ACO  3169"	"ClG"	"ACO  3169"
"ACO  3170"	"ClG"	"ACO  3170"
"ACO  3171"	"ClG"	"ACO  3171"
"ACO  3172"	"ClG"	"ACO  3172"
"ACO  3173"	"ClG"	"ACO  3173"
"ACO  3174"	"ClG"	"ACO  3174"
"ACO  3175"	"ClG"	"ACO  3175"
"ACO  3176"	"ClG"	"ACO  3176"
"ACO  3177"	"ClG"	"ACO  3177"
"ACO  3178"	"ClG"	"ACO  3178"
"ACO  3179"	"ClG"	"ACO  3179"
"ACO  3180"	"ClG"	"ACO  3180"
"ACO  3181"	"ClG"	"ACO  3181"
"ACO  3182"	"ClG"	"ACO  3182"
"ACO  3183"	"ClG"	"ACO  3183"
"ACO  3184"	"ClG"	"ACO  3184"
"ACO  3185"	"ClG"	"ACO  3185"
"ACO  3186"	"ClG"	"ACO  3186"
"ACO  3187"	"ClG"	"ACO  3187"
"ACO  3188"	"ClG"	"ACO  3188"
"ACO  3189"	"ClG"	"ACO  3189"
"ACO  3190"	"ClG"	"ACO  3190"
"ACO  3191"	"ClG"	"ACO  3191"
"ACO  3192"	"ClG"	"ACO  3192"
"ACO  3193"	"ClG"	"ACO  3193"
"ACO  3194"	"ClG"	"ACO  3194"
"ACO  3195"	"ClG"	"ACO  3195"
"ACO  3196"	"ClG"	"ACO  3196"
"ACO  3197"	"ClG"	"ACO  3197"
"ACO  3198"	"ClG"	"ACO  3198"
"ACO  3199"	"ClG"	"ACO  3199"
"ACO  3200"	"ClG"	"ACO  3200"
"ACO  3201"	"ClG"	"ACO  3201"
"ACO  3202"	"ClG"	"ACO  3202"
"ACO  3203"	"ClG"	"ACO  3203"
"ACO  3204"	"ClG"	"ACO  3204"
"ACO  3205"	"ClG"	"ACO  3205"
"ACO  3206"	"ClG"	"ACO  3206"
"ACO  3207"	"ClG"	"ACO  3207"
"ACO  3207"	"ClG"	"ACO  3208"
"ACO  3208"	"ClG"	"ACO  3207"
"ACO  3208"	"ClG"	"ACO  3208"
"ACO  3209"	"ClG"	"ACO  3209"
"ACO  3210"	"ClG"	"ACO  3210"
"ACO  3211"	"ClG"	"ACO  3211"
"ACO  3212"	"ClG"	"ACO  3212"
"ACO  3213"	"ClG"	"ACO  3213"
"ACO  3214"	"ClG"	"ACO  3214"
"ACO  3215"	"ClG"	"ACO  3215"
"ACO  3216"	"ClG"	"ACO  3216"
"ACO  3217"	"ClG"	"ACO  3217"
"ACO  3218"	"ClG"	"ACO  3218"
"ACO  3219"	"ClG"	"ACO  3219"
"ACO  3220"	"ClG"	"ACO  3220"
"ACO  3221"	"ClG"	"ACO  3221"
"ACO  3222"	"ClG"	"ACO  3222"
"ACO  3223"	"ClG"	"ACO  3223"
"ACO  3224"	"ClG"	"ACO  3224"
"ACO  3225"	"ClG"	"ACO  3225"
"ACO  3226"	"ClG"	"ACO  3226"
"ACO  3227"	"ClG"	"ACO  3227"
"ACO  3228"	"ClG"	"ACO  3228"
"ACO  3229"	"ClG"	"ACO  3229"
"ACO  3230"	"ClG"	"ACO  3230"
"ACO  3231"	"ClG"	"ACO  3231"
"ACO  3232"	"ClG"	"ACO  3232"
"ACO  3233"	"ClG"	"ACO  3233"
"ACO  3234"	"ClG"	"ACO  3234"
"ACO  3235"	"ClG"	"ACO  3235"
"ACO  3236"	"ClG"	"ACO  3236"
"ACO  3237"	"ClG"	"ACO  3237"
"ACO  3238"	"ClG"	"ACO  3238"
"ACO  3239"	"ClG"	"ACO  3239"
"ACO  3240"	"ClG"	"ACO  3240"
"ACO  3241"	"ClG"	"ACO  3241"
"ACO  3242"	"ClG"	"ACO  3242"
"ACO  3243"	"ClG"	"ACO  3243"
"ACO  3244"	"ClG"	"ACO  3244"
"ACO  3245"	"ClG"	"ACO  3245"
"ACO  3246"	"ClG"	"ACO  3246"
"ACO  3247"	"ClG"	"ACO  3247"
"ACO  3248"	"ClG"	"ACO  3248"
"ACO  3249"	"ClG"	"ACO  3249"
"ACO  3250"	"ClG"	"ACO  3250"
"ACO  3251"	"ClG"	"ACO  3251"
"ACO  3252"	"ClG"	"ACO  3252"
"ACO  3253"	"ClG"	"ACO  3253"
"ACO  3254"	"ClG"	"ACO  3254"
"ACO  3255"	"ClG"	"ACO  3255"
"ACO  3256"	"ClG"	"ACO  3256"
"ACO  3257"	"ClG"	"ACO  3257"
"ACO  3258"	"ClG"	"ACO  3258"
"ACO  3259"	"ClG"	"ACO  3259"
"ACO  3260"	"ClG"	"ACO  3260"
"ACO  3261"	"ClG"	"ACO  3261"
"ACO  3262"	"ClG"	"ACO  3262"
"ACO  3263"	"ClG"	"ACO  3263"
"ACO  3264"	"ClG"	"ACO  3264"
"ACO  3265"	"ClG"	"ACO  3265"
"ACO  3266"	"ClG"	"ACO  3266"
"ACO  3267"	"ClG"	"ACO  3267"
"ACO  3268"	"ClG"	"ACO  3268"
"ACO  3269"	"ClG"	"ACO  3269"
"ACO  3270"	"ClG"	"ACO  3270"
"ACO  3271"	"ClG"	"ACO  3271"
"ACO  3272"	"ClG"	"ACO  3272"
"ACO  3273"	"ClG"	"ACO  3273"
"ACO  3274"	"ClG"	"ACO  3274"
"ACO  3275"	"ClG"	"ACO  3275"
"ACO  3276"	"ClG"	"ACO  3276"
"ACO  3277"	"ClG"	"ACO  3277"
"ACO  3278"	"ClG"	"ACO  3278"
"ACO  3279"	"ClG"	"ACO  3279"
"ACO  3280"	"ClG"	"ACO  3280"
"ACO  3281"	"ClG"	"ACO  3281"
"ACO  3282"	"ClG"	"ACO  3282"
"ACO  3283"	"ClG"	"ACO  3283"
"ACO  3284"	"ClG"	"ACO  3284"
"ACO  3285"	"ClG"	"ACO  3285"
"ACO  3286"	"ClG"	"ACO  3286"
"ACO  3287"	"ClG"	"ACO  3287"
"ACO  3288"	"ClG"	"ACO  3288"
"ACO  3289"	"ClG"	"ACO  3289"
"ACO  3290"	"ClG"	"ACO  3290"
"ACO  3291"	"ClG"	"ACO  3291"
"ACO  3292"	"ClG"	"ACO  3292"
"ACO  3293"	"ClG"	"ACO  3293"
"ACO  3294"	"ClG"	"ACO  3294"
"ACO  3295"	"ClG"	"ACO  3295"
"ACO  3296"	"ClG"	"ACO  3296"
"ACO  3297"	"ClG"	"ACO  3297"
"ACO  3298"	"ClG"	"ACO  3298"
"ACO  3299"	"ClG"	"ACO  3299"
"ACO  3300"	"ClG"	"ACO  3300"
"ACO  3301"	"ClG"	"ACO  3301"
"ACO  3302"	"ClG"	"ACO  3302"
"ACO  3303"	"ClG"	"ACO  3303"
"ACO  3304"	"ClG"	"ACO  3304"
"ACO  3305"	"ClG"	"ACO  3305"
"ACO  3306"	"ClG"	"ACO  3306"
"ACO  3307"	"ClG"	"ACO  3307"
"ACO  3308"	"ClG"	"ACO  3308"
"ACO  3309"	"ClG"	"ACO  3309"
"ACO  3310"	"ClG"	"ACO  3310"
"ACO  3311"	"ClG"	"ACO  3311"
"ACO  3312"	"ClG"	"ACO  3312"
"ACO  3313"	"ClG"	"ACO  3313"
"ACO  3314"	"ClG"	"ACO  3314"
"ACO  3315"	"ClG"	"ACO  3315"
"ACO  3316"	"ClG"	"ACO  3316"
"ACO  3317"	"ClG"	"ACO  3317"
"ACO  3318"	"ClG"	"ACO  3318"
"ACO  3319"	"ClG"	"ACO  3319"
"ACO  3320"	"ClG"	"ACO  3320"
"ACO  3321"	"ClG"	"ACO  3321"
"ACO  3322"	"ClG"	"ACO  3322"
"ACO  3323"	"ClG"	"ACO  3323"
"ACO  3324"	"ClG"	"ACO  3324"
"ACO  3325"	"ClG"	"ACO  3325"
"ACO  3326"	"ClG"	"ACO  3326"
"ACO  3327"	"ClG"	"ACO  3327"
"ACO  3328"	"ClG"	"ACO  3328"
"ACO  3329"	"ClG"	"ACO  3329"
"ACO  3330"	"ClG"	"ACO  3330"
"ACO  3331"	"ClG"	"ACO  3331"
"ACO  3332"	"ClG"	"ACO  3332"
"ACO  3333"	"ClG"	"ACO  3333"
"ACO  3334"	"ClG"	"ACO  3334"
"ACO  3335"	"ClG"	"ACO  3335"
"ACO  3336"	"ClG"	"ACO  3336"
"ACO  3337"	"ClG"	"ACO  3337"
"ACO  3338"	"ClG"	"ACO  3338"
"ACO  3339"	"ClG"	"ACO  3339"
"ACO  3340"	"ClG"	"ACO  3340"
"ACO  3341"	"ClG"	"ACO  3341"
"ACO  3342"	"ClG"	"ACO  3342"
"ACO  3343"	"ClG"	"ACO  3343"
"ACO  3344"	"ClG"	"ACO  3344"
"ACO  3345"	"ClG"	"ACO  3345"
"ACO  3346"	"ClG"	"ACO  3346"
"ACO  3347"	"ClG"	"ACO  3347"
"ACO  3348"	"ClG"	"ACO  3348"
"ACO  3349"	"ClG"	"ACO  3349"
"ACO  3350"	"ClG"	"ACO  3350"
"ACO  3351"	"ClG"	"ACO  3351"
"ACO  3352"	"ClG"	"ACO  3352"
"ACO  3353"	"ClG"	"ACO  3353"
"ACO  3354"	"ClG"	"ACO  3354"
"ACO  3355"	"ClG"	"ACO  3355"
"ACO  3356"	"ClG"	"ACO  3356"
"ACO  3357"	"ClG"	"ACO  3357"
"ACO  3358"	"ClG"	"ACO  3358"
"ACO  3359"	"ClG"	"ACO  3359"
"ACO  3360"	"ClG"	"ACO  3360"
"ACO  3361"	"ClG"	"ACO  3361"
"ACO  3362"	"ClG"	"ACO  3362"
"ACO  3363"	"ClG"	"ACO  3363"
"ACO  3364"	"ClG"	"ACO  3364"
"ACO  3365"	"ClG"	"ACO  3365"
"ACO  3366"	"ClG"	"ACO  3366"
"ACO  3367"	"ClG"	"ACO  3367"
"ACO  3368"	"ClG"	"ACO  3368"
"ACO  3369"	"ClG"	"ACO  3369"
"ACO  3370"	"ClG"	"ACO  3370"
"ACO  3371"	"ClG"	"ACO  3371"
"ACO  3372"	"ClG"	"ACO  3372"
"ACO  3373"	"ClG"	"ACO  3373"
"ACO  3374"	"ClG"	"ACO  3374"
"ACO  3375"	"ClG"	"ACO  3375"
"ACO  3376"	"ClG"	"ACO  3376"
"ACO  3377"	"ClG"	"ACO  3377"
"ACO  3378"	"ClG"	"ACO  3378"
"ACO  3379"	"ClG"	"ACO  3379"
"ACO  3380"	"ClG"	"ACO  3380"
"ACO  3381"	"ClG"	"ACO  3381"
"ACO  3382"	"ClG"	"ACO  3382"
"ACO  3383"	"ClG"	"ACO  3383"
"ACO  3384"	"ClG"	"ACO  3384"
"ACO  3385"	"ClG"	"ACO  3385"
"ACO  3386"	"ClG"	"ACO  3386"
"ACO  3387"	"ClG"	"ACO  3387"
"ACO  3388"	"ClG"	"ACO  3388"
"ACO  3389"	"ClG"	"ACO  3389"
"ACO  3390"	"ClG"	"ACO  3390"
"ACO  3391"	"ClG"	"ACO  3391"
"ACO  3392"	"ClG"	"ACO  3392"
"ACO  3393"	"ClG"	"ACO  3393"
"ACO  3394"	"ClG"	"ACO  3394"
"ACO  3395"	"ClG"	"ACO  3395"
"ACO  3396"	"ClG"	"ACO  3396"
"ACO  3397"	"ClG"	"ACO  3397"
"ACO  3398"	"ClG"	"ACO  3398"
"ACO  3399"	"ClG"	"ACO  3399"
"ACO  3400"	"ClG"	"ACO  3400"
"ACO  3401"	"ClG"	"ACO  3401"
"ACO  3402"	"ClG"	"ACO  3402"
"ACO  3403"	"ClG"	"ACO  3403"
"ACO  3404"	"ClG"	"ACO  3404"
"ACO  3405"	"ClG"	"ACO  3405"
"ACO  3406"	"ClG"	"ACO  3406"
"ACO  3407"	"ClG"	"ACO  3407"
"ACO  3408"	"ClG"	"ACO  3408"
"ACO  3409"	"ClG"	"ACO  3409"
"ACO  3410"	"ClG"	"ACO  3410"
"ACO  3411"	"ClG"	"ACO  3411"
"ACO  3412"	"ClG"	"ACO  3412"
"ACO  3413"	"ClG"	"ACO  3413"
"ACO  3414"	"ClG"	"ACO  3414"
"ACO  3415"	"ClG"	"ACO  3415"
"ACO  3416"	"ClG"	"ACO  3416"
"ACO  3417"	"ClG"	"ACO  3417"
"ACO  3418"	"ClG"	"ACO  3418"
"ACO  3419"	"ClG"	"ACO  3419"
"ACO  3420"	"ClG"	"ACO  3420"
"ACO  3421"	"ClG"	"ACO  3421"
"ACO  3422"	"ClG"	"ACO  3422"
"ACO  3423"	"ClG"	"ACO  3423"
"ACO  3424"	"ClG"	"ACO  3424"
"ACO  3425"	"ClG"	"ACO  3425"
"ACO  3426"	"ClG"	"ACO  3426"
"ACO  3427"	"ClG"	"ACO  3427"
"ACO  3428"	"ClG"	"ACO  3428"
"ACO  3429"	"ClG"	"ACO  3429"
"ACO  3430"	"ClG"	"ACO  3430"
"ACO  3431"	"ClG"	"ACO  3431"
"ACO  3432"	"ClG"	"ACO  3432"
"ACO  3433"	"ClG"	"ACO  3433"
"ACO  3434"	"ClG"	"ACO  3434"
"ACO  3435"	"ClG"	"ACO  3435"
"ACO  3436"	"ClG"	"ACO  3436"
"ACO  3437"	"ClG"	"ACO  3437"
"ACO  3438"	"ClG"	"ACO  3438"
"ACO  3439"	"ClG"	"ACO  3439"
"ACO  3440"	"ClG"	"ACO  3440"
"ACO  3441"	"ClG"	"ACO  3441"
"ACO  3442"	"ClG"	"ACO  3442"
"ACO  3443"	"ClG"	"ACO  3443"
"ACO  3444"	"ClG"	"ACO  3444"
"ACO  3445"	"ClG"	"ACO  3445"
"ACO  3446"	"ClG"	"ACO  3446"
"ACO  3447"	"ClG"	"ACO  3447"
"ACO  3448"	"ClG"	"ACO  3448"
"ACO  3449"	"ClG"	"ACO  3449"
"ACO  3450"	"ClG"	"ACO  3450"
"ACO  3451"	"ClG"	"ACO  3451"
"ACO  3452"	"ClG"	"ACO  3452"
"ACO  3453"	"ClG"	"ACO  3453"
"ACO  3454"	"ClG"	"ACO  3454"
"ACO  3455"	"ClG"	"ACO  3455"
"ACO  3456"	"ClG"	"ACO  3456"
"ACO  3457"	"ClG"	"ACO  3457"
"ACO  3458"	"ClG"	"ACO  3458"
"ACO  3459"	"ClG"	"ACO  3459"
"ACO  3460"	"ClG"	"ACO  3460"
"ACO  3461"	"ClG"	"ACO  3461"
"ACO  3462"	"ClG"	"ACO  3462"
"ACO  3463"	"ClG"	"ACO  3463"
"ACO  3464"	"ClG"	"ACO  3464"
"ACO  3465"	"ClG"	"ACO  3465"
"ACO  3466"	"ClG"	"ACO  3466"
"ACO  3467"	"ClG"	"ACO  3467"
"ACO  3468"	"ClG"	"ACO  3468"
"ACO  3469"	"ClG"	"ACO  3469"
"ACO  3470"	"ClG"	"ACO  3470"
"ACO  3471"	"ClG"	"ACO  3471"
"ACO  3472"	"ClG"	"ACO  3472"
"ACO  3473"	"ClG"	"ACO  3473"
"ACO  3474"	"ClG"	"ACO  3474"
"ACO  3475"	"ClG"	"ACO  3475"
"ACO  3476"	"ClG"	"ACO  3476"
"ACO  3477"	"ClG"	"ACO  3477"
"ACO  3478"	"ClG"	"ACO  3478"
"ACO  3479"	"ClG"	"ACO  3479"
"ACO  3480"	"ClG"	"ACO  3480"
"ACO  3481"	"ClG"	"ACO  3481"
"ACO  3482"	"ClG"	"ACO  3482"
"ACO  3483"	"ClG"	"ACO  3483"
"ACO  3484"	"ClG"	"ACO  3484"
"ACO  3485"	"ClG"	"ACO  3485"
"ACO  3486"	"ClG"	"ACO  3486"
"ACO  3487"	"ClG"	"ACO  3487"
"ACO  3488"	"ClG"	"ACO  3488"
"ACO  3489"	"ClG"	"ACO  3489"
"ACO  3490"	"ClG"	"ACO  3490"
"ACO  3491"	"ClG"	"ACO  3491"
"ACO  3492"	"ClG"	"ACO  3492"
"ACO  3493"	"ClG"	"ACO  3493"
"ACO  3494"	"ClG"	"ACO  3494"
"ACO  3495"	"ClG"	"ACO  3495"
"ACO  3496"	"ClG"	"ACO  3496"
"ACO  3497"	"ClG"	"ACO  3497"
"ACO  3498"	"ClG"	"ACO  3498"
"ACO  3499"	"ClG"	"ACO  3499"
"ACO  3500"	"ClG"	"ACO  3500"
"ACO  3501"	"ClG"	"ACO  3501"
"ACO  3502"	"ClG"	"ACO  3502"
"ACO  3503"	"ClG"	"ACO  3503"
"ACO  3504"	"ClG"	"ACO  3504"
"ACO  3505"	"ClG"	"ACO  3505"
"ACO  3506"	"ClG"	"ACO  3506"
"ACO  3507"	"ClG"	"ACO  3507"
"ACO  3508"	"ClG"	"ACO  3508"
"ACO  3509"	"ClG"	"ACO  3509"
"ACO  3510"	"ClG"	"ACO  3510"
"ACO  3511"	"ClG"	"ACO  3511"
"ACO  3512"	"ClG"	"ACO  3512"
"ACO  3513"	"ClG"	"ACO  3513"
"ACO  3514"	"ClG"	"ACO  3514"
"ACO  3515"	"ClG"	"ACO  3515"
"ACO  3516"	"ClG"	"ACO  3516"
"ACO  3517"	"ClG"	"ACO  3517"
"ACO  3518"	"ClG"	"ACO  3518"
"ACO  3519"	"ClG"	"ACO  3519"
"ACO  3520"	"ClG"	"ACO  3520"
"ACO  3521"	"ClG"	"ACO  3521"
"ACO  3522"	"ClG"	"ACO  3522"
"ACO  3523"	"ClG"	"ACO  3523"
"ACO  3524"	"ClG"	"ACO  3524"
"ACO  3525"	"ClG"	"ACO  3525"
"ACO  3526"	"ClG"	"ACO  3526"
"ACO  3526"	"ClG"	"NAME Cen Cluster"
"ACO  3526"	"ClG"	"NAME Centaurus Cluster"
"ACO  3526"	"ClG"	"NAME Cen Group"
"ACO  3526"	"ClG"	"NAME Centaurus Group"
"ACO  3527"	"ClG"	"ACO  3527"
"ACO  3528"	"ClG"	"ACO  3528"
"ACO  3529"	"ClG"	"ACO  3529"
"ACO  3530"	"ClG"	"ACO  3530"
"ACO  3531"	"ClG"	"ACO  3531"
"ACO  3532"	"ClG"	"ACO  3532"
"ACO  3533"	"ClG"	"ACO  3533"
"ACO  3534"	"ClG"	"ACO  3534"
"ACO  3535"	"ClG"	"ACO  3535"
"ACO  3536"	"ClG"	"ACO  3536"
"ACO  3537"	"ClG"	"ACO  3537"
"ACO  3538"	"ClG"	"ACO  3538"
"ACO  3539"	"ClG"	"ACO  3539"
"ACO  3540"	"ClG"	"ACO  3540"
"ACO  3541"	"ClG"	"ACO  3541"
"ACO  3542"	"ClG"	"ACO  3542"
"ACO  3543"	"ClG"	"ACO  3543"
"ACO  3544"	"ClG"	"ACO  3544"
"ACO  3545"	"ClG"	"ACO  3545"
"ACO  3546"	"ClG"	"ACO  3546"
"ACO  3547"	"ClG"	"ACO  3547"
"ACO  3548"	"ClG"	"ACO  3548"
"ACO  3549"	"ClG"	"ACO  3549"
"ACO  3550"	"ClG"	"ACO  3550"
"ACO  3551"	"ClG"	"ACO  3551"
"ACO  3552"	"ClG"	"ACO  3552"
"ACO  3553"	"ClG"	"ACO  3553"
"ACO  3554"	"ClG"	"ACO  3554"
"ACO  3555"	"ClG"	"ACO  3555"
"ACO  3556"	"ClG"	"ACO  3556"
"ACO  3557"	"ClG"	"ACO  3557"
"ACO  3558"	"ClG"	"ACO  3558"
"ACO  3559"	"ClG"	"ACO  3559"
"ACO  3560"	"ClG"	"ACO  3560"
"ACO  3561"	"ClG"	"ACO  3561"
"ACO  3562"	"ClG"	"ACO  3562"
"ACO  3563"	"ClG"	"ACO  3563"
"ACO  3564"	"ClG"	"ACO  3564"
"ACO  3565"	"ClG"	"ACO  3565"
"ACO  3566"	"ClG"	"ACO  3566"
"ACO  3567"	"ClG"	"ACO  3567"
"ACO  3568"	"ClG"	"ACO  3568"
"ACO  3569"	"ClG"	"ACO  3569"
"ACO  3570"	"ClG"	"ACO  3570"
"ACO  3571"	"ClG"	"ACO  3571"
"ACO  3572"	"ClG"	"ACO  3572"
"ACO  3573"	"ClG"	"ACO  3573"
"ACO  3574"	"GrG"	"ACO  3574"
"ACO  3574"	"GrG"	"NAME IC 4329 Group"
"ACO  3575"	"ClG"	"ACO  3575"
"ACO  3576"	"ClG"	"ACO  3576"
"ACO  3577"	"ClG"	"ACO  3577"
"ACO  3578"	"ClG"	"ACO  3578"
"ACO  3579"	"ClG"	"ACO  3579"
"ACO  3580"	"ClG"	"ACO  3580"
"ACO  3581"	"ClG"	"ACO  3581"
"ACO  3582"	"ClG"	"ACO  3582"
"ACO  3583"	"ClG"	"ACO  3583"
"ACO  3584"	"ClG"	"ACO  3584"
"ACO  3585"	"ClG"	"ACO  3585"
"ACO  3586"	"ClG"	"ACO  3586"
"ACO  3587"	"ClG"	"ACO  3587"
"ACO  3588"	"ClG"	"ACO  3588"
"ACO  3589"	"ClG"	"ACO  3589"
"ACO  3590"	"ClG"	"ACO  3590"
"ACO  3591"	"ClG"	"ACO  3591"
"ACO  3592"	"ClG"	"ACO  3592"
"ACO  3593"	"ClG"	"ACO  3593"
"ACO  3594"	"ClG"	"ACO  3594"
"ACO  3595"	"ClG"	"ACO  3595"
"ACO  3596"	"ClG"	"ACO  3596"
"ACO  3597"	"ClG"	"ACO  3597"
"ACO  3598"	"ClG"	"ACO  3598"
"ACO  3599"	"ClG"	"ACO  3599"
"ACO  3600"	"ClG"	"ACO  3600"
"ACO  3601"	"ClG"	"ACO  3601"
"ACO  3602"	"ClG"	"ACO  3602"
"ACO  3603"	"ClG"	"ACO  3603"
"ACO  3604"	"ClG"	"ACO  3604"
"ACO  3605"	"ClG"	"ACO  3605"
"ACO  3606"	"ClG"	"ACO  3606"
"ACO  3607"	"ClG"	"ACO  3607"
"ACO  3608"	"ClG"	"ACO  3608"
"ACO  3609"	"ClG"	"ACO  3609"
"ACO  3610"	"ClG"	"ACO  3610"
"ACO  3611"	"ClG"	"ACO  3611"
"ACO  3612"	"ClG"	"ACO  3612"
"ACO  3613"	"ClG"	"ACO  3613"
"ACO  3614"	"ClG"	"ACO  3614"
"ACO  3615"	"ClG"	"ACO  3615"
"ACO  3616"	"ClG"	"ACO  3616"
"ACO  3617"	"ClG"	"ACO  3617"
"ACO  3618"	"ClG"	"ACO  3618"
"ACO  3619"	"ClG"	"ACO  3619"
"ACO  3620"	"ClG"	"ACO  3620"
"ACO  3621"	"ClG"	"ACO  3621"
"ACO  3622"	"ClG"	"ACO  3622"
"ACO  3623"	"ClG"	"ACO  3623"
"ACO  3624"	"ClG"	"ACO  3624"
"ACO  3625"	"ClG"	"ACO  3625"
"ACO  3626"	"ClG"	"ACO  3626"
"ACO  3627"	"ClG"	"ACO  3627"
"ACO  3627"	"ClG"	"NAME Norma Cluster"
"ACO  3628"	"ClG"	"ACO  3628"
"ACO  3629"	"ClG"	"ACO  3629"
"ACO  3630"	"ClG"	"ACO  3630"
"ACO  3631"	"ClG"	"ACO  3631"
"ACO  3632"	"ClG"	"ACO  3632"
"ACO  3633"	"ClG"	"ACO  3633"
"ACO  3634"	"ClG"	"ACO  3634"
"ACO  3635"	"ClG"	"ACO  3635"
"ACO  3636"	"ClG"	"ACO  3636"
"ACO  3637"	"ClG"	"ACO  3637"
"ACO  3638"	"ClG"	"ACO  3638"
"ACO  3639"	"ClG"	"ACO  3639"
"ACO  3640"	"ClG"	"ACO  3640"
"ACO  3641"	"ClG"	"ACO  3641"
"ACO  3642"	"ClG"	"ACO  3642"
"ACO  3643"	"ClG"	"ACO  3643"
"ACO  3644"	"ClG"	"ACO  3644"
"ACO  3645"	"ClG"	"ACO  3645"
"ACO  3646"	"ClG"	"ACO  3646"
"ACO  3647"	"ClG"	"ACO  3647"
"ACO  3648"	"ClG"	"ACO  3648"
"ACO  3649"	"ClG"	"ACO  3649"
"ACO  3650"	"ClG"	"ACO  3650"
"ACO  3651"	"ClG"	"ACO  3651"
"ACO  3652"	"ClG"	"ACO  3652"
"ACO  3653"	"ClG"	"ACO  3653"
"ACO  3654"	"ClG"	"ACO  3654"
"ACO  3655"	"ClG"	"ACO  3655"
"ACO  3656"	"GrG"	"ACO  3656"
"ACO  3657"	"ClG"	"ACO  3657"
"ACO  3658"	"ClG"	"ACO  3658"
"ACO  3659"	"ClG"	"ACO  3659"
"ACO  3660"	"ClG"	"ACO  3660"
"ACO  3661"	"ClG"	"ACO  3661"
"ACO  3662"	"ClG"	"ACO  3662"
"ACO  3663"	"ClG"	"ACO  3663"
"ACO  3664"	"ClG"	"ACO  3664"
"ACO  3665"	"ClG"	"ACO  3665"
"ACO  3666"	"ClG"	"ACO  3666"
"ACO  3667"	"ClG"	"ACO  3667"
"ACO  3668"	"ClG"	"ACO  3668"
"ACO  3669"	"ClG"	"ACO  3669"
"ACO  3670"	"ClG"	"ACO  3670"
"ACO  3671"	"ClG"	"ACO  3671"
"ACO  3672"	"ClG"	"ACO  3672"
"ACO  3673"	"ClG"	"ACO  3673"
"ACO  3674"	"ClG"	"ACO  3674"
"ACO  3675"	"ClG"	"ACO  3675"
"ACO  3676"	"ClG"	"ACO  3676"
"ACO  3677"	"ClG"	"ACO  3677"
"ACO  3678"	"ClG"	"ACO  3678"
"ACO  3679"	"ClG"	"ACO  3679"
"ACO  3680"	"ClG"	"ACO  3680"
"ACO  3681"	"ClG"	"ACO  3681"
"ACO  3682"	"ClG"	"ACO  3682"
"ACO  3683"	"ClG"	"ACO  3683"
"ACO  3684"	"ClG"	"ACO  3684"
"ACO  3685"	"ClG"	"ACO  3685"
"ACO  3686"	"ClG"	"ACO  3686"
"ACO  3687"	"ClG"	"ACO  3687"
"ACO  3688"	"ClG"	"ACO  3688"
"ACO  3689"	"ClG"	"ACO  3689"
"ACO  3690"	"ClG"	"ACO  3690"
"ACO  3691"	"ClG"	"ACO  3691"
"ACO  3692"	"ClG"	"ACO  3692"
"ACO  3693"	"ClG"	"ACO  3693"
"ACO  3694"	"ClG"	"ACO  3694"
"ACO  3695"	"ClG"	"ACO  3695"
"ACO  3696"	"ClG"	"ACO  3696"
"ACO  3697"	"ClG"	"ACO  3697"
"ACO  3698"	"ClG"	"ACO  3698"
"ACO  3699"	"ClG"	"ACO  3699"
"ACO  3700"	"ClG"	"ACO  3700"
"ACO  3701"	"ClG"	"ACO  3701"
"ACO  3702"	"ClG"	"ACO  3702"
"ACO  3703"	"ClG"	"ACO  3703"
"ACO  3704"	"ClG"	"ACO  3704"
"ACO  3705"	"ClG"	"ACO  3705"
"ACO  3706"	"ClG"	"ACO  3706"
"ACO  3707"	"ClG"	"ACO  3707"
"ACO  3708"	"ClG"	"ACO  3708"
"ACO  3709"	"ClG"	"ACO  3709"
"ACO  3710"	"ClG"	"ACO  3710"
"ACO  3711"	"ClG"	"ACO  3711"
"ACO  3712"	"ClG"	"ACO  3712"
"ACO  3713"	"ClG"	"ACO  3713"
"ACO  3714"	"ClG"	"ACO  3714"
"ACO  3715"	"ClG"	"ACO  3715"
"ACO  3716"	"ClG"	"ACO  3716"
"ACO  3717"	"ClG"	"ACO  3717"
"ACO  3718"	"ClG"	"ACO  3718"
"ACO  3719"	"ClG"	"ACO  3719"
"ACO  3720"	"ClG"	"ACO  3720"
"ACO  3721"	"ClG"	"ACO  3721"
"ACO  3722"	"ClG"	"ACO  3722"
"ACO  3723"	"ClG"	"ACO  3723"
"ACO  3724"	"ClG"	"ACO  3724"
"ACO  3725"	"ClG"	"ACO  3725"
"ACO  3726"	"ClG"	"ACO  3726"
"ACO  3727"	"ClG"	"ACO  3727"
"ACO  3728"	"ClG"	"ACO  3728"
"ACO  3729"	"ClG"	"ACO  3729"
"ACO  3730"	"ClG"	"ACO  3730"
"ACO  3731"	"ClG"	"ACO  3731"
"ACO  3732"	"ClG"	"ACO  3732"
"ACO  3733"	"ClG"	"ACO  3733"
"ACO  3734"	"ClG"	"ACO  3734"
"ACO  3735"	"ClG"	"ACO  3735"
"ACO  3736"	"ClG"	"ACO  3736"
"ACO  3737"	"ClG"	"ACO  3737"
"ACO  3738"	"ClG"	"ACO  3738"
"ACO  3739"	"ClG"	"ACO  3739"
"ACO  3740"	"ClG"	"ACO  3740"
"ACO  3741"	"ClG"	"ACO  3741"
"ACO  3742"	"ClG"	"ACO  3742"
"ACO  3742"	"ClG"	"NAME Indus Cluster"
"ACO  3742"	"ClG"	"NAME NGC 7014 Group"
"ACO  3743"	"ClG"	"ACO  3743"
"ACO  3744"	"ClG"	"ACO  3744"
"ACO  3745"	"ClG"	"ACO  3745"
"ACO  3746"	"ClG"	"ACO  3746"
"ACO  3747"	"ClG"	"ACO  3747"
"ACO  3748"	"ClG"	"ACO  3748"
"ACO  3749"	"ClG"	"ACO  3749"
"ACO  3750"	"ClG"	"ACO  3750"
"ACO  3751"	"ClG"	"ACO  3751"
"ACO  3752"	"ClG"	"ACO  3752"
"ACO  3753"	"ClG"	"ACO  3753"
"ACO  3754"	"ClG"	"ACO  3754"
"ACO  3755"	"ClG"	"ACO  3755"
"ACO  3756"	"ClG"	"ACO  3756"
"ACO  3757"	"ClG"	"ACO  3757"
"ACO  3758"	"ClG"	"ACO  3758"
"ACO  3759"	"ClG"	"ACO  3759"
"ACO  3760"	"ClG"	"ACO  3760"
"ACO  3761"	"ClG"	"ACO  3761"
"ACO  3762"	"ClG"	"ACO  3762"
"ACO  3763"	"ClG"	"ACO  3763"
"ACO  3764"	"ClG"	"ACO  3764"
"ACO  3765"	"ClG"	"ACO  3765"
"ACO  3766"	"ClG"	"ACO  3766"
"ACO  3767"	"ClG"	"ACO  3767"
"ACO  3768"	"ClG"	"ACO  3768"
"ACO  3769"	"ClG"	"ACO  3769"
"ACO  3770"	"ClG"	"ACO  3770"
"ACO  3771"	"ClG"	"ACO  3771"
"ACO  3772"	"ClG"	"ACO  3772"
"ACO  3773"	"ClG"	"ACO  3773"
"ACO  3774"	"ClG"	"ACO  3774"
"ACO  3775"	"ClG"	"ACO  3775"
"ACO  3776"	"ClG"	"ACO  3776"
"ACO  3777"	"ClG"	"ACO  3777"
"ACO  3778"	"ClG"	"ACO  3778"
"ACO  3779"	"ClG"	"ACO  3779"
"ACO  3780"	"ClG"	"ACO  3780"
"ACO  3781"	"ClG"	"ACO  3781"
"ACO  3782"	"ClG"	"ACO  3782"
"ACO  3783"	"ClG"	"ACO  3783"
"ACO  3784"	"ClG"	"ACO  3784"
"ACO  3785"	"ClG"	"ACO  3785"
"ACO  3786"	"ClG"	"ACO  3786"
"ACO  3787"	"ClG"	"ACO  3787"
"ACO  3788"	"ClG"	"ACO  3788"
"ACO  3789"	"ClG"	"ACO  3789"
"ACO  3790"	"ClG"	"ACO  3790"
"ACO  3791"	"ClG"	"ACO  3791"
"ACO  3792"	"ClG"	"ACO  3792"
"ACO  3793"	"ClG"	"ACO  3793"
"ACO  3794"	"ClG"	"ACO  3794"
"ACO  3795"	"ClG"	"ACO  3795"
"ACO  3796"	"ClG"	"ACO  3796"
"ACO  3797"	"ClG"	"ACO  3797"
"ACO  3798"	"ClG"	"ACO  3798"
"ACO  3799"	"ClG"	"ACO  3799"
"ACO  3800"	"ClG"	"ACO  3800"
"ACO  3801"	"ClG"	"ACO  3801"
"ACO  3802"	"ClG"	"ACO  3802"
"ACO  3803"	"ClG"	"ACO  3803"
"ACO  3804"	"ClG"	"ACO  3804"
"ACO  3805"	"ClG"	"ACO  3805"
"ACO  3806"	"ClG"	"ACO  3806"
"ACO  3807"	"ClG"	"ACO  3807"
"ACO  3808"	"ClG"	"ACO  3808"
"ACO  3809"	"ClG"	"ACO  3809"
"ACO  3810"	"ClG"	"ACO  3810"
"ACO  3811"	"ClG"	"ACO  3811"
"ACO  3812"	"ClG"	"ACO  3812"
"ACO  3813"	"ClG"	"ACO  3813"
"ACO  3814"	"ClG"	"ACO  3814"
"ACO  3815"	"ClG"	"ACO  3815"
"ACO  3816"	"ClG"	"ACO  3816"
"ACO  3817"	"ClG"	"ACO  3817"
"ACO  3818"	"ClG"	"ACO  3818"
"ACO  3819"	"ClG"	"ACO  3819"
"ACO  3820"	"ClG"	"ACO  3820"
"ACO  3821"	"ClG"	"ACO  3821"
"ACO  3822"	"ClG"	"ACO  3822"
"ACO  3823"	"ClG"	"ACO  3823"
"ACO  3824"	"ClG"	"ACO  3824"
"ACO  3825"	"ClG"	"ACO  3825"
"ACO  3826"	"ClG"	"ACO  3826"
"ACO  3827"	"ClG"	"ACO  3827"
"ACO  3828"	"ClG"	"ACO  3828"
"ACO  3829"	"ClG"	"ACO  3829"
"ACO  3830"	"ClG"	"ACO  3830"
"ACO  3831"	"ClG"	"ACO  3831"
"ACO  3832"	"ClG"	"ACO  3832"
"ACO  3833"	"ClG"	"ACO  3833"
"ACO  3834"	"ClG"	"ACO  3834"
"ACO  3835"	"ClG"	"ACO  3835"
"ACO  3836"	"ClG"	"ACO  3836"
"ACO  3837"	"ClG"	"ACO  3837"
"ACO  3838"	"ClG"	"ACO  3838"
"ACO  3839"	"ClG"	"ACO  3839"
"ACO  3840"	"ClG"	"ACO  3840"
"ACO  3841"	"ClG"	"ACO  3841"
"ACO  3842"	"ClG"	"ACO  3842"
"ACO  3843"	"ClG"	"ACO  3843"
"ACO  3844"	"ClG"	"ACO  3844"
"ACO  3845"	"ClG"	"ACO  3845"
"ACO  3846"	"ClG"	"ACO  3846"
"ACO  3847"	"ClG"	"ACO  3847"
"ACO  3848"	"ClG"	"ACO  3848"
"ACO  3849"	"ClG"	"ACO  3849"
"ACO  3850"	"ClG"	"ACO  3850"
"ACO  3851"	"ClG"	"ACO  3851"
"ACO  3852"	"ClG"	"ACO  3852"
"ACO  3853"	"ClG"	"ACO  3853"
"ACO  3854"	"ClG"	"ACO  3854"
"ACO  3855"	"ClG"	"ACO  3855"
"ACO  3856"	"ClG"	"ACO  3856"
"ACO  3857"	"ClG"	"ACO  3857"
"ACO  3858"	"ClG"	"ACO  3858"
"ACO  3859"	"ClG"	"ACO  3859"
"ACO  3860"	"ClG"	"ACO  3860"
"ACO  3861"	"ClG"	"ACO  3861"
"ACO  3862"	"ClG"	"ACO  3862"
"ACO  3863"	"ClG"	"ACO  3863"
"ACO  3864"	"ClG"	"ACO  3864"
"ACO  3865"	"ClG"	"ACO  3865"
"ACO  3866"	"ClG"	"ACO  3866"
"ACO  3867"	"ClG"	"ACO  3867"
"ACO  3868"	"ClG"	"ACO  3868"
"ACO  3869"	"ClG"	"ACO  3869"
"ACO  3870"	"ClG"	"ACO  3870"
"ACO  3871"	"ClG"	"ACO  3871"
"ACO  3872"	"ClG"	"ACO  3872"
"ACO  3873"	"ClG"	"ACO  3873"
"ACO  3874"	"ClG"	"ACO  3874"
"ACO  3875"	"ClG"	"ACO  3875"
"ACO  3876"	"ClG"	"ACO  3876"
"ACO  3877"	"ClG"	"ACO  3877"
"ACO  3878"	"ClG"	"ACO  3878"
"ACO  3879"	"ClG"	"ACO  3879"
"ACO  3880"	"ClG"	"ACO  3880"
"ACO  3881"	"ClG"	"ACO  3881"
"ACO  3882"	"ClG"	"ACO  3882"
"ACO  3883"	"ClG"	"ACO  3883"
"ACO  3884"	"ClG"	"ACO  3884"
"ACO  3885"	"ClG"	"ACO  3885"
"ACO  3886"	"ClG"	"ACO  3886"
"ACO  3887"	"ClG"	"ACO  3887"
"ACO  3888"	"ClG"	"ACO  3888"
"ACO  3889"	"ClG"	"ACO  3889"
"ACO  3890"	"ClG"	"ACO  3890"
"ACO  3891"	"ClG"	"ACO  3891"
"ACO  3892"	"ClG"	"ACO  3892"
"ACO  3893"	"ClG"	"ACO  3893"
"ACO  3894"	"ClG"	"ACO  3894"
"ACO  3895"	"ClG"	"ACO  3895"
"ACO  3896"	"ClG"	"ACO  3896"
"ACO  3897"	"ClG"	"ACO  2462"
"ACO  3897"	"ClG"	"ACO  3897"
"ACO  3898"	"ClG"	"ACO  3898"
"ACO  3899"	"ClG"	"ACO  3899"
"ACO  3900"	"ClG"	"ACO  3900"
"ACO  3901"	"ClG"	"ACO  3901"
"ACO  3902"	"ClG"	"ACO  3902"
"ACO  3903"	"ClG"	"ACO  3903"
"ACO  3904"	"ClG"	"ACO  3904"
"ACO  3905"	"ClG"	"ACO  3905"
"ACO  3906"	"ClG"	"ACO  3906"
"ACO  3907"	"ClG"	"ACO  3907"
"ACO  3908"	"ClG"	"ACO  3908"
"ACO  3909"	"ClG"	"ACO  3909"
"ACO  3910"	"ClG"	"ACO  3910"
"ACO  3911"	"ClG"	"ACO  3911"
"ACO  3912"	"ClG"	"ACO  3912"
"ACO  3913"	"ClG"	"ACO  3913"
"ACO  3914"	"ClG"	"ACO  3914"
"ACO  3915"	"ClG"	"ACO  3915"
"ACO  3916"	"ClG"	"ACO  3916"
"ACO  3917"	"ClG"	"ACO  3917"
"ACO  3918"	"ClG"	"ACO  3918"
"ACO  3919"	"ClG"	"ACO  3919"
"ACO  3920"	"ClG"	"ACO  3920"
"ACO  3921"	"ClG"	"ACO  3921"
"ACO  3922"	"ClG"	"ACO  3922"
"ACO  3923"	"ClG"	"ACO  3923"
"ACO  3924"	"ClG"	"ACO  3924"
"ACO  3925"	"ClG"	"ACO  3925"
"ACO  3926"	"ClG"	"ACO  3926"
"ACO  3927"	"ClG"	"ACO  3927"
"ACO  3928"	"ClG"	"ACO  3928"
"ACO  3929"	"ClG"	"ACO  3929"
"ACO  3930"	"ClG"	"ACO  3930"
"ACO  3931"	"ClG"	"ACO  3931"
"ACO  3932"	"ClG"	"ACO  3932"
"ACO  3933"	"ClG"	"ACO  3933"
"ACO  3934"	"ClG"	"ACO  3934"
"ACO  3935"	"ClG"	"ACO  3935"
"ACO  3936"	"ClG"	"ACO  3936"
"ACO  3937"	"ClG"	"ACO  3937"
"ACO  3938"	"ClG"	"ACO  3938"
"ACO  3939"	"ClG"	"ACO  3939"
"ACO  3940"	"ClG"	"ACO  3940"
"ACO  3941"	"ClG"	"ACO  3941"
"ACO  3942"	"ClG"	"ACO  3942"
"ACO  3943"	"ClG"	"ACO  3943"
"ACO  3944"	"ClG"	"ACO  3944"
"ACO  3945"	"ClG"	"ACO  3945"
"ACO  3946"	"ClG"	"ACO  3946"
"ACO  3947"	"ClG"	"ACO  3947"
"ACO  3948"	"ClG"	"ACO  3948"
"ACO  3949"	"ClG"	"ACO  3949"
"ACO  3950"	"ClG"	"ACO  3950"
"ACO  3951"	"ClG"	"ACO  3951"
"ACO  3952"	"ClG"	"ACO  3952"
"ACO  3953"	"ClG"	"ACO  3953"
"ACO  3954"	"ClG"	"ACO  3954"
"ACO  3955"	"ClG"	"ACO  3955"
"ACO  3956"	"ClG"	"ACO  3956"
"ACO  3957"	"ClG"	"ACO  3957"
"ACO  3958"	"ClG"	"ACO  3958"
"ACO  3959"	"ClG"	"ACO  3959"
"ACO  3960"	"ClG"	"ACO  3960"
"ACO  3961"	"ClG"	"ACO  3961"
"ACO  3962"	"ClG"	"ACO  3962"
"ACO  3963"	"ClG"	"ACO  3963"
"ACO  3964"	"ClG"	"ACO  3964"
"ACO  3965"	"ClG"	"ACO  3965"
"ACO  3966"	"ClG"	"ACO  3966"
"ACO  3967"	"ClG"	"ACO  3967"
"ACO  3968"	"ClG"	"ACO  3968"
"ACO  3969"	"ClG"	"ACO  3969"
"ACO  3970"	"ClG"	"ACO  3970"
"ACO  3971"	"ClG"	"ACO  3971"
"ACO  3972"	"ClG"	"ACO  3972"
"ACO  3973"	"ClG"	"ACO  3973"
"ACO  3974"	"ClG"	"ACO  3974"
"ACO  3975"	"ClG"	"ACO  3975"
"ACO  3976"	"ClG"	"ACO  3976"
"ACO  3977"	"ClG"	"ACO  3977"
"ACO  3978"	"ClG"	"ACO  3978"
"ACO  3979"	"ClG"	"ACO  3979"
"ACO  3980"	"ClG"	"ACO  3980"
"ACO  3981"	"ClG"	"ACO  3981"
"ACO  3982"	"ClG"	"ACO  3982"
"ACO  3983"	"ClG"	"ACO  3983"
"ACO  3984"	"ClG"	"ACO  3984"
"ACO  3985"	"ClG"	"ACO  3985"
"ACO  3986"	"ClG"	"ACO  3986"
"ACO  3987"	"ClG"	"ACO  3987"
"ACO  3988"	"ClG"	"ACO  3988"
"ACO  3989"	"ClG"	"ACO  3989"
"ACO  3990"	"ClG"	"ACO  3990"
"ACO  3991"	"ClG"	"ACO  3991"
"ACO  3992"	"ClG"	"ACO  3992"
"ACO  3993"	"ClG"	"ACO  3993"
"ACO  3994"	"ClG"	"ACO  3994"
"ACO  3995"	"ClG"	"ACO  3995"
"ACO  3996"	"ClG"	"ACO  3996"
"ACO  3997"	"ClG"	"ACO  3997"
"ACO  3998"	"ClG"	"ACO  3998"
"ACO  3999"	"ClG"	"ACO  3999"
"ACO  4000"	"ClG"	"ACO  4000"
"ACO  4001"	"ClG"	"ACO  4001"
"ACO  4002"	"ClG"	"ACO  4002"
"ACO  4003"	"ClG"	"ACO  4003"
"ACO  4004"	"ClG"	"ACO  4004"
"ACO  4005"	"ClG"	"ACO  4005"
"ACO  4006"	"ClG"	"ACO  4006"
"ACO  4007"	"ClG"	"ACO  4007"
"ACO  4008"	"ClG"	"ACO  4008"
"ACO  4009"	"ClG"	"ACO  4009"
"ACO  4010"	"ClG"	"ACO  4010"
"ACO  4011"	"ClG"	"ACO  4011"
"ACO  4012"	"ClG"	"ACO  4012"
"ACO  4013"	"ClG"	"ACO  4013"
"ACO  4014"	"ClG"	"ACO  4014"
"ACO  4015"	"ClG"	"ACO  4015"
"ACO  4016"	"ClG"	"ACO  4016"
"ACO  4017"	"ClG"	"ACO  4017"
"ACO  4018"	"ClG"	"ACO  4018"
"ACO  4019"	"ClG"	"ACO  4019"
"ACO  4020"	"ClG"	"ACO  4020"
"ACO  4021"	"ClG"	"ACO  4021"
"ACO  4022"	"ClG"	"ACO  4022"
"ACO  4023"	"ClG"	"ACO  4023"
"ACO  4024"	"ClG"	"ACO  4024"
"ACO  4025"	"ClG"	"ACO  4025"
"ACO  4026"	"ClG"	"ACO  4026"
"ACO  4027"	"ClG"	"ACO  4027"
"ACO  4028"	"ClG"	"ACO  4028"
"ACO  4029"	"ClG"	"ACO  4029"
"ACO  4030"	"ClG"	"ACO  4030"
"ACO  4031"	"ClG"	"ACO  4031"
"ACO  4032"	"ClG"	"ACO  4032"
"ACO  4033"	"ClG"	"ACO  4033"
"ACO  4034"	"ClG"	"ACO  4034"
"ACO  4035"	"ClG"	"ACO  4035"
"ACO  4036"	"ClG"	"ACO  4036"
"ACO  4037"	"ClG"	"ACO  4037"
"ACO  4038"	"ClG"	"ACO  4038"
"ACO  4039"	"ClG"	"ACO  4039"
"ACO  4040"	"ClG"	"ACO  4040"
"ACO  4041"	"ClG"	"ACO  4041"
"ACO  4042"	"ClG"	"ACO  4042"
"ACO  4043"	"ClG"	"ACO  4043"
"ACO  4044"	"ClG"	"ACO  4044"
"ACO  4045"	"ClG"	"ACO  4045"
"ACO  4046"	"ClG"	"ACO  4046"
"ACO  4047"	"ClG"	"ACO  4047"
"ACO  4048"	"ClG"	"ACO  4048"
"ACO  4049"	"ClG"	"ACO  4049"
"ACO  4050"	"ClG"	"ACO  4050"
"ACO  4051"	"ClG"	"ACO  4051"
"ACO  4052"	"ClG"	"ACO  4052"
"ACO  4053"	"ClG"	"ACO  4053"
"ACO  4054"	"ClG"	"ACO  4054"
"ACO  4055"	"ClG"	"ACO  4055"
"ACO  4056"	"ClG"	"ACO  4056"
"ACO  4057"	"ClG"	"ACO  4057"
"ACO  4058"	"ClG"	"ACO  4058"
"ACO  4059"	"ClG"	"ACO  4059"
"ACO  4060"	"ClG"	"ACO  4060"
"ACO  4061"	"ClG"	"ACO  4061"
"ACO  4062"	"ClG"	"ACO  4062"
"ACO  4063"	"ClG"	"ACO  4063"
"ACO  4064"	"ClG"	"ACO  4064"
"ACO  4065"	"ClG"	"ACO  4065"
"ACO  4066"	"ClG"	"ACO  4066"
"ACO  4067"	"ClG"	"ACO  4067"
"ACO  4068"	"ClG"	"ACO  4068"
"ACO  4069"	"ClG"	"ACO  4069"
"ACO  4070"	"ClG"	"ACO  4070"
"ACO  4071"	"ClG"	"ACO  4071"
"ACO  4072"	"ClG"	"ACO  4072"
"ACO  4073"	"ClG"	"ACO  4073"
"ACO  4074"	"ClG"	"ACO  4074"
"ACO  4075"	"ClG"	"ACO  4075"
"ACO  4076"	"ClG"	"ACO  4076"
"ACO  5358"	"ClG"	"ACO  5358"
"ACO 12267"	"ClG"	"ACO 12267"
"ACO 13114"	"ClG"	"ACO 13114"
"ACO S    1"	"ClG"	"ACO S    1"
"ACO S    2"	"ClG"	"ACO S    2"
"ACO S    3"	"ClG"	"ACO S    3"
"ACO S    4"	"ClG"	"ACO S    4"
"ACO S    5"	"ClG"	"ACO S    5"
"ACO S    6"	"ClG"	"ACO S    6"
"ACO S    7"	"ClG"	"ACO S    7"
"ACO S    8"	"ClG"	"ACO S    8"
"ACO S    9"	"ClG"	"ACO S    9"
"ACO S   10"	"ClG"	"ACO S   10"
"ACO S   11"	"ClG"	"ACO S   11"
"ACO S   12"	"ClG"	"ACO S   12"
"ACO S   13"	"ClG"	"ACO S   13"
"ACO S   14"	"ClG"	"ACO S   14"
"ACO S   15"	"ClG"	"ACO S   15"
"ACO S   16"	"ClG"	"ACO S   16"
"ACO S   17"	"ClG"	"ACO S   17"
"ACO S   18"	"ClG"	"ACO S   18"
"ACO S   19"	"ClG"	"ACO S   19"
"ACO S   20"	"ClG"	"ACO S   20"
"ACO S   21"	"ClG"	"ACO S   21"
"ACO S   22"	"ClG"	"ACO S   22"
"ACO S   23"	"ClG"	"ACO S   23"
"ACO S   24"	"ClG"	"ACO S   24"
"ACO S   25"	"ClG"	"ACO S   25"
"ACO S   26"	"ClG"	"ACO S   26"
"ACO S   27"	"ClG"	"ACO S   27"
"ACO S   28"	"ClG"	"ACO S   28"
"ACO S   29"	"ClG"	"ACO S   29"
"ACO S   30"	"ClG"	"ACO S   30"
"ACO S   31"	"ClG"	"ACO S   31"
"ACO S   32"	"ClG"	"ACO S   32"
"ACO S   33"	"ClG"	"ACO S   33"
"ACO S   34"	"ClG"	"ACO S   34"
"ACO S   35"	"ClG"	"ACO S   35"
"ACO S   36"	"ClG"	"ACO S   36"
"ACO S   37"	"ClG"	"ACO S   37"
"ACO S   38"	"ClG"	"ACO S   38"
"ACO S   39"	"ClG"	"ACO S   39"
"ACO S   40"	"ClG"	"ACO S   40"
"ACO S   41"	"ClG"	"ACO S   41"
"ACO S   42"	"ClG"	"ACO S   42"
"ACO S   43"	"ClG"	"ACO S   43"
"ACO S   44"	"ClG"	"ACO S   44"
"ACO S   45"	"ClG"	"ACO S   45"
"ACO S   46"	"ClG"	"ACO S   46"
"ACO S   47"	"ClG"	"ACO S   47"
"ACO S   48"	"ClG"	"ACO S   48"
"ACO S   49"	"ClG"	"ACO S   49"
"ACO S   50"	"ClG"	"ACO S   50"
"ACO S   51"	"ClG"	"ACO S   51"
"ACO S   52"	"ClG"	"ACO S   52"
"ACO S   53"	"ClG"	"ACO S   53"
"ACO S   54"	"ClG"	"ACO S   54"
"ACO S   55"	"ClG"	"ACO S   55"
"ACO S   56"	"ClG"	"ACO S   56"
"ACO S   57"	"ClG"	"ACO S   57"
"ACO S   58"	"ClG"	"ACO S   58"
"ACO S   59"	"ClG"	"ACO S   59"
"ACO S   60"	"ClG"	"ACO S   60"
"ACO S   61"	"ClG"	"ACO S   61"
"ACO S   62"	"ClG"	"ACO S   62"
"ACO S   63"	"ClG"	"ACO S   63"
"ACO S   64"	"ClG"	"ACO S   64"
"ACO S   65"	"ClG"	"ACO S   65"
"ACO S   66"	"ClG"	"ACO S   66"
"ACO S   67"	"ClG"	"ACO S   67"
"ACO S   68"	"ClG"	"ACO S   68"
"ACO S   69"	"ClG"	"ACO S   69"
"ACO S   70"	"ClG"	"ACO S   70"
"ACO S   71"	"ClG"	"ACO S   71"
"ACO S   72"	"ClG"	"ACO S   72"
"ACO S   73"	"ClG"	"ACO S   73"
"ACO S   74"	"ClG"	"ACO S   74"
"ACO S   75"	"ClG"	"ACO S   75"
"ACO S   76"	"ClG"	"ACO S   76"
"ACO S   77"	"ClG"	"ACO S   77"
"ACO S   78"	"ClG"	"ACO S   78"
"ACO S   79"	"ClG"	"ACO S   79"
"ACO S   80"	"ClG"	"ACO S   80"
"ACO S   81"	"ClG"	"ACO S   81"
"ACO S   82"	"ClG"	"ACO S   82"
"ACO S   83"	"ClG"	"ACO S   83"
"ACO S   84"	"ClG"	"ACO S   84"
"ACO S   85"	"ClG"	"ACO S   85"
"ACO S   86"	"ClG"	"ACO S   86"
"ACO S   87"	"ClG"	"ACO S   87"
"ACO S   88"	"ClG"	"ACO S   88"
"ACO S   89"	"ClG"	"ACO S   89"
"ACO S   90"	"ClG"	"ACO S   90"
"ACO S   91"	"ClG"	"ACO S   91"
"ACO S   92"	"ClG"	"ACO S   92"
"ACO S   93"	"ClG"	"ACO S   93"
"ACO S   94"	"ClG"	"ACO S   94"
"ACO S   95"	"ClG"	"ACO S   95"
"ACO S   96"	"ClG"	"ACO S   96"
"ACO S   97"	"ClG"	"ACO S   97"
"ACO S   98"	"ClG"	"ACO S   98"
"ACO S   99"	"ClG"	"ACO S   99"
"ACO S  100"	"ClG"	"ACO S  100"
"ACO S  101"	"ClG"	"ACO S  101"
"ACO S  102"	"ClG"	"ACO S  102"
"ACO S  103"	"ClG"	"ACO S  103"
"ACO S  104"	"ClG"	"ACO S  104"
"ACO S  105"	"ClG"	"ACO S  105"
"ACO S  106"	"ClG"	"ACO S  106"
"ACO S  107"	"ClG"	"ACO S  107"
"ACO S  108"	"ClG"	"ACO S  108"
"ACO S  109"	"ClG"	"ACO S  109"
"ACO S  110"	"ClG"	"ACO S  110"
"ACO S  111"	"ClG"	"ACO S  111"
"ACO S  112"	"ClG"	"ACO S  112"
"ACO S  113"	"ClG"	"ACO S  113"
"ACO S  114"	"ClG"	"ACO S  114"
"ACO S  115"	"ClG"	"ACO S  115"
"ACO S  116"	"ClG"	"ACO S  116"
"ACO S  117"	"ClG"	"ACO S  117"
"ACO S  118"	"ClG"	"ACO S  118"
"ACO S  119"	"ClG"	"ACO S  119"
"ACO S  120"	"ClG"	"ACO S  120"
"ACO S  121"	"ClG"	"ACO S  121"
"ACO S  122"	"ClG"	"ACO S  122"
"ACO S  123"	"ClG"	"ACO S  123"
"ACO S  124"	"ClG"	"ACO S  124"
"ACO S  125"	"ClG"	"ACO S  125"
"ACO S  126"	"ClG"	"ACO S  126"
"ACO S  127"	"ClG"	"ACO S  127"
"ACO S  128"	"ClG"	"ACO S  128"
"ACO S  129"	"ClG"	"ACO S  129"
"ACO S  130"	"ClG"	"ACO S  130"
"ACO S  131"	"ClG"	"ACO S  131"
"ACO S  132"	"ClG"	"ACO S  132"
"ACO S  133"	"ClG"	"ACO S  133"
"ACO S  134"	"ClG"	"ACO S  134"
"ACO S  135"	"ClG"	"ACO S  135"
"ACO S  136"	"ClG"	"ACO S  136"
"ACO S  137"	"ClG"	"ACO S  137"
"ACO S  138"	"ClG"	"ACO S  138"
"ACO S  139"	"ClG"	"ACO S  139"
"ACO S  140"	"ClG"	"ACO S  140"
"ACO S  141"	"ClG"	"ACO S  141"
"ACO S  142"	"ClG"	"ACO S  142"
"ACO S  143"	"ClG"	"ACO S  143"
"ACO S  144"	"ClG"	"ACO S  144"
"ACO S  145"	"ClG"	"ACO S  145"
"ACO S  146"	"ClG"	"ACO S  146"
"ACO S  147"	"ClG"	"ACO S  147"
"ACO S  148"	"ClG"	"ACO S  148"
"ACO S  149"	"ClG"	"ACO S  149"
"ACO S  150"	"ClG"	"ACO S  150"
"ACO S  151"	"ClG"	"ACO S  151"
"ACO S  152"	"ClG"	"ACO S  152"
"ACO S  153"	"ClG"	"ACO S  153"
"ACO S  154"	"ClG"	"ACO S  154"
"ACO S  155"	"ClG"	"ACO S  155"
"ACO S  156"	"ClG"	"ACO S  156"
"ACO S  157"	"ClG"	"ACO S  157"
"ACO S  158"	"ClG"	"ACO S  158"
"ACO S  159"	"ClG"	"ACO S  159"
"ACO S  160"	"ClG"	"ACO S  160"
"ACO S  161"	"ClG"	"ACO S  161"
"ACO S  162"	"ClG"	"ACO S  162"
"ACO S  163"	"ClG"	"ACO S  163"
"ACO S  164"	"ClG"	"ACO S  164"
"ACO S  165"	"ClG"	"ACO S  165"
"ACO S  166"	"ClG"	"ACO S  166"
"ACO S  167"	"ClG"	"ACO S  167"
"ACO S  168"	"ClG"	"ACO S  168"
"ACO S  169"	"ClG"	"ACO S  169"
"ACO S  170"	"ClG"	"ACO S  170"
"ACO S  171"	"ClG"	"ACO S  171"
"ACO S  172"	"ClG"	"ACO S  172"
"ACO S  173"	"ClG"	"ACO S  173"
"ACO S  174"	"ClG"	"ACO S  174"
"ACO S  175"	"ClG"	"ACO S  175"
"ACO S  176"	"ClG"	"ACO S  176"
"ACO S  177"	"ClG"	"ACO S  177"
"ACO S  178"	"ClG"	"ACO S  178"
"ACO S  179"	"ClG"	"ACO S  179"
"ACO S  180"	"ClG"	"ACO S  180"
"ACO S  181"	"ClG"	"ACO S  181"
"ACO S  182"	"ClG"	"ACO S  182"
"ACO S  183"	"ClG"	"ACO S  183"
"ACO S  184"	"ClG"	"ACO S  184"
"ACO S  185"	"ClG"	"ACO S  185"
"ACO S  186"	"ClG"	"ACO S  186"
"ACO S  187"	"ClG"	"ACO S  187"
"ACO S  188"	"ClG"	"ACO S  188"
"ACO S  189"	"ClG"	"ACO S  189"
"ACO S  190"	"ClG"	"ACO S  190"
"ACO S  191"	"ClG"	"ACO S  191"
"ACO S  192"	"ClG"	"ACO S  192"
"ACO S  193"	"ClG"	"ACO S  193"
"ACO S  194"	"ClG"	"ACO S  194"
"ACO S  195"	"ClG"	"ACO S  195"
"ACO S  196"	"ClG"	"ACO S  196"
"ACO S  197"	"ClG"	"ACO S  197"
"ACO S  198"	"ClG"	"ACO S  198"
"ACO S  199"	"ClG"	"ACO S  199"
"ACO S  200"	"ClG"	"ACO S  200"
"ACO S  201"	"ClG"	"ACO S  201"
"ACO S  202"	"ClG"	"ACO S  202"
"ACO S  203"	"ClG"	"ACO S  203"
"ACO S  204"	"ClG"	"ACO S  204"
"ACO S  205"	"ClG"	"ACO S  205"
"ACO S  206"	"ClG"	"ACO S  206"
"ACO S  207"	"ClG"	"ACO S  207"
"ACO S  208"	"ClG"	"ACO S  208"
"ACO S  209"	"ClG"	"ACO S  209"
"ACO S  210"	"ClG"	"ACO S  210"
"ACO S  211"	"ClG"	"ACO S  211"
"ACO S  212"	"ClG"	"ACO S  212"
"ACO S  213"	"ClG"	"ACO S  213"
"ACO S  214"	"ClG"	"ACO S  214"
"ACO S  215"	"ClG"	"ACO S  215"
"ACO S  216"	"ClG"	"ACO S  216"
"ACO S  217"	"ClG"	"ACO S  217"
"ACO S  218"	"ClG"	"ACO S  218"
"ACO S  219"	"ClG"	"ACO S  219"
"ACO S  220"	"ClG"	"ACO S  220"
"ACO S  221"	"ClG"	"ACO S  221"
"ACO S  222"	"ClG"	"ACO S  222"
"ACO S  223"	"ClG"	"ACO S  223"
"ACO S  224"	"ClG"	"ACO S  224"
"ACO S  225"	"ClG"	"ACO S  225"
"ACO S  226"	"ClG"	"ACO S  226"
"ACO S  227"	"ClG"	"ACO S  227"
"ACO S  228"	"ClG"	"ACO S  228"
"ACO S  229"	"ClG"	"ACO S  229"
"ACO S  230"	"ClG"	"ACO S  230"
"ACO S  231"	"ClG"	"ACO S  231"
"ACO S  232"	"ClG"	"ACO S  232"
"ACO S  233"	"ClG"	"ACO S  233"
"ACO S  234"	"ClG"	"ACO S  234"
"ACO S  235"	"ClG"	"ACO S  235"
"ACO S  236"	"ClG"	"ACO S  236"
"ACO S  237"	"ClG"	"ACO S  237"
"ACO S  238"	"ClG"	"ACO S  238"
"ACO S  239"	"ClG"	"ACO S  239"
"ACO S  240"	"ClG"	"ACO S  240"
"ACO S  241"	"ClG"	"ACO S  241"
"ACO S  242"	"ClG"	"ACO S  242"
"ACO S  243"	"ClG"	"ACO S  243"
"ACO S  244"	"ClG"	"ACO S  244"
"ACO S  245"	"ClG"	"ACO S  245"
"ACO S  246"	"ClG"	"ACO S  246"
"ACO S  247"	"ClG"	"ACO S  247"
"ACO S  248"	"ClG"	"ACO S  248"
"ACO S  249"	"ClG"	"ACO S  249"
"ACO S  250"	"ClG"	"ACO S  250"
"ACO S  251"	"ClG"	"ACO S  251"
"ACO S  252"	"ClG"	"ACO S  252"
"ACO S  253"	"ClG"	"ACO S  253"
"ACO S  254"	"ClG"	"ACO S  254"
"ACO S  255"	"ClG"	"ACO S  255"
"ACO S  256"	"ClG"	"ACO S  256"
"ACO S  257"	"ClG"	"ACO S  257"
"ACO S  258"	"ClG"	"ACO S  258"
"ACO S  259"	"ClG"	"ACO S  259"
"ACO S  260"	"ClG"	"ACO S  260"
"ACO S  261"	"ClG"	"ACO S  261"
"ACO S  262"	"ClG"	"ACO S  262"
"ACO S  263"	"ClG"	"ACO S  263"
"ACO S  264"	"ClG"	"ACO S  264"
"ACO S  265"	"ClG"	"ACO S  265"
"ACO S  266"	"ClG"	"ACO S  266"
"ACO S  267"	"ClG"	"ACO S  267"
"ACO S  268"	"ClG"	"ACO S  268"
"ACO S  269"	"ClG"	"ACO S  269"
"ACO S  270"	"ClG"	"ACO S  270"
"ACO S  271"	"ClG"	"ACO S  271"
"ACO S  272"	"ClG"	"ACO S  272"
"ACO S  273"	"ClG"	"ACO S  273"
"ACO S  274"	"ClG"	"ACO S  274"
"ACO S  275"	"ClG"	"ACO S  275"
"ACO S  276"	"ClG"	"ACO S  276"
"ACO S  277"	"ClG"	"ACO S  277"
"ACO S  278"	"ClG"	"ACO S  278"
"ACO S  279"	"ClG"	"ACO S  279"
"ACO S  280"	"ClG"	"ACO S  280"
"ACO S  281"	"ClG"	"ACO S  281"
"ACO S  282"	"ClG"	"ACO S  282"
"ACO S  283"	"ClG"	"ACO S  283"
"ACO S  284"	"ClG"	"ACO S  284"
"ACO S  285"	"ClG"	"ACO S  285"
"ACO S  286"	"ClG"	"ACO S  286"
"ACO S  287"	"ClG"	"ACO S  287"
"ACO S  288"	"ClG"	"ACO S  288"
"ACO S  289"	"ClG"	"ACO S  289"
"ACO S  290"	"ClG"	"ACO S  290"
"ACO S  291"	"ClG"	"ACO S  291"
"ACO S  292"	"ClG"	"ACO S  292"
"ACO S  293"	"ClG"	"ACO S  293"
"ACO S  294"	"ClG"	"ACO S  294"
"ACO S  295"	"ClG"	"ACO S  295"
"ACO S  296"	"ClG"	"ACO S  296"
"ACO S  297"	"ClG"	"ACO S  297"
"ACO S  298"	"ClG"	"ACO S  298"
"ACO S  299"	"ClG"	"ACO S  299"
"ACO S  300"	"EmG"	"ACO S  300"
"ACO S  301"	"ClG"	"ACO S  301"
"ACO S  302"	"ClG"	"ACO S  302"
"ACO S  303"	"ClG"	"ACO S  303"
"ACO S  304"	"ClG"	"ACO S  304"
"ACO S  305"	"ClG"	"ACO S  305"
"ACO S  306"	"ClG"	"ACO S  306"
"ACO S  307"	"ClG"	"ACO S  307"
"ACO S  308"	"ClG"	"ACO S  308"
"ACO S  309"	"ClG"	"ACO S  309"
"ACO S  310"	"ClG"	"ACO S  310"
"ACO S  311"	"ClG"	"ACO S  311"
"ACO S  312"	"ClG"	"ACO S  312"
"ACO S  313"	"ClG"	"ACO S  313"
"ACO S  314"	"ClG"	"ACO S  314"
"ACO S  315"	"ClG"	"ACO S  315"
"ACO S  316"	"ClG"	"ACO S  316"
"ACO S  317"	"ClG"	"ACO S  317"
"ACO S  318"	"ClG"	"ACO S  318"
"ACO S  319"	"ClG"	"ACO S  319"
"ACO S  320"	"ClG"	"ACO S  320"
"ACO S  321"	"ClG"	"ACO S  321"
"ACO S  322"	"ClG"	"ACO S  322"
"ACO S  323"	"ClG"	"ACO S  323"
"ACO S  324"	"ClG"	"ACO S  324"
"ACO S  325"	"ClG"	"ACO S  325"
"ACO S  326"	"ClG"	"ACO S  326"
"ACO S  327"	"ClG"	"ACO S  327"
"ACO S  328"	"ClG"	"ACO S  328"
"ACO S  329"	"ClG"	"ACO S  329"
"ACO S  330"	"ClG"	"ACO S  330"
"ACO S  331"	"ClG"	"ACO S  331"
"ACO S  332"	"ClG"	"ACO S  332"
"ACO S  333"	"ClG"	"ACO S  333"
"ACO S  334"	"ClG"	"ACO S  334"
"ACO S  335"	"ClG"	"ACO S  335"
"ACO S  336"	"ClG"	"ACO S  336"
"ACO S  337"	"ClG"	"ACO S  337"
"ACO S  338"	"ClG"	"ACO S  338"
"ACO S  339"	"ClG"	"ACO S  339"
"ACO S  340"	"ClG"	"ACO S  340"
"ACO S  341"	"ClG"	"ACO S  341"
"ACO S  342"	"ClG"	"ACO S  342"
"ACO S  343"	"ClG"	"ACO S  343"
"ACO S  344"	"ClG"	"ACO S  344"
"ACO S  345"	"ClG"	"ACO S  345"
"ACO S  346"	"ClG"	"ACO S  346"
"ACO S  347"	"ClG"	"ACO S  347"
"ACO S  348"	"ClG"	"ACO S  348"
"ACO S  349"	"ClG"	"ACO S  349"
"ACO S  350"	"ClG"	"ACO S  350"
"ACO S  351"	"ClG"	"ACO S  351"
"ACO S  352"	"ClG"	"ACO S  352"
"ACO S  353"	"ClG"	"ACO S  353"
"ACO S  354"	"ClG"	"ACO S  354"
"ACO S  355"	"ClG"	"ACO S  355"
"ACO S  356"	"ClG"	"ACO S  356"
"ACO S  357"	"ClG"	"ACO S  357"
"ACO S  358"	"ClG"	"ACO S  358"
"ACO S  359"	"ClG"	"ACO S  359"
"ACO S  360"	"ClG"	"ACO S  360"
"ACO S  361"	"ClG"	"ACO S  361"
"ACO S  362"	"ClG"	"ACO S  362"
"ACO S  363"	"ClG"	"ACO S  363"
"ACO S  364"	"ClG"	"ACO S  364"
"ACO S  365"	"ClG"	"ACO S  365"
"ACO S  366"	"ClG"	"ACO S  366"
"ACO S  367"	"ClG"	"ACO S  367"
"ACO S  368"	"ClG"	"ACO S  368"
"ACO S  369"	"ClG"	"ACO S  369"
"ACO S  370"	"ClG"	"ACO S  370"
"ACO S  371"	"ClG"	"ACO S  371"
"ACO S  372"	"ClG"	"ACO S  372"
"ACO S  373"	"ClG"	"ACO S  373"
"ACO S  373"	"ClG"	"NAME For Cluster"
"ACO S  373"	"ClG"	"NAME Fornax Cluster"
"ACO S  373"	"ClG"	"NAME For Group"
"ACO S  373"	"ClG"	"NAME Fornax Group"
"ACO S  373"	"ClG"	"NAME NGC 1399 Group"
"ACO S  374"	"ClG"	"ACO S  374"
"ACO S  375"	"ClG"	"ACO S  375"
"ACO S  376"	"ClG"	"ACO S  376"
"ACO S  377"	"ClG"	"ACO S  377"
"ACO S  378"	"ClG"	"ACO S  378"
"ACO S  379"	"ClG"	"ACO S  379"
"ACO S  380"	"ClG"	"ACO S  380"
"ACO S  381"	"ClG"	"ACO S  381"
"ACO S  382"	"ClG"	"ACO S  382"
"ACO S  383"	"ClG"	"ACO S  383"
"ACO S  384"	"ClG"	"ACO S  384"
"ACO S  385"	"ClG"	"ACO S  385"
"ACO S  386"	"ClG"	"ACO S  386"
"ACO S  387"	"ClG"	"ACO S  387"
"ACO S  388"	"ClG"	"ACO S  388"
"ACO S  389"	"ClG"	"ACO S  389"
"ACO S  390"	"ClG"	"ACO S  390"
"ACO S  391"	"ClG"	"ACO S  391"
"ACO S  392"	"ClG"	"ACO S  392"
"ACO S  393"	"ClG"	"ACO S  393"
"ACO S  394"	"ClG"	"ACO S  394"
"ACO S  395"	"ClG"	"ACO S  395"
"ACO S  396"	"ClG"	"ACO S  396"
"ACO S  397"	"ClG"	"ACO S  397"
"ACO S  398"	"ClG"	"ACO S  398"
"ACO S  399"	"ClG"	"ACO S  399"
"ACO S  400"	"ClG"	"ACO S  400"
"ACO S  401"	"ClG"	"ACO S  401"
"ACO S  402"	"ClG"	"ACO S  402"
"ACO S  403"	"ClG"	"ACO S  403"
"ACO S  404"	"ClG"	"ACO S  404"
"ACO S  405"	"ClG"	"ACO S  405"
"ACO S  406"	"ClG"	"ACO S  406"
"ACO S  407"	"ClG"	"ACO S  407"
"ACO S  408"	"ClG"	"ACO S  408"
"ACO S  409"	"ClG"	"ACO S  409"
"ACO S  410"	"ClG"	"ACO S  410"
"ACO S  411"	"ClG"	"ACO S  411"
"ACO S  412"	"ClG"	"ACO S  412"
"ACO S  413"	"ClG"	"ACO S  413"
"ACO S  414"	"ClG"	"ACO S  414"
"ACO S  415"	"ClG"	"ACO S  415"
"ACO S  416"	"ClG"	"ACO S  416"
"ACO S  417"	"ClG"	"ACO S  417"
"ACO S  418"	"ClG"	"ACO S  418"
"ACO S  419"	"ClG"	"ACO S  419"
"ACO S  420"	"ClG"	"ACO S  420"
"ACO S  421"	"ClG"	"ACO S  421"
"ACO S  422"	"ClG"	"ACO S  422"
"ACO S  423"	"ClG"	"ACO S  423"
"ACO S  424"	"ClG"	"ACO S  424"
"ACO S  425"	"ClG"	"ACO S  425"
"ACO S  426"	"ClG"	"ACO S  426"
"ACO S  427"	"ClG"	"ACO S  427"
"ACO S  428"	"ClG"	"ACO S  428"
"ACO S  429"	"ClG"	"ACO S  429"
"ACO S  430"	"ClG"	"ACO S  430"
"ACO S  431"	"ClG"	"ACO S  431"
"ACO S  432"	"ClG"	"ACO S  432"
"ACO S  433"	"ClG"	"ACO S  433"
"ACO S  434"	"ClG"	"ACO S  434"
"ACO S  435"	"ClG"	"ACO S  435"
"ACO S  436"	"ClG"	"ACO S  436"
"ACO S  437"	"ClG"	"ACO S  437"
"ACO S  438"	"ClG"	"ACO S  438"
"ACO S  439"	"ClG"	"ACO S  439"
"ACO S  440"	"ClG"	"ACO S  440"
"ACO S  441"	"ClG"	"ACO S  441"
"ACO S  442"	"ClG"	"ACO S  442"
"ACO S  443"	"ClG"	"ACO S  443"
"ACO S  444"	"ClG"	"ACO S  444"
"ACO S  445"	"ClG"	"ACO S  445"
"ACO S  446"	"ClG"	"ACO S  446"
"ACO S  447"	"ClG"	"ACO S  447"
"ACO S  448"	"ClG"	"ACO S  448"
"ACO S  449"	"ClG"	"ACO S  449"
"ACO S  450"	"ClG"	"ACO S  450"
"ACO S  451"	"ClG"	"ACO S  451"
"ACO S  452"	"ClG"	"ACO S  452"
"ACO S  453"	"ClG"	"ACO S  453"
"ACO S  454"	"ClG"	"ACO S  454"
"ACO S  455"	"ClG"	"ACO S  455"
"ACO S  456"	"ClG"	"ACO S  456"
"ACO S  457"	"ClG"	"ACO S  457"
"ACO S  458"	"ClG"	"ACO S  458"
"ACO S  459"	"ClG"	"ACO S  459"
"ACO S  460"	"ClG"	"ACO S  460"
"ACO S  461"	"ClG"	"ACO S  461"
"ACO S  462"	"ClG"	"ACO S  462"
"ACO S  463"	"ClG"	"ACO S  463"
"ACO S  464"	"ClG"	"ACO S  464"
"ACO S  465"	"ClG"	"ACO S  465"
"ACO S  466"	"ClG"	"ACO S  466"
"ACO S  467"	"ClG"	"ACO S  467"
"ACO S  468"	"ClG"	"ACO S  468"
"ACO S  469"	"ClG"	"ACO S  469"
"ACO S  470"	"ClG"	"ACO S  470"
"ACO S  471"	"ClG"	"ACO S  471"
"ACO S  472"	"ClG"	"ACO S  472"
"ACO S  473"	"ClG"	"ACO S  473"
"ACO S  474"	"ClG"	"ACO S  474"
"ACO S  475"	"ClG"	"ACO S  475"
"ACO S  476"	"ClG"	"ACO S  476"
"ACO S  477"	"ClG"	"ACO S  477"
"ACO S  478"	"ClG"	"ACO S  478"
"ACO S  479"	"ClG"	"ACO S  479"
"ACO S  480"	"ClG"	"ACO S  480"
"ACO S  481"	"ClG"	"ACO S  481"
"ACO S  482"	"ClG"	"ACO S  482"
"ACO S  483"	"ClG"	"ACO S  483"
"ACO S  484"	"ClG"	"ACO S  484"
"ACO S  485"	"ClG"	"ACO S  485"
"ACO S  486"	"ClG"	"ACO S  486"
"ACO S  487"	"ClG"	"ACO S  487"
"ACO S  488"	"ClG"	"ACO S  488"
"ACO S  489"	"ClG"	"ACO S  489"
"ACO S  490"	"ClG"	"ACO S  490"
"ACO S  491"	"ClG"	"ACO S  491"
"ACO S  492"	"ClG"	"ACO S  492"
"ACO S  493"	"ClG"	"ACO S  493"
"ACO S  494"	"ClG"	"ACO S  494"
"ACO S  495"	"ClG"	"ACO S  495"
"ACO S  496"	"ClG"	"ACO S  496"
"ACO S  497"	"ClG"	"ACO S  497"
"ACO S  498"	"ClG"	"ACO S  498"
"ACO S  499"	"ClG"	"ACO S  499"
"ACO S  500"	"ClG"	"ACO S  500"
"ACO S  501"	"ClG"	"ACO S  501"
"ACO S  502"	"ClG"	"ACO S  502"
"ACO S  503"	"ClG"	"ACO S  503"
"ACO S  504"	"ClG"	"ACO S  504"
"ACO S  505"	"ClG"	"ACO S  505"
"ACO S  506"	"ClG"	"ACO S  506"
"ACO S  507"	"ClG"	"ACO S  507"
"ACO S  508"	"ClG"	"ACO S  508"
"ACO S  509"	"ClG"	"ACO S  509"
"ACO S  510"	"ClG"	"ACO S  510"
"ACO S  511"	"ClG"	"ACO S  511"
"ACO S  512"	"ClG"	"ACO S  512"
"ACO S  513"	"ClG"	"ACO S  513"
"ACO S  514"	"ClG"	"ACO S  514"
"ACO S  515"	"ClG"	"ACO S  515"
"ACO S  516"	"ClG"	"ACO S  516"
"ACO S  517"	"ClG"	"ACO S  517"
"ACO S  518"	"ClG"	"ACO S  518"
"ACO S  519"	"ClG"	"ACO S  519"
"ACO S  520"	"ClG"	"ACO S  520"
"ACO S  521"	"ClG"	"ACO S  521"
"ACO S  522"	"ClG"	"ACO S  522"
"ACO S  523"	"ClG"	"ACO S  523"
"ACO S  524"	"ClG"	"ACO S  524"
"ACO S  525"	"ClG"	"ACO S  525"
"ACO S  526"	"ClG"	"ACO S  526"
"ACO S  527"	"ClG"	"ACO S  527"
"ACO S  528"	"ClG"	"ACO S  528"
"ACO S  529"	"ClG"	"ACO S  529"
"ACO S  530"	"ClG"	"ACO S  530"
"ACO S  531"	"ClG"	"ACO S  531"
"ACO S  532"	"ClG"	"ACO S  532"
"ACO S  533"	"ClG"	"ACO S  533"
"ACO S  534"	"ClG"	"ACO S  534"
"ACO S  535"	"ClG"	"ACO S  535"
"ACO S  536"	"ClG"	"ACO S  536"
"ACO S  537"	"ClG"	"ACO S  537"
"ACO S  538"	"ClG"	"ACO S  538"
"ACO S  539"	"ClG"	"ACO S  539"
"ACO S  540"	"ClG"	"ACO S  540"
"ACO S  540"	"ClG"	"NAME ESO 306-17 Group"
"ACO S  541"	"ClG"	"ACO S  541"
"ACO S  542"	"ClG"	"ACO S  542"
"ACO S  543"	"ClG"	"ACO S  543"
"ACO S  544"	"ClG"	"ACO S  544"
"ACO S  545"	"ClG"	"ACO S  545"
"ACO S  546"	"ClG"	"ACO S  546"
"ACO S  547"	"ClG"	"ACO S  547"
"ACO S  548"	"ClG"	"ACO S  548"
"ACO S  549"	"ClG"	"ACO S  549"
"ACO S  550"	"ClG"	"ACO S  550"
"ACO S  551"	"ClG"	"ACO S  551"
"ACO S  552"	"ClG"	"ACO S  552"
"ACO S  553"	"ClG"	"ACO S  553"
"ACO S  554"	"ClG"	"ACO S  554"
"ACO S  555"	"ClG"	"ACO S  555"
"ACO S  556"	"ClG"	"ACO S  556"
"ACO S  557"	"ClG"	"ACO S  557"
"ACO S  558"	"ClG"	"ACO S  558"
"ACO S  559"	"ClG"	"ACO S  559"
"ACO S  560"	"ClG"	"ACO S  560"
"ACO S  561"	"ClG"	"ACO S  561"
"ACO S  562"	"ClG"	"ACO S  562"
"ACO S  563"	"ClG"	"ACO S  563"
"ACO S  564"	"ClG"	"ACO S  564"
"ACO S  565"	"ClG"	"ACO S  565"
"ACO S  566"	"ClG"	"ACO S  566"
"ACO S  567"	"ClG"	"ACO S  567"
"ACO S  568"	"ClG"	"ACO S  568"
"ACO S  569"	"ClG"	"ACO S  569"
"ACO S  570"	"ClG"	"ACO S  570"
"ACO S  571"	"ClG"	"ACO S  571"
"ACO S  572"	"ClG"	"ACO S  572"
"ACO S  573"	"ClG"	"ACO S  573"
"ACO S  574"	"ClG"	"ACO S  574"
"ACO S  575"	"ClG"	"ACO S  575"
"ACO S  576"	"ClG"	"ACO S  576"
"ACO S  577"	"ClG"	"ACO S  577"
"ACO S  578"	"ClG"	"ACO S  578"
"ACO S  579"	"ClG"	"ACO S  579"
"ACO S  580"	"ClG"	"ACO S  580"
"ACO S  581"	"ClG"	"ACO S  581"
"ACO S  582"	"ClG"	"ACO S  582"
"ACO S  583"	"ClG"	"ACO S  583"
"ACO S  584"	"ClG"	"ACO S  584"
"ACO S  585"	"ClG"	"ACO S  585"
"ACO S  586"	"ClG"	"ACO S  586"
"ACO S  587"	"ClG"	"ACO S  587"
"ACO S  588"	"ClG"	"ACO S  588"
"ACO S  589"	"ClG"	"ACO S  589"
"ACO S  590"	"ClG"	"ACO S  590"
"ACO S  591"	"ClG"	"ACO S  591"
"ACO S  592"	"ClG"	"ACO S  592"
"ACO S  593"	"ClG"	"ACO S  593"
"ACO S  594"	"ClG"	"ACO S  594"
"ACO S  595"	"ClG"	"ACO S  595"
"ACO S  596"	"ClG"	"ACO S  596"
"ACO S  597"	"ClG"	"ACO S  597"
"ACO S  598"	"ClG"	"ACO S  598"
"ACO S  599"	"ClG"	"ACO S  599"
"ACO S  600"	"ClG"	"ACO S  600"
"ACO S  601"	"ClG"	"ACO S  601"
"ACO S  602"	"ClG"	"ACO S  602"
"ACO S  603"	"ClG"	"ACO S  603"
"ACO S  604"	"ClG"	"ACO S  604"
"ACO S  605"	"ClG"	"ACO S  605"
"ACO S  606"	"ClG"	"ACO S  606"
"ACO S  607"	"ClG"	"ACO S  607"
"ACO S  608"	"ClG"	"ACO S  608"
"ACO S  609"	"ClG"	"ACO S  609"
"ACO S  610"	"ClG"	"ACO S  610"
"ACO S  611"	"ClG"	"ACO S  611"
"ACO S  612"	"ClG"	"ACO S  612"
"ACO S  613"	"ClG"	"ACO S  613"
"ACO S  614"	"ClG"	"ACO S  614"
"ACO S  615"	"ClG"	"ACO S  615"
"ACO S  616"	"ClG"	"ACO S  616"
"ACO S  617"	"ClG"	"ACO S  617"
"ACO S  618"	"ClG"	"ACO S  618"
"ACO S  619"	"ClG"	"ACO S  619"
"ACO S  620"	"ClG"	"ACO S  620"
"ACO S  621"	"ClG"	"ACO S  621"
"ACO S  622"	"ClG"	"ACO S  622"
"ACO S  623"	"ClG"	"ACO S  623"
"ACO S  624"	"ClG"	"ACO S  624"
"ACO S  625"	"ClG"	"ACO S  625"
"ACO S  626"	"ClG"	"ACO S  626"
"ACO S  627"	"ClG"	"ACO S  627"
"ACO S  628"	"ClG"	"ACO S  628"
"ACO S  629"	"ClG"	"ACO S  629"
"ACO S  630"	"ClG"	"ACO S  630"
"ACO S  631"	"ClG"	"ACO S  631"
"ACO S  632"	"ClG"	"ACO S  632"
"ACO S  633"	"ClG"	"ACO S  633"
"ACO S  634"	"ClG"	"ACO S  634"
"ACO S  635"	"ClG"	"ACO S  635"
"ACO S  636"	"ClG"	"ACO S  636"
"ACO S  636"	"ClG"	"NAME Ant Cluster"
"ACO S  636"	"ClG"	"NAME Antlia Cluster"
"ACO S  636"	"ClG"	"NAME Antlia Group"
"ACO S  637"	"ClG"	"ACO S  637"
"ACO S  638"	"ClG"	"ACO S  638"
"ACO S  639"	"ClG"	"ACO S  639"
"ACO S  640"	"ClG"	"ACO S  640"
"ACO S  641"	"ClG"	"ACO S  641"
"ACO S  642"	"ClG"	"ACO S  642"
"ACO S  643"	"ClG"	"ACO S  643"
"ACO S  644"	"ClG"	"ACO S  644"
"ACO S  645"	"ClG"	"ACO S  645"
"ACO S  646"	"ClG"	"ACO S  646"
"ACO S  647"	"ClG"	"ACO S  647"
"ACO S  648"	"ClG"	"ACO S  648"
"ACO S  649"	"ClG"	"ACO S  649"
"ACO S  650"	"ClG"	"ACO S  650"
"ACO S  651"	"ClG"	"ACO S  651"
"ACO S  652"	"ClG"	"ACO S  652"
"ACO S  653"	"ClG"	"ACO S  653"
"ACO S  654"	"ClG"	"ACO S  654"
"ACO S  655"	"ClG"	"ACO S  655"
"ACO S  656"	"ClG"	"ACO S  656"
"ACO S  657"	"ClG"	"ACO S  657"
"ACO S  658"	"ClG"	"ACO S  658"
"ACO S  659"	"ClG"	"ACO S  659"
"ACO S  660"	"ClG"	"ACO S  660"
"ACO S  661"	"ClG"	"ACO S  661"
"ACO S  662"	"ClG"	"ACO S  662"
"ACO S  663"	"ClG"	"ACO S  663"
"ACO S  664"	"ClG"	"ACO S  664"
"ACO S  665"	"ClG"	"ACO S  665"
"ACO S  666"	"ClG"	"ACO S  666"
"ACO S  667"	"ClG"	"ACO S  667"
"ACO S  668"	"ClG"	"ACO S  668"
"ACO S  669"	"ClG"	"ACO S  669"
"ACO S  670"	"ClG"	"ACO S  670"
"ACO S  671"	"ClG"	"ACO S  671"
"ACO S  672"	"ClG"	"ACO S  672"
"ACO S  673"	"ClG"	"ACO S  673"
"ACO S  674"	"ClG"	"ACO S  674"
"ACO S  675"	"ClG"	"ACO S  675"
"ACO S  676"	"ClG"	"ACO S  676"
"ACO S  677"	"ClG"	"ACO S  677"
"ACO S  678"	"ClG"	"ACO S  678"
"ACO S  679"	"ClG"	"ACO S  679"
"ACO S  680"	"ClG"	"ACO S  680"
"ACO S  681"	"ClG"	"ACO S  681"
"ACO S  682"	"ClG"	"ACO S  682"
"ACO S  683"	"ClG"	"ACO S  683"
"ACO S  684"	"ClG"	"ACO S  684"
"ACO S  685"	"ClG"	"ACO S  685"
"ACO S  686"	"ClG"	"ACO S  686"
"ACO S  687"	"ClG"	"ACO S  687"
"ACO S  688"	"ClG"	"ACO S  688"
"ACO S  689"	"ClG"	"ACO S  689"
"ACO S  690"	"ClG"	"ACO S  690"
"ACO S  691"	"ClG"	"ACO S  691"
"ACO S  692"	"ClG"	"ACO S  692"
"ACO S  693"	"ClG"	"ACO S  693"
"ACO S  694"	"ClG"	"ACO S  694"
"ACO S  695"	"ClG"	"ACO S  695"
"ACO S  696"	"ClG"	"ACO S  696"
"ACO S  697"	"ClG"	"ACO S  697"
"ACO S  698"	"ClG"	"ACO S  698"
"ACO S  699"	"ClG"	"ACO S  699"
"ACO S  700"	"ClG"	"ACO S  700"
"ACO S  701"	"ClG"	"ACO S  701"
"ACO S  702"	"ClG"	"ACO S  702"
"ACO S  703"	"ClG"	"ACO S  703"
"ACO S  704"	"ClG"	"ACO S  704"
"ACO S  705"	"ClG"	"ACO S  705"
"ACO S  706"	"ClG"	"ACO S  706"
"ACO S  707"	"ClG"	"ACO S  707"
"ACO S  708"	"ClG"	"ACO S  708"
"ACO S  709"	"ClG"	"ACO S  709"
"ACO S  710"	"ClG"	"ACO S  710"
"ACO S  711"	"ClG"	"ACO S  711"
"ACO S  712"	"ClG"	"ACO S  712"
"ACO S  713"	"ClG"	"ACO S  713"
"ACO S  714"	"ClG"	"ACO S  714"
"ACO S  715"	"ClG"	"ACO S  715"
"ACO S  716"	"ClG"	"ACO S  716"
"ACO S  717"	"ClG"	"ACO S  717"
"ACO S  718"	"ClG"	"ACO S  718"
"ACO S  719"	"ClG"	"ACO S  719"
"ACO S  720"	"ClG"	"ACO S  720"
"ACO S  721"	"ClG"	"ACO S  721"
"ACO S  722"	"ClG"	"ACO S  722"
"ACO S  723"	"ClG"	"ACO S  723"
"ACO S  724"	"ClG"	"ACO S  724"
"ACO S  725"	"ClG"	"ACO S  725"
"ACO S  726"	"ClG"	"ACO S  726"
"ACO S  727"	"ClG"	"ACO S  727"
"ACO S  728"	"ClG"	"ACO S  728"
"ACO S  729"	"ClG"	"ACO S  729"
"ACO S  730"	"ClG"	"ACO S  730"
"ACO S  731"	"ClG"	"ACO S  731"
"ACO S  732"	"ClG"	"ACO S  732"
"ACO S  733"	"ClG"	"ACO S  733"
"ACO S  734"	"ClG"	"ACO S  734"
"ACO S  735"	"ClG"	"ACO S  735"
"ACO S  736"	"ClG"	"ACO S  736"
"ACO S  737"	"ClG"	"ACO S  737"
"ACO S  738"	"ClG"	"ACO S  738"
"ACO S  739"	"ClG"	"ACO S  739"
"ACO S  740"	"ClG"	"ACO S  740"
"ACO S  741"	"ClG"	"ACO S  741"
"ACO S  742"	"ClG"	"ACO S  742"
"ACO S  743"	"ClG"	"ACO S  743"
"ACO S  744"	"ClG"	"ACO S  744"
"ACO S  745"	"ClG"	"ACO S  745"
"ACO S  746"	"ClG"	"ACO S  746"
"ACO S  747"	"ClG"	"ACO S  747"
"ACO S  748"	"ClG"	"ACO S  748"
"ACO S  749"	"ClG"	"ACO S  749"
"ACO S  750"	"ClG"	"ACO S  750"
"ACO S  751"	"ClG"	"ACO S  751"
"ACO S  752"	"ClG"	"ACO S  752"
"ACO S  753"	"ClG"	"ACO S  753"
"ACO S  754"	"ClG"	"ACO S  754"
"ACO S  755"	"ClG"	"ACO S  755"
"ACO S  756"	"ClG"	"ACO S  756"
"ACO S  757"	"ClG"	"ACO S  757"
"ACO S  758"	"ClG"	"ACO S  758"
"ACO S  759"	"ClG"	"ACO S  759"
"ACO S  760"	"ClG"	"ACO S  760"
"ACO S  761"	"ClG"	"ACO S  761"
"ACO S  762"	"ClG"	"ACO S  762"
"ACO S  763"	"ClG"	"ACO S  763"
"ACO S  764"	"ClG"	"ACO S  764"
"ACO S  765"	"ClG"	"ACO S  765"
"ACO S  766"	"ClG"	"ACO S  766"
"ACO S  767"	"ClG"	"ACO S  767"
"ACO S  768"	"ClG"	"ACO S  768"
"ACO S  769"	"ClG"	"ACO S  769"
"ACO S  770"	"ClG"	"ACO S  770"
"ACO S  771"	"ClG"	"ACO S  771"
"ACO S  772"	"ClG"	"ACO S  772"
"ACO S  773"	"ClG"	"ACO S  773"
"ACO S  774"	"ClG"	"ACO S  774"
"ACO S  775"	"ClG"	"ACO S  775"
"ACO S  776"	"ClG"	"ACO S  776"
"ACO S  777"	"ClG"	"ACO S  777"
"ACO S  778"	"ClG"	"ACO S  778"
"ACO S  779"	"ClG"	"ACO S  779"
"ACO S  780"	"ClG"	"ACO S  780"
"ACO S  781"	"ClG"	"ACO S  781"
"ACO S  782"	"ClG"	"ACO S  782"
"ACO S  783"	"ClG"	"ACO S  783"
"ACO S  784"	"ClG"	"ACO S  784"
"ACO S  785"	"ClG"	"ACO S  785"
"ACO S  786"	"ClG"	"ACO S  786"
"ACO S  787"	"ClG"	"ACO S  787"
"ACO S  788"	"ClG"	"ACO S  788"
"ACO S  789"	"ClG"	"ACO S  789"
"ACO S  790"	"ClG"	"ACO S  790"
"ACO S  791"	"ClG"	"ACO S  791"
"ACO S  792"	"ClG"	"ACO S  792"
"ACO S  793"	"ClG"	"ACO S  793"
"ACO S  794"	"ClG"	"ACO S  794"
"ACO S  795"	"ClG"	"ACO S  795"
"ACO S  796"	"ClG"	"ACO S  796"
"ACO S  797"	"ClG"	"ACO S  797"
"ACO S  798"	"ClG"	"ACO S  798"
"ACO S  799"	"ClG"	"ACO S  799"
"ACO S  800"	"ClG"	"ACO S  800"
"ACO S  801"	"ClG"	"ACO S  801"
"ACO S  802"	"ClG"	"ACO S  802"
"ACO S  803"	"ClG"	"ACO S  803"
"ACO S  804"	"ClG"	"ACO S  804"
"ACO S  805"	"ClG"	"ACO S  805"
"ACO S  805"	"ClG"	"NAME Pavo 2"
"ACO S  805"	"ClG"	"NAME Pavo II Cluster"
"ACO S  806"	"ClG"	"ACO S  806"
"ACO S  807"	"ClG"	"ACO S  807"
"ACO S  808"	"ClG"	"ACO S  808"
"ACO S  809"	"ClG"	"ACO S  809"
"ACO S  810"	"ClG"	"ACO S  810"
"ACO S  811"	"ClG"	"ACO S  811"
"ACO S  812"	"ClG"	"ACO S  812"
"ACO S  813"	"ClG"	"ACO S  813"
"ACO S  814"	"ClG"	"ACO S  814"
"ACO S  815"	"ClG"	"ACO S  815"
"ACO S  816"	"ClG"	"ACO S  816"
"ACO S  817"	"ClG"	"ACO S  817"
"ACO S  818"	"ClG"	"ACO S  818"
"ACO S  819"	"ClG"	"ACO S  819"
"ACO S  820"	"ClG"	"ACO S  820"
"ACO S  821"	"ClG"	"ACO S  821"
"ACO S  822"	"ClG"	"ACO S  822"
"ACO S  823"	"ClG"	"ACO S  823"
"ACO S  824"	"ClG"	"ACO S  824"
"ACO S  825"	"ClG"	"ACO S  825"
"ACO S  826"	"ClG"	"ACO S  826"
"ACO S  827"	"ClG"	"ACO S  827"
"ACO S  828"	"ClG"	"ACO S  828"
"ACO S  829"	"ClG"	"ACO S  829"
"ACO S  830"	"ClG"	"ACO S  830"
"ACO S  831"	"ClG"	"ACO S  831"
"ACO S  832"	"ClG"	"ACO S  832"
"ACO S  833"	"ClG"	"ACO S  833"
"ACO S  834"	"ClG"	"ACO S  834"
"ACO S  835"	"ClG"	"ACO S  835"
"ACO S  836"	"ClG"	"ACO S  836"
"ACO S  837"	"ClG"	"ACO S  837"
"ACO S  838"	"ClG"	"ACO S  838"
"ACO S  839"	"ClG"	"ACO S  839"
"ACO S  840"	"ClG"	"ACO S  840"
"ACO S  841"	"ClG"	"ACO S  841"
"ACO S  842"	"ClG"	"ACO S  842"
"ACO S  843"	"ClG"	"ACO S  843"
"ACO S  844"	"ClG"	"ACO S  844"
"ACO S  845"	"ClG"	"ACO S  845"
"ACO S  846"	"ClG"	"ACO S  846"
"ACO S  847"	"ClG"	"ACO S  847"
"ACO S  848"	"ClG"	"ACO S  848"
"ACO S  849"	"ClG"	"ACO S  849"
"ACO S  850"	"ClG"	"ACO S  850"
"ACO S  851"	"ClG"	"ACO S  851"
"ACO S  852"	"ClG"	"ACO S  852"
"ACO S  853"	"ClG"	"ACO S  853"
"ACO S  854"	"ClG"	"ACO S  854"
"ACO S  855"	"ClG"	"ACO S  855"
"ACO S  856"	"ClG"	"ACO S  856"
"ACO S  857"	"ClG"	"ACO S  857"
"ACO S  858"	"ClG"	"ACO S  858"
"ACO S  859"	"ClG"	"ACO S  859"
"ACO S  860"	"ClG"	"ACO S  860"
"ACO S  861"	"ClG"	"ACO S  861"
"ACO S  862"	"ClG"	"ACO S  862"
"ACO S  863"	"ClG"	"ACO S  863"
"ACO S  864"	"ClG"	"ACO S  864"
"ACO S  865"	"ClG"	"ACO S  865"
"ACO S  866"	"ClG"	"ACO S  866"
"ACO S  867"	"ClG"	"ACO S  867"
"ACO S  868"	"ClG"	"ACO S  868"
"ACO S  869"	"ClG"	"ACO S  869"
"ACO S  870"	"ClG"	"ACO S  870"
"ACO S  871"	"ClG"	"ACO S  871"
"ACO S  872"	"ClG"	"ACO S  872"
"ACO S  873"	"ClG"	"ACO S  873"
"ACO S  874"	"ClG"	"ACO S  874"
"ACO S  875"	"ClG"	"ACO S  875"
"ACO S  876"	"ClG"	"ACO S  876"
"ACO S  877"	"ClG"	"ACO S  877"
"ACO S  878"	"ClG"	"ACO S  878"
"ACO S  879"	"ClG"	"ACO S  879"
"ACO S  880"	"ClG"	"ACO S  880"
"ACO S  881"	"ClG"	"ACO S  881"
"ACO S  882"	"ClG"	"ACO S  882"
"ACO S  883"	"ClG"	"ACO S  883"
"ACO S  884"	"ClG"	"ACO S  884"
"ACO S  885"	"ClG"	"ACO S  885"
"ACO S  886"	"ClG"	"ACO S  886"
"ACO S  887"	"ClG"	"ACO S  887"
"ACO S  888"	"ClG"	"ACO S  888"
"ACO S  889"	"ClG"	"ACO S  889"
"ACO S  890"	"ClG"	"ACO S  890"
"ACO S  891"	"ClG"	"ACO S  891"
"ACO S  892"	"ClG"	"ACO S  892"
"ACO S  893"	"ClG"	"ACO S  893"
"ACO S  894"	"ClG"	"ACO S  894"
"ACO S  895"	"ClG"	"ACO S  895"
"ACO S  896"	"ClG"	"ACO S  896"
"ACO S  897"	"ClG"	"ACO S  897"
"ACO S  898"	"ClG"	"ACO S  898"
"ACO S  899"	"ClG"	"ACO S  899"
"ACO S  900"	"ClG"	"ACO S  900"
"ACO S  901"	"ClG"	"ACO S  901"
"ACO S  902"	"ClG"	"ACO S  902"
"ACO S  903"	"ClG"	"ACO S  903"
"ACO S  904"	"ClG"	"ACO S  904"
"ACO S  905"	"ClG"	"ACO S  905"
"ACO S  906"	"ClG"	"ACO S  906"
"ACO S  907"	"ClG"	"ACO S  907"
"ACO S  908"	"ClG"	"ACO S  908"
"ACO S  909"	"ClG"	"ACO S  909"
"ACO S  910"	"ClG"	"ACO S  910"
"ACO S  911"	"ClG"	"ACO S  911"
"ACO S  912"	"ClG"	"ACO S  912"
"ACO S  913"	"ClG"	"ACO S  913"
"ACO S  914"	"ClG"	"ACO S  914"
"ACO S  915"	"ClG"	"ACO S  915"
"ACO S  916"	"ClG"	"ACO S  916"
"ACO S  917"	"ClG"	"ACO S  917"
"ACO S  918"	"ClG"	"ACO S  918"
"ACO S  919"	"ClG"	"ACO S  919"
"ACO S  920"	"ClG"	"ACO S  920"
"ACO S  921"	"ClG"	"ACO S  921"
"ACO S  922"	"ClG"	"ACO S  922"
"ACO S  923"	"ClG"	"ACO S  923"
"ACO S  924"	"ClG"	"ACO S  924"
"ACO S  925"	"ClG"	"ACO S  925"
"ACO S  926"	"ClG"	"ACO S  926"
"ACO S  927"	"ClG"	"ACO S  927"
"ACO S  928"	"ClG"	"ACO S  928"
"ACO S  929"	"ClG"	"ACO S  929"
"ACO S  930"	"ClG"	"ACO S  930"
"ACO S  931"	"ClG"	"ACO S  931"
"ACO S  932"	"ClG"	"ACO S  932"
"ACO S  933"	"ClG"	"ACO S  933"
"ACO S  934"	"ClG"	"ACO S  934"
"ACO S  935"	"ClG"	"ACO S  935"
"ACO S  936"	"ClG"	"ACO S  936"
"ACO S  937"	"ClG"	"ACO S  937"
"ACO S  938"	"ClG"	"ACO S  938"
"ACO S  939"	"ClG"	"ACO S  939"
"ACO S  940"	"ClG"	"ACO S  940"
"ACO S  941"	"ClG"	"ACO S  941"
"ACO S  942"	"ClG"	"ACO S  942"
"ACO S  943"	"ClG"	"ACO S  943"
"ACO S  944"	"ClG"	"ACO S  944"
"ACO S  945"	"ClG"	"ACO S  945"
"ACO S  946"	"ClG"	"ACO S  946"
"ACO S  947"	"ClG"	"ACO S  947"
"ACO S  948"	"ClG"	"ACO S  948"
"ACO S  949"	"ClG"	"ACO S  949"
"ACO S  950"	"ClG"	"ACO S  950"
"ACO S  951"	"ClG"	"ACO S  951"
"ACO S  952"	"ClG"	"ACO S  952"
"ACO S  953"	"ClG"	"ACO S  953"
"ACO S  954"	"ClG"	"ACO S  954"
"ACO S  955"	"ClG"	"ACO S  955"
"ACO S  956"	"ClG"	"ACO S  956"
"ACO S  957"	"ClG"	"ACO S  957"
"ACO S  958"	"ClG"	"ACO S  958"
"ACO S  959"	"ClG"	"ACO S  959"
"ACO S  960"	"ClG"	"ACO S  960"
"ACO S  961"	"ClG"	"ACO S  961"
"ACO S  962"	"ClG"	"ACO S  962"
"ACO S  963"	"ClG"	"ACO S  963"
"ACO S  964"	"ClG"	"ACO S  964"
"ACO S  965"	"ClG"	"ACO S  965"
"ACO S  966"	"ClG"	"ACO S  966"
"ACO S  967"	"ClG"	"ACO S  967"
"ACO S  968"	"ClG"	"ACO S  968"
"ACO S  969"	"ClG"	"ACO S  969"
"ACO S  970"	"ClG"	"ACO S  970"
"ACO S  971"	"ClG"	"ACO S  971"
"ACO S  972"	"ClG"	"ACO S  972"
"ACO S  973"	"ClG"	"ACO S  973"
"ACO S  974"	"ClG"	"ACO S  974"
"ACO S  975"	"ClG"	"ACO S  975"
"ACO S  976"	"ClG"	"ACO S  976"
"ACO S  977"	"ClG"	"ACO S  977"
"ACO S  978"	"ClG"	"ACO S  978"
"ACO S  979"	"ClG"	"ACO S  979"
"ACO S  980"	"ClG"	"ACO S  980"
"ACO S  981"	"ClG"	"ACO S  981"
"ACO S  982"	"ClG"	"ACO S  982"
"ACO S  983"	"ClG"	"ACO S  983"
"ACO S  984"	"ClG"	"ACO S  984"
"ACO S  985"	"ClG"	"ACO S  985"
"ACO S  986"	"ClG"	"ACO S  986"
"ACO S  987"	"ClG"	"ACO S  987"
"ACO S  988"	"ClG"	"ACO S  988"
"ACO S  989"	"ClG"	"ACO S  989"
"ACO S  990"	"ClG"	"ACO S  990"
"ACO S  991"	"ClG"	"ACO S  991"
"ACO S  992"	"ClG"	"ACO S  992"
"ACO S  993"	"ClG"	"ACO S  993"
"ACO S  994"	"ClG"	"ACO S  994"
"ACO S  995"	"ClG"	"ACO S  995"
"ACO S  996"	"ClG"	"ACO S  996"
"ACO S  997"	"ClG"	"ACO S  997"
"ACO S  998"	"ClG"	"ACO S  998"
"ACO S  999"	"ClG"	"ACO S  999"
"ACO S 1000"	"ClG"	"ACO S 1000"
"ACO S 1001"	"ClG"	"ACO S 1001"
"ACO S 1002"	"ClG"	"ACO S 1002"
"ACO S 1003"	"ClG"	"ACO S 1003"
"ACO S 1004"	"ClG"	"ACO S 1004"
"ACO S 1005"	"ClG"	"ACO S 1005"
"ACO S 1006"	"ClG"	"ACO S 1006"
"ACO S 1007"	"ClG"	"ACO S 1007"
"ACO S 1008"	"ClG"	"ACO S 1008"
"ACO S 1009"	"ClG"	"ACO S 1009"
"ACO S 1010"	"ClG"	"ACO S 1010"
"ACO S 1011"	"ClG"	"ACO S 1011"
"ACO S 1012"	"ClG"	"ACO S 1012"
"ACO S 1013"	"ClG"	"ACO S 1013"
"ACO S 1014"	"ClG"	"ACO S 1014"
"ACO S 1015"	"ClG"	"ACO S 1015"
"ACO S 1016"	"ClG"	"ACO S 1016"
"ACO S 1017"	"ClG"	"ACO S 1017"
"ACO S 1018"	"ClG"	"ACO S 1018"
"ACO S 1019"	"ClG"	"ACO S 1019"
"ACO S 1020"	"ClG"	"ACO S 1020"
"ACO S 1021"	"ClG"	"ACO S 1021"
"ACO S 1022"	"ClG"	"ACO S 1022"
"ACO S 1023"	"ClG"	"ACO S 1023"
"ACO S 1024"	"ClG"	"ACO S 1024"
"ACO S 1025"	"ClG"	"ACO S 1025"
"ACO S 1026"	"ClG"	"ACO S 1026"
"ACO S 1027"	"ClG"	"ACO S 1027"
"ACO S 1028"	"ClG"	"ACO S 1028"
"ACO S 1029"	"ClG"	"ACO S 1029"
"ACO S 1030"	"ClG"	"ACO S 1030"
"ACO S 1031"	"ClG"	"ACO S 1031"
"ACO S 1032"	"ClG"	"ACO S 1032"
"ACO S 1033"	"ClG"	"ACO S 1033"
"ACO S 1034"	"ClG"	"ACO S 1034"
"ACO S 1035"	"ClG"	"ACO S 1035"
"ACO S 1036"	"ClG"	"ACO S 1036"
"ACO S 1037"	"ClG"	"ACO S 1037"
"ACO S 1038"	"ClG"	"ACO S 1038"
"ACO S 1039"	"ClG"	"ACO S 1039"
"ACO S 1040"	"ClG"	"ACO S 1040"
"ACO S 1041"	"ClG"	"ACO S 1041"
"ACO S 1042"	"ClG"	"ACO S 1042"
"ACO S 1043"	"ClG"	"ACO S 1043"
"ACO S 1044"	"ClG"	"ACO S 1044"
"ACO S 1045"	"ClG"	"ACO S 1045"
"ACO S 1046"	"ClG"	"ACO S 1046"
"ACO S 1047"	"ClG"	"ACO S 1047"
"ACO S 1048"	"ClG"	"ACO S 1048"
"ACO S 1049"	"ClG"	"ACO S 1049"
"ACO S 1050"	"ClG"	"ACO S 1050"
"ACO S 1051"	"ClG"	"ACO S 1051"
"ACO S 1052"	"ClG"	"ACO S 1052"
"ACO S 1053"	"ClG"	"ACO S 1053"
"ACO S 1054"	"ClG"	"ACO S 1054"
"ACO S 1055"	"ClG"	"ACO S 1055"
"ACO S 1056"	"ClG"	"ACO S 1056"
"ACO S 1057"	"ClG"	"ACO S 1057"
"ACO S 1058"	"ClG"	"ACO S 1058"
"ACO S 1059"	"ClG"	"ACO S 1059"
"ACO S 1060"	"ClG"	"ACO S 1060"
"ACO S 1061"	"ClG"	"ACO S 1061"
"ACO S 1062"	"ClG"	"ACO S 1062"
"ACO S 1063"	"ClG"	"ACO S 1063"
"ACO S 1064"	"ClG"	"ACO S 1064"
"ACO S 1065"	"ClG"	"ACO S 1065"
"ACO S 1066"	"ClG"	"ACO S 1066"
"ACO S 1067"	"ClG"	"ACO S 1067"
"ACO S 1068"	"ClG"	"ACO S 1068"
"ACO S 1069"	"ClG"	"ACO S 1069"
"ACO S 1070"	"ClG"	"ACO S 1070"
"ACO S 1071"	"ClG"	"ACO S 1071"
"ACO S 1072"	"ClG"	"ACO S 1072"
"ACO S 1073"	"ClG"	"ACO S 1073"
"ACO S 1074"	"ClG"	"ACO S 1074"
"ACO S 1075"	"ClG"	"ACO S 1075"
"ACO S 1076"	"ClG"	"ACO S 1076"
"ACO S 1077"	"ClG"	"ACO S 1077"
"ACO S 1078"	"ClG"	"ACO S 1078"
"ACO S 1079"	"ClG"	"ACO S 1079"
"ACO S 1080"	"ClG"	"ACO S 1080"
"ACO S 1081"	"ClG"	"ACO S 1081"
"ACO S 1082"	"ClG"	"ACO S 1082"
"ACO S 1083"	"ClG"	"ACO S 1083"
"ACO S 1084"	"ClG"	"ACO S 1084"
"ACO S 1085"	"ClG"	"ACO S 1085"
"ACO S 1086"	"ClG"	"ACO S 1086"
"ACO S 1087"	"ClG"	"ACO S 1087"
"ACO S 1088"	"ClG"	"ACO S 1088"
"ACO S 1089"	"ClG"	"ACO S 1089"
"ACO S 1090"	"ClG"	"ACO S 1090"
"ACO S 1091"	"ClG"	"ACO S 1091"
"ACO S 1092"	"ClG"	"ACO S 1092"
"ACO S 1093"	"ClG"	"ACO S 1093"
"ACO S 1094"	"ClG"	"ACO S 1094"
"ACO S 1095"	"ClG"	"ACO S 1095"
"ACO S 1096"	"ClG"	"ACO S 1096"
"ACO S 1097"	"ClG"	"ACO S 1097"
"ACO S 1098"	"ClG"	"ACO S 1098"
"ACO S 1099"	"ClG"	"ACO S 1099"
"ACO S 1100"	"ClG"	"ACO S 1100"
"ACO S 1101"	"ClG"	"ACO S 1101"
"ACO S 1102"	"ClG"	"ACO S 1102"
"ACO S 1103"	"ClG"	"ACO S 1103"
"ACO S 1104"	"ClG"	"ACO S 1104"
"ACO S 1105"	"ClG"	"ACO S 1105"
"ACO S 1106"	"ClG"	"ACO S 1106"
"ACO S 1107"	"ClG"	"ACO S 1107"
"ACO S 1108"	"ClG"	"ACO S 1108"
"ACO S 1109"	"ClG"	"ACO S 1109"
"ACO S 1110"	"ClG"	"ACO S 1110"
"ACO S 1111"	"ClG"	"ACO S 1111"
"ACO S 1112"	"ClG"	"ACO S 1112"
"ACO S 1113"	"ClG"	"ACO S 1113"
"ACO S 1114"	"ClG"	"ACO S 1114"
"ACO S 1115"	"ClG"	"ACO S 1115"
"ACO S 1116"	"ClG"	"ACO S 1116"
"ACO S 1117"	"ClG"	"ACO S 1117"
"ACO S 1118"	"ClG"	"ACO S 1118"
"ACO S 1119"	"ClG"	"ACO S 1119"
"ACO S 1120"	"ClG"	"ACO S 1120"
"ACO S 1121"	"ClG"	"ACO S 1121"
"ACO S 1122"	"ClG"	"ACO S 1122"
"ACO S 1123"	"ClG"	"ACO S 1123"
"ACO S 1124"	"ClG"	"ACO S 1124"
"ACO S 1125"	"ClG"	"ACO S 1125"
"ACO S 1126"	"ClG"	"ACO S 1126"
"ACO S 1127"	"ClG"	"ACO S 1127"
"ACO S 1128"	"ClG"	"ACO S 1128"
"ACO S 1129"	"ClG"	"ACO S 1129"
"ACO S 1130"	"ClG"	"ACO S 1130"
"ACO S 1131"	"ClG"	"ACO S 1131"
"ACO S 1132"	"ClG"	"ACO S 1132"
"ACO S 1133"	"ClG"	"ACO S 1133"
"ACO S 1134"	"ClG"	"ACO S 1134"
"ACO S 1135"	"ClG"	"ACO S 1135"
"ACO S 1136"	"ClG"	"ACO S 1136"
"ACO S 1137"	"ClG"	"ACO S 1137"
"ACO S 1138"	"ClG"	"ACO S 1138"
"ACO S 1139"	"ClG"	"ACO S 1139"
"ACO S 1140"	"ClG"	"ACO S 1140"
"ACO S 1141"	"ClG"	"ACO S 1141"
"ACO S 1142"	"ClG"	"ACO S 1142"
"ACO S 1143"	"ClG"	"ACO S 1143"
"ACO S 1144"	"ClG"	"ACO S 1144"
"ACO S 1145"	"ClG"	"ACO S 1145"
"ACO S 1146"	"ClG"	"ACO S 1146"
"ACO S 1147"	"ClG"	"ACO S 1147"
"ACO S 1148"	"ClG"	"ACO S 1148"
"ACO S 1149"	"ClG"	"ACO S 1149"
"ACO S 1150"	"ClG"	"ACO S 1150"
"ACO S 1151"	"ClG"	"ACO S 1151"
"ACO S 1152"	"ClG"	"ACO S 1152"
"ACO S 1153"	"ClG"	"ACO S 1153"
"ACO S 1154"	"ClG"	"ACO S 1154"
"ACO S 1155"	"ClG"	"ACO S 1155"
"ACO S 1156"	"ClG"	"ACO S 1156"
"ACO S 1157"	"ClG"	"ACO S 1157"
"ACO S 1158"	"ClG"	"ACO S 1158"
"ACO S 1159"	"ClG"	"ACO S 1159"
"ACO S 1160"	"ClG"	"ACO S 1160"
"ACO S 1161"	"ClG"	"ACO S 1161"
"ACO S 1162"	"ClG"	"ACO S 1162"
"ACO S 1163"	"ClG"	"ACO S 1163"
"ACO S 1164"	"ClG"	"ACO S 1164"
"ACO S 1165"	"ClG"	"ACO S 1165"
"ACO S 1166"	"ClG"	"ACO S 1166"
"ACO S 1167"	"ClG"	"ACO S 1167"
"ACO S 1168"	"ClG"	"ACO S 1168"
"ACO S 1169"	"ClG"	"ACO S 1169"
"ACO S 1170"	"ClG"	"ACO S 1170"
"ACO S 1171"	"ClG"	"ACO S 1171"
"ACO S 1172"	"ClG"	"ACO S 1172"
"ACO S 1173"	"ClG"	"ACO S 1173"
"ACO S 1174"	"ClG"	"ACO S 1174"
"ACO S 1373"		"ACO S 1373"
"ACO S 1373"		"NGC  5139t"
"ACO S 1840"	"ClG"	"ACO S 1840"
