cat_id	otype	other
"Cl Alessi    1"	"OpC"	"NAME Casado Alessi 1"
"Cl Collinder  433"	"OpC"	"NGC  7044"
"Cl Collinder  433"	"OpC"	"Cl Collinder  433"
"Cl Collinder  470"	"OpC"	"NAME Cocoon Nebula"
"Cl Collinder  470"	"OpC"	"IC 5146"
"Cl Collinder  470"	"OpC"	"LBN   424"
"Cl Collinder  470"	"OpC"	"LBN 094.43-05.58"
"Cl Collinder  470"	"OpC"	"Cl Collinder  470"
"Cl Stock   12"	"OpC"	"Cl Stock   12"
"Cl Collinder  428"	"OpC"	"Cl Collinder  428"
"Cl Collinder  432"	"OpC"	"IC 1369"
"Cl Collinder  432"	"OpC"	"Cl Collinder  432"
"Cl Melotte  239"	"OpC"	"Cl Melotte  239"
"Cl Collinder  445"	"OpC"	"Cl Melotte  239"
"Cl Melotte  239"	"OpC"	"IC 1434"
"Cl Collinder  445"	"OpC"	"IC 1434"
"Cl Melotte  239"	"OpC"	"Cl Collinder  445"
"Cl Collinder  445"	"OpC"	"Cl Collinder  445"
"Cl Stock   19"	"OpC"	"Cl Stock   19"
"Cl Collinder   35"	"OpC"	"Cl Collinder   35"
"Cl Collinder   35"	"OpC"	"NGC  1193"
"Cl Collinder  419"	"OpC"	"Cl Collinder  419"
"Cl Collinder  421"	"OpC"	"Cl Collinder  421"
"Cl Collinder  446"	"OpC"	"Cl Collinder  446"
"Cl Collinder  446"	"OpC"	"NGC  7226"
"Cl Berkeley   57"	"OpC"	"NGC  7423"
"Cl Melotte  245"	"OpC"	"Cl Melotte  245"
"Cl Melotte  245"	"OpC"	"NGC  7789"
"Cl Melotte   20    34"	"*"	"Cl Melotte   20    34"
"Cl Melotte   20    94"	"*"	"Cl Melotte   20    94"
"Cl Melotte   20   104"	"*"	"Cl Melotte   20   104"
"Cl Melotte   20    33"	"*"	"Cl Melotte   20    33"
"Cl Melotte   20    45"	"*"	"Cl Melotte   20    45"
"Cl Melotte   20    82"	"*"	"Cl Melotte   20    82"
"Cl Melotte   20    22"	"*"	"Cl Melotte   20    22"
"Cl Melotte   20    11"	"*"	"Cl Melotte   20    11"
"Cl Melotte   20     4"	"*"	"Cl Melotte   20     4"
"Cl Melotte   20     1"	"SB*"	"Cl Melotte   20     1"
"Cl Melotte   20     2"	"*"	"Cl Melotte   20     2"
"Cl Melotte   20    43"	"*"	"Cl Melotte   20    43"
"Cl Melotte   20    79"	"*"	"Cl Melotte   20    79"
"Cl Melotte   20    90"	"*"	"Cl Melotte   20    90"
"Cl Melotte   20   107"	"*"	"Cl Melotte   20   107"
"Cl Melotte   20    28"	"*"	"Cl Melotte   20    28"
"Cl Melotte   20   138"	"PM*"	"Cl Melotte   20   138"
"Cl Melotte   20   151"	"*"	"Cl Melotte   20   151"
"Cl Melotte   20   201"	"*"	"Cl Melotte   20   201"
"Cl Melotte   20   208"	"Pu*"	"Cl Melotte   20   208"
"Cl Melotte   20    61"	"*"	"Cl Melotte   20    61"
"Cl Melotte   20    86"	"Pe*"	"Cl Melotte   20    86"
"Cl Melotte   20   123"	"*"	"Cl Melotte   20   123"
"Cl Melotte   20   158"	"*"	"Cl Melotte   20   158"
"Cl Melotte   20   168"	"*"	"Cl Melotte   20   168"
"Cl Melotte   20   176"	"PM*"	"Cl Melotte   20   176"
"Cl Melotte   20   205"	"*"	"Cl Melotte   20   205"
"Cl Melotte   20   235"	"*"	"NGC  1245     1"
"Cl Melotte   20   235"	"*"	"Cl Melotte   20   235"
"Cl Melotte   20   282"	"*"	"Cl Melotte   20   282"
"Cl Melotte   20   306"	"*"	"Cl Melotte   20   306"
"Cl Melotte   20   341"	"*"	"Cl Melotte   20   341"
"Cl Melotte   20   376"	"PM*"	"Cl Melotte   20   376"
"Cl Melotte   20   378"	"**"	"Cl Melotte   20   378"
"Cl Melotte   20   305"	"*"	"Cl Melotte   20   305"
"Cl Melotte   18"	"OpC"	"NGC  1245"
"Cl Melotte   18"	"OpC"	"Cl Melotte   18"
"Cl Melotte   20   239"	"*"	"Cl Melotte   20   239"
"Cl Melotte   20   200"	"*"	"Cl Melotte   20   200"
"Cl Melotte   20    73"	"*"	"Cl Melotte   20    73"
"Cl Melotte   20   250"	"*"	"Cl Melotte   20   250"
"Cl Melotte   20   250"	"*"	"NGC  1245     4"
"Cl Melotte   20    30"	"*"	"Cl Melotte   20    30"
"Cl Melotte   20   170"	"*"	"Cl Melotte   20   170"
"Cl Melotte   20   163"	"*"	"Cl Melotte   20   163"
"Cl Melotte   20    39"	"*"	"Cl Melotte   20    39"
"Cl Melotte   20    54"	"*"	"Cl Melotte   20    54"
"Cl Melotte   20    83"	"*"	"Cl Melotte   20    83"
"Cl Melotte   20    35"	"*"	"Cl Melotte   20    35"
"Cl Melotte   20    14"	"*"	"Cl Melotte   20    14"
"Cl Melotte   20    80"	"*"	"Cl Melotte   20    80"
"Cl Melotte   20    13"	"**"	"Cl Melotte   20    13"
"Cl Melotte   20   169"	"*"	"Cl Melotte   20   169"
"Cl Melotte   20   152"	"*"	"Cl Melotte   20   152"
"Cl Melotte   20   183"	"*"	"Cl Melotte   20   183"
"Cl Melotte   20   360"	"*"	"Cl Melotte   20   360"
"Cl Melotte   20   116"	"*"	"Cl Melotte   20   116"
"Cl Melotte   20   179"	"*"	"Cl Melotte   20   179"
"Cl Melotte   20   233"	"SB*"	"Cl Melotte   20   233"
"Cl Melotte   20   243"	"*"	"Cl Melotte   20   243"
"Cl Melotte   20   195"	"V*"	"Cl Melotte   20   195"
"Cl Melotte   20   218"	"*"	"Cl Melotte   20   218"
"Cl Melotte   20   231"	"*"	"Cl Melotte   20   231"
"Cl Melotte   20   297"	"*"	"Cl Melotte   20   297"
"Cl Melotte   20   344"	"*"	"Cl Melotte   20   344"
"Cl Melotte   20   217"	"SB*"	"Cl Melotte   20   217"
"Cl Melotte   20   144"	"*"	"Cl Melotte   20   144"
"Cl Melotte   20   140"	"*"	"Cl Melotte   20   140"
"Cl Melotte   20   236"	"*"	"Cl Melotte   20   236"
"Cl Melotte   20   236"	"*"	"NGC  1245     3"
"Cl Melotte   20     8"	"*"	"Cl Melotte   20     8"
"Cl Melotte   20   130"	"*"	"Cl Melotte   20   130"
"Cl Melotte   20   374"	"*"	"Cl Melotte   20   374"
"Cl Melotte   20    15"	"*"	"Cl Melotte   20    15"
"Cl Melotte   20    18"	"*"	"Cl Melotte   20    18"
"Cl Melotte   20    19"	"*"	"Cl Melotte   20    19"
"Cl Melotte   20    20"	"*"	"Cl Melotte   20    20"
"Cl Melotte   20    38"	"*"	"Cl Melotte   20    38"
"Cl Melotte   20    65"	"*"	"Cl Melotte   20    65"
"Cl Melotte   20    70"	"*"	"Cl Melotte   20    70"
"Cl Melotte   20    78"	"*"	"Cl Melotte   20    78"
"Cl Melotte   20   101"	"*"	"Cl Melotte   20   101"
"Cl Melotte   20   114"	"*"	"Cl Melotte   20   114"
"Cl Melotte   20   120"	"*"	"Cl Melotte   20   120"
"Cl Melotte   20   156"	"*"	"Cl Melotte   20   156"
"Cl Melotte   20   157"	"*"	"Cl Melotte   20   157"
"Cl Melotte   20   160"	"*"	"Cl Melotte   20   160"
"Cl Melotte   20   164"	"*"	"Cl Melotte   20   164"
"Cl Melotte   20   189"	"**"	"Cl Melotte   20   189"
"Cl Melotte   20   194"	"*"	"Cl Melotte   20   194"
"Cl Melotte   20   198"	"*"	"Cl Melotte   20   198"
"Cl Melotte   20   202"	"*"	"Cl Melotte   20   202"
"Cl Melotte   20   223"	"*"	"Cl Melotte   20   223"
"Cl Melotte   20   229"	"*"	"Cl Melotte   20   229"
"Cl Melotte   20   256"	"*"	"Cl Melotte   20   256"
"Cl Melotte   20   275"	"*"	"Cl Melotte   20   275"
"Cl Melotte   20   280"	"*"	"Cl Melotte   20   280"
"Cl Melotte   20   293"	"*"	"Cl Melotte   20   293"
"Cl Melotte   20   310"	"SB*"	"Cl Melotte   20   310"
"Cl Melotte   20   322"	"*"	"Cl Melotte   20   322"
"Cl Melotte   20   385"	"*"	"Cl Melotte   20   385"
"Cl Melotte   20   408"	"*"	"Cl Melotte   20   408"
"Cl Melotte   20   436"	"*"	"Cl Melotte   20   436"
"Cl Melotte   20   446"	"*"	"Cl Melotte   20   446"
"Cl Melotte   20   448"	"*"	"Cl Melotte   20   448"
"Cl Trumpler   37   204"	"*"	"Cl Trumpler   37   204"
"Cl Trumpler   37   208"	"*"	"Cl Trumpler   37   208"
"Cl Trumpler   37   220"	"*"	"Cl Trumpler   37   220"
"Cl Trumpler   37   225"	"EB*"	"Cl Trumpler   37   225"
"Cl Trumpler   37   218"	"*"	"Cl Trumpler   37   218"
"Cl Trumpler   37   180"	"Y*O"	"Cl Trumpler   37   180"
"Cl Trumpler   37   216"	"*"	"Cl Trumpler   37   216"
"Cl Trumpler   37   221"	"*"	"Cl Trumpler   37   221"
"Cl Trumpler   37   214"	"*"	"Cl Trumpler   37   214"
"Cl Trumpler   37   195"	"*"	"Cl Trumpler   37   195"
"Cl Trumpler   37   203"	"*"	"Cl Trumpler   37   203"
"Cl Trumpler   37   228"	"*"	"Cl Trumpler   37   228"
"Cl Trumpler   37   200"	"*"	"Cl Trumpler   37   200"
"Cl Trumpler   37   215"	"*"	"Cl Trumpler   37   215"
"Cl Trumpler   37   227"	"*"	"Cl Trumpler   37   227"
"Cl Trumpler   37   202"	"PM*"	"Cl Trumpler   37   202"
"Cl Trumpler   37   206"	"*"	"Cl Trumpler   37   206"
"Cl Trumpler   37   219"	"*"	"Cl Trumpler   37   219"
"Cl Trumpler   37   205"	"V*"	"Cl Trumpler   37   205"
"Cl Trumpler   37   223"	"SB*"	"Cl Trumpler   37   223"
"Cl Trumpler   37   211"	"*"	"Cl Trumpler   37   211"
"Cl Trumpler   37   213"	"*"	"Cl Trumpler   37   213"
"Cl Trumpler   37   212"	"*"	"Cl Trumpler   37   212"
"Cl Trumpler   37   198"	"*"	"Cl Trumpler   37   198"
"Cl Trumpler   37   193"	"*"	"Cl Trumpler   37   193"
"Cl Trumpler   37   186"	"*"	"Cl Trumpler   37   186"
"Cl Trumpler   37   210"	"*"	"Cl Trumpler   37   210"
"Cl Trumpler   37   192"	"*"	"Cl Trumpler   37   192"
"Cl Trumpler   37   217"	"*"	"Cl Trumpler   37   217"
"Cl Trumpler   37   222"	"SB*"	"Cl Trumpler   37   222"
"Cl Trumpler   37   207"	"Em*"	"Cl Trumpler   37   207"
"Cl Trumpler   37   238"	"*"	"Cl Trumpler   37   238"
"Cl Trumpler   37   537"	"**"	"Cl Trumpler   37   537"
"Cl Trumpler   37   543"	"**"	"Cl Trumpler   37   543"
"Cl Trumpler   37   539"	"*"	"Cl Trumpler   37   539"
"Cl Trumpler   37   538"	"*"	"Cl Trumpler   37   538"
"Cl Trumpler   37   536"	"*"	"Cl Trumpler   37   536"
"Cl Trumpler   37   540"	"*"	"Cl Trumpler   37   540"
"Cl Trumpler   37   230"	"*"	"Cl Trumpler   37   230"
"Cl Trumpler   37   531"	"EB*"	"Cl Trumpler   37   531"
"Cl Trumpler   37   234"	"*"	"Cl Trumpler   37   234"
"Cl Trumpler   37   231"	"*"	"Cl Trumpler   37   231"
"Cl Trumpler   37   235"	"*"	"Cl Trumpler   37   235"
"Cl Trumpler   37   233"	"*"	"Cl Trumpler   37   233"
"Cl Trumpler   37   521"	"*"	"Cl Trumpler   37   521"
"Cl Trumpler   37   236"	"*"	"Cl Trumpler   37   236"
"Cl Trumpler   37   226"	"*"	"Cl Trumpler   37   226"
"Cl Trumpler   37   229"	"*"	"Cl Trumpler   37   229"
"Cl Trumpler   37   232"	"*"	"Cl Trumpler   37   232"
"Cl Trumpler   37   237"	"*"	"Cl Trumpler   37   237"
"Cl Trumpler   37   224"	"*"	"Cl Trumpler   37   224"
"Cl Trumpler   37   535"	"*"	"Cl Trumpler   37   535"
"Cl Stock    4"	"OpC"	"Cl Stock    4"
"Cl Melotte   20     7"	"*"	"Cl Melotte   20     7"
"Cl Melotte   20    36"	"*"	"Cl Melotte   20    36"
"Cl Melotte   20    40"	"*"	"Cl Melotte   20    40"
"Cl Melotte   20    97"	"*"	"Cl Melotte   20    97"
"Cl Melotte   20   131"	"SB*"	"Cl Melotte   20   131"
"Cl Melotte   20   127"	"*"	"Cl Melotte   20   127"
"Cl Melotte   20     6"	"*"	"Cl Melotte   20     6"
"Cl Melotte   20    46"	"SB*"	"Cl Melotte   20    46"
"Cl Melotte   20    31"	"*"	"Cl Melotte   20    31"
"Cl Melotte   20     3"	"*"	"Cl Melotte   20     3"
"Cl Melotte   20    51"	"*"	"Cl Melotte   20    51"
"Cl Melotte   20    62"	"*"	"Cl Melotte   20    62"
"Cl Melotte   20    64"	"EB*"	"Cl Melotte   20    64"
"Cl Melotte   20    75"	"SB*"	"Cl Melotte   20    75"
"Cl Melotte   20   105"	"*"	"Cl Melotte   20   105"
"Cl Melotte   20    12"	"*"	"Cl Melotte   20    12"
"Cl Melotte   20    50"	"SB*"	"Cl Melotte   20    50"
"Cl Melotte   20    56"	"*"	"Cl Melotte   20    56"
"Cl Melotte   20   228"	"*"	"Cl Melotte   20   228"
"Cl Melotte   20   213"	"Pu*"	"Cl Melotte   20   213"
"Cl Melotte   20    17"	"*"	"Cl Melotte   20    17"
"Cl Melotte   20    57"	"*"	"Cl Melotte   20    57"
"Cl Melotte   20   387"	"Em*"	"Cl Melotte   20   387"
"Cl Melotte   20    71"	"*"	"Cl Melotte   20    71"
"Cl Melotte   20    93"	"*"	"Cl Melotte   20    93"
"Cl Melotte   20   135"	"*"	"Cl Melotte   20   135"
"Cl Melotte   20   143"	"SB*"	"Cl Melotte   20   143"
"Cl Melotte   20   148"	"*"	"Cl Melotte   20   148"
"Cl Melotte   20   185"	"PM*"	"Cl Melotte   20   185"
"Cl Melotte   20   225"	"*"	"Cl Melotte   20   225"
"Cl Melotte   20   357"	"*"	"Cl Melotte   20   357"
"Cl Melotte   20   383"	"Pu*"	"Cl Melotte   20   383"
"Cl Melotte   20   299"	"*"	"Cl Melotte   20   299"
"Cl Melotte   20    32"	"*"	"Cl Melotte   20    32"
"Cl Melotte   20    44"	"PM*"	"Cl Melotte   20    44"
"Cl Melotte   20    52"	"RG*"	"Cl Melotte   20    52"
"Cl Melotte   20    77"	"*"	"Cl Melotte   20    77"
"Cl Melotte   20   161"	"RG*"	"Cl Melotte   20   161"
"Cl Melotte   20   215"	"*"	"Cl Melotte   20   215"
"Cl Melotte   20   212"	"*"	"Cl Melotte   20   212"
"Cl Melotte   20   261"	"*"	"Cl Melotte   20   261"
"Cl Melotte   20   291"	"Em*"	"Cl Melotte   20   291"
"Cl Melotte   20   309"	"*"	"Cl Melotte   20   309"
"Cl Melotte   20   334"	"*"	"Cl Melotte   20   334"
"Cl Melotte   20   346"	"*"	"Cl Melotte   20   346"
"Cl Melotte   20   365"	"*"	"Cl Melotte   20   365"
"Cl Melotte   20   386"	"*"	"Cl Melotte   20   386"
"Cl Melotte   20   401"	"Pu*"	"Cl Melotte   20   401"
"Cl Melotte   20   461"	"Em*"	"Cl Melotte   20   461"
"Cl Melotte   20   462"	"SB*"	"Cl Melotte   20   462"
"Cl Melotte   20   471"	"*"	"Cl Melotte   20   471"
"Cl Melotte   20   526"	"*"	"Cl Melotte   20   526"
"Cl Melotte   20   547"	"*"	"Cl Melotte   20   547"
"Cl Melotte   20    63"	"*"	"Cl Melotte   20    63"
"Cl Melotte   20    81"	"*"	"Cl Melotte   20    81"
"Cl Melotte   20   118"	"RG*"	"Cl Melotte   20   118"
"Cl Melotte   20   149"	"*"	"Cl Melotte   20   149"
"Cl Melotte   20   167"	"*"	"Cl Melotte   20   167"
"Cl Melotte   20   192"	"*"	"Cl Melotte   20   192"
"Cl Melotte   20   220"	"*"	"Cl Melotte   20   220"
"Cl Melotte   20   241"	"*"	"Cl Melotte   20   241"
"Cl Melotte   20   247"	"Be*"	"Cl Melotte   20   247"
"Cl Melotte   20   270"	"*"	"Cl Melotte   20   270"
"Cl Melotte   20   268"	"*"	"Cl Melotte   20   268"
"Cl Melotte   20   273"	"RG*"	"Cl Melotte   20   273"
"Cl Melotte   20   331"	"*"	"Cl Melotte   20   331"
"Cl Melotte   20   338"	"*"	"Cl Melotte   20   338"
"Cl Melotte   20   367"	"**"	"Cl Melotte   20   367"
"Cl Melotte   20   369"	"*"	"Cl Melotte   20   369"
"Cl Melotte   20   421"	"*"	"Cl Melotte   20   421"
"Cl Melotte   20   435"	"SB*"	"Cl Melotte   20   435"
"Cl Melotte   20   483"	"*"	"Cl Melotte   20   483"
"Cl Melotte   20   490"	"Em*"	"Cl Melotte   20   490"
"Cl Melotte   20   501"	"dS*"	"Cl Melotte   20   501"
"Cl Melotte   20   554"	"*"	"Cl Melotte   20   554"
"Cl Melotte   20   566"	"SB*"	"Cl Melotte   20   566"
"Cl Melotte   20   219"	"*"	"Cl Melotte   20   219"
"Cl Melotte   20   227"	"*"	"Cl Melotte   20   227"
"Cl Melotte   20   264"	"*"	"Cl Melotte   20   264"
"Cl Melotte   20   287"	"*"	"Cl Melotte   20   287"
"Cl Melotte   20   337"	"Pe*"	"Cl Melotte   20   337"
"Cl Melotte   20   349"	"*"	"Cl Melotte   20   349"
"Cl Melotte   20   361"	"*"	"Cl Melotte   20   361"
"Cl Melotte   20   399"	"*"	"Cl Melotte   20   399"
"Cl Melotte   20   449"	"*"	"Cl Melotte   20   449"
"Cl Melotte   20    92"	"*"	"Cl Melotte   20    92"
"Cl Melotte   20   326"	"*"	"Cl Melotte   20   326"
"Cl Melotte   20   340"	"*"	"Cl Melotte   20   340"
"Cl Melotte   20   106"	"*"	"Cl Melotte   20   106"
"Cl Melotte   20   174"	"*"	"Cl Melotte   20   174"
"Cl Melotte   20   289"	"*"	"Cl Melotte   20   289"
"Cl Melotte   20   545"	"*"	"Cl Melotte   20   545"
"Cl Melotte   20   153"	"*"	"Cl Melotte   20   153"
"Cl Melotte   20   391"	"*"	"Cl Melotte   20   391"
"Cl Melotte   20    29"	"*"	"Cl Melotte   20    29"
"Cl Melotte   20    87"	"EB*"	"Cl Melotte   20    87"
"Cl Melotte   20    85"	"*"	"Cl Melotte   20    85"
"Cl Melotte   20   154"	"*"	"Cl Melotte   20   154"
"Cl Melotte   20    48"	"*"	"Cl Melotte   20    48"
"Cl Melotte   20    88"	"*"	"Cl Melotte   20    88"
"Cl Melotte   20    24"	"RG*"	"Cl Melotte   20    24"
"Cl Melotte   20   232"	"*"	"Cl Melotte   20   232"
"Cl Melotte   20   230"	"*"	"Cl Melotte   20   230"
"Cl Melotte   20   124"	"SB*"	"Cl Melotte   20   124"
"Cl Melotte   20   238"	"Em*"	"Cl Melotte   20   238"
"Cl Melotte   20    89"	"Em*"	"Cl Melotte   20    89"
"Cl Melotte   20    21"	"*"	"Cl Melotte   20    21"
"Cl Melotte   20   102"	"**"	"Cl Melotte   20   102"
"Cl Melotte   20    76"	"*"	"Cl Melotte   20    76"
"Cl Melotte   20    58"	"*"	"Cl Melotte   20    58"
"Cl Melotte   20    99"	"*"	"Cl Melotte   20    99"
"Cl Melotte   20   371"	"*"	"Cl Melotte   20   371"
"Cl Melotte   20   292"	"*"	"Cl Melotte   20   292"
"Cl Melotte   20   171"	"*"	"Cl Melotte   20   171"
"Cl Melotte   20   132"	"*"	"Cl Melotte   20   132"
"Cl Melotte   20   159"	"*"	"Cl Melotte   20   159"
"Cl Melotte   20   191"	"*"	"Cl Melotte   20   191"
"Cl Melotte   20   133"	"*"	"Cl Melotte   20   133"
"Cl Melotte   20   269"	"*"	"Cl Melotte   20   269"
"Cl Melotte   20   125"	"SB*"	"Cl Melotte   20   125"
"Cl Melotte   20   266"	"PM*"	"Cl Melotte   20   266"
"Cl Melotte   20   234"	"*"	"Cl Melotte   20   234"
"Cl Melotte   20   260"	"*"	"Cl Melotte   20   260"
"Cl Melotte   20   188"	"*"	"Cl Melotte   20   188"
"Cl Melotte   20   327"	"*"	"Cl Melotte   20   327"
"Cl Melotte   20   263"	"*"	"Cl Melotte   20   263"
"Cl Melotte   20   173"	"*"	"Cl Melotte   20   173"
"Cl Melotte   20   317"	"**"	"Cl Melotte   20   317"
"Cl Melotte   20   203"	"*"	"Cl Melotte   20   203"
"Cl Melotte   20   117"	"SB*"	"Cl Melotte   20   117"
"Cl Melotte   20   377"	"*"	"Cl Melotte   20   377"
"Cl Melotte   20   254"	"**"	"Cl Melotte   20   254"
"Cl Melotte   20   255"	"*"	"Cl Melotte   20   255"
"Cl Melotte   20   109"	"*"	"Cl Melotte   20   109"
"Cl Melotte   20   222"	"*"	"Cl Melotte   20   222"
"Cl Melotte   20   475"	"*"	"Cl Melotte   20   475"
"Cl Melotte   20   485"	"*"	"Cl Melotte   20   485"
"Cl Melotte   20   487"	"PM*"	"Cl Melotte   20   487"
"Cl Melotte   20   147"	"*"	"Cl Melotte   20   147"
"Cl Melotte   20   224"	"*"	"Cl Melotte   20   224"
"Cl Melotte   20   389"	"*"	"Cl Melotte   20   389"
"Cl Melotte   20   517"	"*"	"Cl Melotte   20   517"
"Cl Melotte   20   541"	"*"	"Cl Melotte   20   541"
"Cl Melotte   20   542"	"*"	"Cl Melotte   20   542"
"Cl Melotte   20   558"	"*"	"Cl Melotte   20   558"
"Cl Melotte   20   570"	"*"	"Cl Melotte   20   570"
"Cl Melotte   20   457"	"SB*"	"Cl Melotte   20   457"
"Cl Melotte   20     9"	"*"	"Cl Melotte   20     9"
"Cl Melotte   20    23"	"*"	"Cl Melotte   20    23"
"Cl Melotte   20   204"	"*"	"Cl Melotte   20   204"
"Cl Melotte   20   364"	"*"	"Cl Melotte   20   364"
"Cl Melotte   20   405"	"**"	"Cl Melotte   20   405"
"Cl Melotte   20     5"	"*"	"Cl Melotte   20     5"
"Cl Melotte   20    37"	"*"	"Cl Melotte   20    37"
"Cl Melotte   20    47"	"*"	"Cl Melotte   20    47"
"Cl Melotte   20    53"	"**"	"Cl Melotte   20    53"
"Cl Melotte   20    60"	"Pe*"	"Cl Melotte   20    60"
"Cl Melotte   20    68"	"*"	"Cl Melotte   20    68"
"Cl Melotte   20    95"	"*"	"Cl Melotte   20    95"
"Cl Melotte   20    96"	"*"	"Cl Melotte   20    96"
"Cl Melotte   20    98"	"*"	"Cl Melotte   20    98"
"Cl Melotte   20   108"	"*"	"Cl Melotte   20   108"
"Cl Melotte   20   119"	"*"	"Cl Melotte   20   119"
"Cl Melotte   20   137"	"Pe*"	"Cl Melotte   20   137"
"Cl Melotte   20   141"	"*"	"Cl Melotte   20   141"
"Cl Melotte   20   150"	"*"	"Cl Melotte   20   150"
"Cl Melotte   20   165"	"*"	"Cl Melotte   20   165"
"Cl Melotte   20   178"	"*"	"Cl Melotte   20   178"
"Cl Melotte   20   180"	"Pe*"	"Cl Melotte   20   180"
"Cl Melotte   20   184"	"*"	"Cl Melotte   20   184"
"Cl Melotte   20   187"	"*"	"Cl Melotte   20   187"
"Cl Melotte   20   207"	"*"	"Cl Melotte   20   207"
"Cl Melotte   20   221"	"*"	"Cl Melotte   20   221"
"Cl Melotte   20   237"	"*"	"Cl Melotte   20   237"
"Cl Melotte   20   240"	"*"	"Cl Melotte   20   240"
"Cl Melotte   20   244"	"*"	"Cl Melotte   20   244"
"Cl Melotte   20   257"	"*"	"Cl Melotte   20   257"
"Cl Melotte   20   258"	"*"	"Cl Melotte   20   258"
"Cl Melotte   20   277"	"Em*"	"Cl Melotte   20   277"
"Cl Melotte   20   288"	"SB*"	"Cl Melotte   20   288"
"Cl Melotte   20   296"	"*"	"Cl Melotte   20   296"
"Cl Melotte   20   298"	"*"	"Cl Melotte   20   298"
"Cl Melotte   20   301"	"*"	"Cl Melotte   20   301"
"Cl Melotte   20   307"	"*"	"Cl Melotte   20   307"
"Cl Melotte   20   313"	"*"	"Cl Melotte   20   313"
"Cl Melotte   20   315"	"*"	"Cl Melotte   20   315"
"Cl Melotte   20   319"	"*"	"Cl Melotte   20   319"
"Cl Melotte   20   321"	"SB*"	"Cl Melotte   20   321"
"Cl Melotte   20   325"	"*"	"Cl Melotte   20   325"
"Cl Melotte   20   329"	"*"	"Cl Melotte   20   329"
"Cl Melotte   20   332"	"*"	"Cl Melotte   20   332"
"Cl Melotte   20   336"	"*"	"Cl Melotte   20   336"
"Cl Melotte   20   339"	"*"	"Cl Melotte   20   339"
"Cl Melotte   20   345"	"*"	"Cl Melotte   20   345"
"Cl Melotte   20   362"	"*"	"Cl Melotte   20   362"
"Cl Melotte   20   366"	"*"	"Cl Melotte   20   366"
"Cl Melotte   20   368"	"*"	"Cl Melotte   20   368"
"Cl Melotte   20   370"	"*"	"Cl Melotte   20   370"
"Cl Melotte   20   380"	"*"	"Cl Melotte   20   380"
"Cl Melotte   20   395"	"*"	"Cl Melotte   20   395"
"Cl Melotte   20   403"	"*"	"Cl Melotte   20   403"
"Cl Melotte   20   409"	"*"	"Cl Melotte   20   409"
"Cl Melotte   20   410"	"*"	"Cl Melotte   20   410"
"Cl Melotte   20   415"	"*"	"Cl Melotte   20   415"
"Cl Melotte   20   420"	"*"	"Cl Melotte   20   420"
"Cl Melotte   20   439"	"*"	"Cl Melotte   20   439"
"Cl Melotte   20   447"	"*"	"Cl Melotte   20   447"
"Cl Melotte   20   474"	"*"	"Cl Melotte   20   474"
"Cl Melotte   20   509"	"*"	"Cl Melotte   20   509"
"Cl Melotte   20   540"	"*"	"Cl Melotte   20   540"
"Cl Melotte   20   587"	"*"	"Cl Melotte   20   587"
"Cl Melotte   20   596"	"*"	"Cl Melotte   20   596"
"Cl Melotte   20   199"	"*"	"Cl Melotte   20   199"
"Cl Melotte   20   276"	"*"	"Cl Melotte   20   276"
"Cl Melotte   20   285"	"**"	"Cl Melotte   20   285"
"Cl Melotte   20   285 A"	"**"	"Cl Melotte   20   285"
"Cl Melotte   20   285"	"**"	"Cl Melotte   20   285 A"
"Cl Melotte   20   285 A"	"**"	"Cl Melotte   20   285 A"
"Cl Melotte   20   290"	"*"	"Cl Melotte   20   290"
"Cl Melotte   20   320"	"*"	"Cl Melotte   20   320"
"Cl Melotte   20   328"	"*"	"Cl Melotte   20   328"
"Cl Melotte   20   330"	"*"	"Cl Melotte   20   330"
"Cl Melotte   20   354"	"*"	"Cl Melotte   20   354"
"Cl Melotte   20   355"	"*"	"Cl Melotte   20   355"
"Cl Melotte   20   453"	"SB*"	"Cl Melotte   20   453"
"Cl Melotte   20   382"	"*"	"Cl Melotte   20   382"
"Cl Melotte   20   429"	"*"	"Cl Melotte   20   429"
"Cl Melotte   20   432"	"PM*"	"Cl Melotte   20   432"
"Cl Melotte   20   573"	"*"	"Cl Melotte   20   573"
"Cl Melotte   20   265"	"PM*"	"Cl Melotte   20   265"
"Cl Melotte   20   411"	"*"	"Cl Melotte   20   411"
"Cl Melotte   20   271"	"*"	"Cl Melotte   20   271"
"Cl Melotte   20   394"	"*"	"Cl Melotte   20   394"
"Cl Melotte   20   373"	"BY*"	"Cl Melotte   20   373"
"Cl Melotte   20   423"	"SB*"	"Cl Melotte   20   423"
"Cl Melotte   20   472"	"*"	"Cl Melotte   20   472"
"Cl Melotte   20   484"	"Pu*"	"Cl Melotte   20   484"
"Cl Melotte   20   553"	"*"	"Cl Melotte   20   553"
"Cl Melotte   20   581"	"*"	"Cl Melotte   20   581"
"Cl Melotte   20   589"	"*"	"Cl Melotte   20   589"
"Cl Melotte   20   612"	"*"	"Cl Melotte   20   612"
"Cl Melotte   20   642"	"*"	"Cl Melotte   20   642"
"Cl Melotte   20   650"	"*"	"Cl Melotte   20   650"
"Cl Melotte   20   675"	"Pu*"	"Cl Melotte   20   675"
"Cl Melotte   20   312"	"*"	"Cl Melotte   20   312"
"Cl Melotte   20   481"	"Em*"	"Cl Melotte   20   481"
"Cl Melotte   20   576"	"*"	"Cl Melotte   20   576"
"Cl Melotte   20   621"	"*"	"Cl Melotte   20   621"
"Cl Melotte   20   464"	"SB*"	"Cl Melotte   20   464"
"Cl Melotte   20   544"	"*"	"Cl Melotte   20   544"
"Cl Melotte   20   552"	"*"	"Cl Melotte   20   552"
"Cl Melotte   20   563"	"*"	"Cl Melotte   20   563"
"Cl Melotte   20   661"	"*"	"Cl Melotte   20   661"
"Cl Melotte   20   701"	"Em*"	"Cl Melotte   20   701"
"Cl Melotte   20   730"	"*"	"Cl Melotte   20   730"
"Cl Melotte   20   733"	"*"	"Cl Melotte   20   733"
"Cl Melotte   20   745"	"*"	"Cl Melotte   20   745"
"Cl Melotte   20   799"	"*"	"Cl Melotte   20   799"
"Cl Melotte   20   833"	"*"	"Cl Melotte   20   833"
"Cl Melotte   20   885"	"*"	"Cl Melotte   20   885"
"Cl Melotte   20   692"	"*"	"Cl Melotte   20   692"
"Cl Melotte   20   694"	"*"	"Cl Melotte   20   694"
"Cl Melotte   20   735"	"*"	"Cl Melotte   20   735"
"Cl Melotte   20   756"	"*"	"Cl Melotte   20   756"
"Cl Melotte   20   831"	"Em*"	"Cl Melotte   20   831"
"Cl Melotte   20   860"	"*"	"Cl Melotte   20   860"
"Cl Melotte   20   896"	"*"	"Cl Melotte   20   896"
"Cl Melotte   20   813"	"*"	"Cl Melotte   20   813"
"Cl Melotte   20   731"	"*"	"Cl Melotte   20   731"
"Cl Melotte   20   695"	"SB*"	"Cl Melotte   20   695"
"Cl Melotte   20   784"	"Pu*"	"Cl Melotte   20   784"
"Cl Melotte   20   828"	"Y*O"	"Cl Melotte   20   828"
"Cl Melotte   20   347"	"*"	"Cl Melotte   20   347"
"Cl Melotte   20   419"	"PM*"	"Cl Melotte   20   419"
"Cl Melotte   20   418"	"*"	"Cl Melotte   20   418"
"Cl Melotte   20   425"	"*"	"Cl Melotte   20   425"
"Cl Melotte   20   467"	"PM*"	"Cl Melotte   20   467"
"Cl Melotte   20   507"	"*"	"Cl Melotte   20   507"
"Cl Melotte   20   577"	"*"	"Cl Melotte   20   577"
"Cl Melotte   20   625"	"*"	"Cl Melotte   20   625"
"Cl Melotte   20   658"	"*"	"Cl Melotte   20   658"
"Cl Melotte   20   623"	"*"	"Cl Melotte   20   623"
"Cl Melotte   20   629"	"*"	"Cl Melotte   20   629"
"Cl Melotte   20   632"	"*"	"Cl Melotte   20   632"
"Cl Melotte   20   657"	"*"	"Cl Melotte   20   657"
"Cl Melotte   20   665"	"*"	"Cl Melotte   20   665"
"Cl Melotte   20   664"	"*"	"Cl Melotte   20   664"
"Cl Melotte   20   681"	"*"	"Cl Melotte   20   681"
"Cl Melotte   20   680"	"*"	"Cl Melotte   20   681"
"Cl Melotte   20   681"	"*"	"Cl Melotte   20   680"
"Cl Melotte   20   680"	"*"	"Cl Melotte   20   680"
"Cl Melotte   20   397"	"PM*"	"Cl Melotte   20   397"
"Cl Melotte   20   438"	"*"	"Cl Melotte   20   438"
"Cl Melotte   20   479"	"*"	"Cl Melotte   20   479"
"Cl Melotte   20   488"	"HS*"	"Cl Melotte   20   488"
"Cl Melotte   20   549"	"SB*"	"Cl Melotte   20   549"
"Cl Melotte   20   721"	"*"	"Cl Melotte   20   721"
"Cl Melotte   20   729"	"*"	"Cl Melotte   20   729"
"Cl Melotte   20   755"	"*"	"Cl Melotte   20   755"
"Cl Melotte   20   775"	"SB*"	"Cl Melotte   20   775"
"Cl Melotte   20   823"	"PM*"	"Cl Melotte   20   823"
"Cl Melotte   20   876"	"*"	"Cl Melotte   20   876"
"Cl Melotte   20   875"	"Em*"	"Cl Melotte   20   875"
"Cl Melotte   20   906"	"dS*"	"Cl Melotte   20   906"
"Cl Melotte   20   900"	"*"	"Cl Melotte   20   900"
"Cl Melotte   20   904"	"Pu*"	"Cl Melotte   20   904"
"Cl Melotte   20   910"	"*"	"Cl Melotte   20   910"
"Cl Melotte   20   917"	"Y*O"	"Cl Melotte   20   917"
"Cl Melotte   20   955"	"Be*"	"Cl Melotte   20   955"
"Cl Melotte   20   953"	"*"	"Cl Melotte   20   953"
"Cl Melotte   20   988"	"Em*"	"Cl Melotte   20   988"
"Cl Melotte   20  1005"	"*"	"Cl Melotte   20  1005"
"Cl Melotte   20  1047"	"SB*"	"Cl Melotte   20  1047"
"Cl Melotte   20  1078"	"*"	"Cl Melotte   20  1078"
"Cl Melotte   20  1102"	"*"	"Cl Melotte   20  1102"
"Cl Melotte   20   710"	"*"	"Cl Melotte   20   710"
"Cl Melotte   20   741"	"*"	"Cl Melotte   20   741"
"Cl Melotte   20   749"	"*"	"Cl Melotte   20   749"
"Cl Melotte   20   797"	"SB*"	"Cl Melotte   20   797"
"Cl Melotte   20   816"	"*"	"Cl Melotte   20   816"
"Cl Melotte   20   829"	"*"	"Cl Melotte   20   829"
"Cl Melotte   20   861"	"Be*"	"Cl Melotte   20   861"
"Cl Melotte   20   855"	"*"	"Cl Melotte   20   855"
"Cl Melotte   20   878"	"*"	"Cl Melotte   20   878"
"Cl Melotte   20   903"	"*"	"Cl Melotte   20   903"
"Cl Melotte   20   964"	"*"	"Cl Melotte   20   964"
"Cl Melotte   20  1056"	"*"	"Cl Melotte   20  1056"
"Cl Melotte   20   920"	"*"	"Cl Melotte   20   920"
"Cl Melotte   20   987"	"Em*"	"Cl Melotte   20   987"
"Cl Melotte   20   997"	"Pe*"	"Cl Melotte   20   997"
"Cl Melotte   20  1062"	"*"	"Cl Melotte   20  1062"
"Cl Melotte   20  1022"	"*"	"Cl Melotte   20  1022"
"Cl Melotte   20   700"	"*"	"Cl Melotte   20   700"
"Cl Melotte   20   768"	"*"	"Cl Melotte   20   768"
"Cl Melotte   20   788"	"*"	"Cl Melotte   20   788"
"Cl Melotte   20   847"	"*"	"Cl Melotte   20   847"
"Cl Melotte   20   444"	"SB*"	"Cl Melotte   20   444"
"Cl Melotte   20   477"	"*"	"Cl Melotte   20   477"
"Cl Melotte   20   537"	"*"	"Cl Melotte   20   537"
"Cl Melotte   20   979"	"*"	"Cl Melotte   20   979"
"Cl Melotte   20   531"	"*"	"Cl Melotte   20   531"
"Cl Melotte   20   932"	"*"	"Cl Melotte   20   932"
"Cl Melotte   20  1034"	"LP?"	"Cl Melotte   20  1034"
"Cl Melotte   20  1104"	"*"	"Cl Melotte   20  1104"
"Cl Melotte   20   608"	"*"	"Cl Melotte   20   608"
"Cl Melotte   20   879"	"*"	"Cl Melotte   20   879"
"Cl Melotte   20   985"	"Pu*"	"Cl Melotte   20   985"
"Cl Melotte   20   586"	"PM*"	"Cl Melotte   20   586"
"Cl Melotte   20  1030"	"PM*"	"Cl Melotte   20  1030"
"Cl Melotte   20   248"	"*"	"Cl Melotte   20   248"
"Cl Melotte   20   172"	"RS*"	"Cl Melotte   20   172"
"Cl Melotte   20   175"	"*"	"Cl Melotte   20   175"
"Cl Melotte   20   497"	"PM*"	"Cl Melotte   20   497"
"Cl Melotte   20   557"	"*"	"Cl Melotte   20   557"
"Cl Melotte   20   606"	"dS*"	"Cl Melotte   20   606"
"Cl Melotte   20   604"	"*"	"Cl Melotte   20   604"
"Cl Melotte   20   639"	"*"	"Cl Melotte   20   639"
"Cl Melotte   20   304"	"*"	"Cl Melotte   20   304"
"Cl Melotte   20   600"	"*"	"Cl Melotte   20   600"
"Cl Melotte   20   539"	"*"	"Cl Melotte   20   539"
"Cl Melotte   20   832"	"LP?"	"Cl Melotte   20   832"
"Cl Melotte   20   504"	"*"	"Cl Melotte   20   504"
"Cl Melotte   20   667"	"*"	"Cl Melotte   20   667"
"Cl Melotte   20   610"	"*"	"Cl Melotte   20   610"
"Cl Melotte   20   712"	"*"	"Cl Melotte   20   712"
"Cl Melotte   20   318"	"Pu*"	"Cl Melotte   20   318"
"Cl Melotte   20   356"	"Pe*"	"Cl Melotte   20   356"
"Cl Melotte   20   251"	"**"	"Cl Melotte   20   251"
"Cl Melotte   20   335"	"*"	"Cl Melotte   20   335"
"Cl Melotte   20   249"	"*"	"Cl Melotte   20   249"
"Cl Melotte   20   480"	"*"	"Cl Melotte   20   480"
"Cl Melotte   20   519"	"*"	"Cl Melotte   20   519"
"Cl Melotte   20   468"	"*"	"Cl Melotte   20   468"
"Cl Melotte   20   458"	"*"	"Cl Melotte   20   458"
"Cl Melotte   20   427"	"SB*"	"Cl Melotte   20   427"
"Cl Melotte   20   473"	"**"	"Cl Melotte   20   473"
"Cl Melotte   20   511"	"*"	"Cl Melotte   20   511"
"Cl Melotte   20   375"	"*"	"Cl Melotte   20   375"
"Cl Melotte   20   422"	"*"	"Cl Melotte   20   422"
"Cl Melotte   20   476"	"*"	"Cl Melotte   20   476"
"Cl Melotte   20   393"	"SB*"	"Cl Melotte   20   393"
"Cl Melotte   20   412"	"*"	"Cl Melotte   20   412"
"Cl Melotte   20   384"	"*"	"Cl Melotte   20   384"
"Cl Melotte   20   406"	"*"	"Cl Melotte   20   406"
"Cl Melotte   20   785"	"*"	"Cl Melotte   20   785"
"Cl Melotte   20   783"	"*"	"Cl Melotte   20   783"
"Cl Melotte   20   789"	"*"	"Cl Melotte   20   789"
"Cl Melotte   20   814"	"*"	"Cl Melotte   20   814"
"Cl Melotte   20   811"	"*"	"Cl Melotte   20   811"
"Cl Melotte   20   793"	"*"	"Cl Melotte   20   793"
"Cl Melotte   20   782"	"*"	"Cl Melotte   20   782"
"Cl Melotte   20   634"	"*"	"Cl Melotte   20   634"
"Cl Melotte   20   743"	"*"	"Cl Melotte   20   743"
"Cl Melotte   20   616"	"*"	"Cl Melotte   20   616"
"Cl Melotte   20   761"	"*"	"Cl Melotte   20   761"
"Cl Melotte   20   827"	"Pe*"	"Cl Melotte   20   827"
"Cl Melotte   20   530"	"*"	"Cl Melotte   20   530"
"Cl Melotte   20   740"	"*"	"Cl Melotte   20   740"
"Cl Melotte   20   560"	"*"	"Cl Melotte   20   560"
"Cl Melotte   20   971"	"*"	"Cl Melotte   20   971"
"Cl Melotte   20   975"	"*"	"Cl Melotte   20   975"
"Cl Melotte   20   706"	"*"	"Cl Melotte   20   706"
"Cl Melotte   20   720"	"*"	"Cl Melotte   20   720"
"Cl Melotte   20   901"	"*"	"Cl Melotte   20   901"
"Cl Melotte   20   686"	"PM*"	"Cl Melotte   20   686"
"Cl Melotte   20   637"	"*"	"Cl Melotte   20   637"
"Cl Melotte   20   643"	"*"	"Cl Melotte   20   643"
"Cl Melotte   20   751"	"*"	"Cl Melotte   20   751"
"Cl Melotte   20   584"	"*"	"Cl Melotte   20   584"
"Cl Melotte   20   919"	"*"	"Cl Melotte   20   919"
"Cl Melotte   20  1044"	"*"	"Cl Melotte   20  1044"
"Cl Melotte   20   883"	"*"	"Cl Melotte   20   883"
"Cl Melotte   20   718"	"*"	"Cl Melotte   20   718"
"Cl Melotte   20   669"	"*"	"Cl Melotte   20   669"
"Cl Melotte   20   641"	"*"	"Cl Melotte   20   641"
"Cl Melotte   20   836"	"SB*"	"Cl Melotte   20   836"
"Cl Melotte   20   622"	"BY*"	"Cl Melotte   20   622"
"Cl Melotte   20   684"	"BY*"	"Cl Melotte   20   684"
"Cl Melotte   20   696"	"Y*O"	"Cl Melotte   20   696"
"Cl Melotte   20   716"	"*"	"Cl Melotte   20   716"
"Cl Melotte   20   727"	"*"	"Cl Melotte   20   727"
"Cl Melotte   20   750"	"*"	"Cl Melotte   20   750"
"Cl Melotte   20   848"	"Y*O"	"Cl Melotte   20   848"
"Cl Melotte   20   454"	"*"	"Cl Melotte   20   454"
"Cl Melotte   20   455"	"Pe*"	"Cl Melotte   20   455"
"Cl Melotte   20   465"	"*"	"Cl Melotte   20   465"
"Cl Melotte   20   469"	"*"	"Cl Melotte   20   469"
"Cl Melotte   20   470"	"*"	"Cl Melotte   20   470"
"Cl Melotte   20   493"	"*"	"Cl Melotte   20   493"
"Cl Melotte   20   499"	"*"	"Cl Melotte   20   499"
"Cl Melotte   20   502"	"*"	"Cl Melotte   20   502"
"Cl Melotte   20   503"	"*"	"Cl Melotte   20   503"
"Cl Melotte   20   510"	"Pe*"	"Cl Melotte   20   510"
"Cl Melotte   20   514"	"*"	"Cl Melotte   20   514"
"Cl Melotte   20   518"	"*"	"Cl Melotte   20   518"
"Cl Melotte   20   527"	"*"	"Cl Melotte   20   527"
"Cl Melotte   20   528"	"*"	"Cl Melotte   20   528"
"Cl Melotte   20   532"	"*"	"Cl Melotte   20   532"
"Cl Melotte   20   535"	"*"	"Cl Melotte   20   535"
"Cl Melotte   20   548"	"*"	"Cl Melotte   20   548"
"Cl Melotte   20   564"	"*"	"Cl Melotte   20   564"
"Cl Melotte   20   565"	"*"	"Cl Melotte   20   565"
"Cl Melotte   20   568"	"SB*"	"Cl Melotte   20   568"
"Cl Melotte   20   520"	"BY*"	"Cl Melotte   20   520"
"Cl Melotte   20   567"	"*"	"Cl Melotte   20   567"
"Cl Melotte   20   555"	"PM*"	"Cl Melotte   20   555"
"Cl Melotte   20   388"	"*"	"Cl Melotte   20   388"
"Cl Melotte   20   734"	"*"	"Cl Melotte   20   734"
"Cl Melotte   20   803"	"PM*"	"Cl Melotte   20   803"
"Cl Melotte   20   822"	"*"	"Cl Melotte   20   822"
"Cl Melotte   20   211"	"*"	"Cl Melotte   20   211"
"Cl Melotte   20   216"	"*"	"Cl Melotte   20   216"
"Cl Melotte   20   262"	"*"	"Cl Melotte   20   262"
"Cl Melotte   20   272"	"*"	"Cl Melotte   20   272"
"Cl Melotte   20   343"	"*"	"Cl Melotte   20   343"
"Cl Melotte   20   351"	"*"	"Cl Melotte   20   351"
"Cl Melotte   20   359"	"*"	"Cl Melotte   20   359"
"Cl Melotte   20   363"	"*"	"Cl Melotte   20   363"
"Cl Melotte   20   372"	"*"	"Cl Melotte   20   372"
"Cl Melotte   20   392"	"*"	"Cl Melotte   20   392"
"Cl Melotte   20   396"	"*"	"Cl Melotte   20   396"
"Cl Melotte   20   400"	"*"	"Cl Melotte   20   400"
"Cl Melotte   20   402"	"*"	"Cl Melotte   20   402"
"Cl Melotte   20   404"	"AB?"	"Cl Melotte   20   404"
"Cl Melotte   20   413"	"*"	"Cl Melotte   20   413"
"Cl Melotte   20   417"	"*"	"Cl Melotte   20   417"
"Cl Melotte   20   424"	"*"	"Cl Melotte   20   424"
"Cl Melotte   20   428"	"*"	"Cl Melotte   20   428"
"Cl Melotte   20   430"	"*"	"Cl Melotte   20   430"
"Cl Melotte   20   431"	"**"	"Cl Melotte   20   431"
"Cl Melotte   20   433"	"*"	"Cl Melotte   20   433"
"Cl Melotte   20   440"	"*"	"Cl Melotte   20   440"
"Cl Melotte   20   442"	"Pe*"	"Cl Melotte   20   442"
"Cl Melotte   20   451"	"*"	"Cl Melotte   20   451"
"Cl Melotte   20   459"	"*"	"Cl Melotte   20   459"
"Cl Melotte   20   482"	"*"	"Cl Melotte   20   482"
"Cl Melotte   20   489"	"*"	"Cl Melotte   20   489"
"Cl Melotte   20   491"	"*"	"Cl Melotte   20   491"
"Cl Melotte   20   492"	"*"	"Cl Melotte   20   492"
"Cl Melotte   20   513"	"*"	"Cl Melotte   20   513"
"Cl Melotte   20   533"	"*"	"Cl Melotte   20   533"
"Cl Melotte   20   534"	"*"	"Cl Melotte   20   534"
"Cl Melotte   20   561"	"*"	"Cl Melotte   20   561"
"Cl Melotte   20   578"	"*"	"Cl Melotte   20   578"
"Cl Melotte   20   582"	"*"	"Cl Melotte   20   582"
"Cl Melotte   20   585"	"*"	"Cl Melotte   20   585"
"Cl Melotte   20   607"	"*"	"Cl Melotte   20   607"
"Cl Melotte   20   617"	"*"	"Cl Melotte   20   617"
"Cl Melotte   20   620"	"*"	"Cl Melotte   20   620"
"Cl Melotte   20   626"	"*"	"Cl Melotte   20   626"
"Cl Melotte   20   627"	"Pe*"	"Cl Melotte   20   627"
"Cl Melotte   20   631"	"*"	"Cl Melotte   20   631"
"Cl Melotte   20   645"	"*"	"Cl Melotte   20   645"
"Cl Melotte   20   666"	"*"	"Cl Melotte   20   666"
"Cl Melotte   20   670"	"*"	"Cl Melotte   20   670"
"Cl Melotte   20   671"	"*"	"Cl Melotte   20   671"
"Cl Melotte   20   673"	"*"	"Cl Melotte   20   673"
"Cl Melotte   20   678"	"*"	"Cl Melotte   20   678"
"Cl Melotte   20   688"	"*"	"Cl Melotte   20   688"
"Cl Melotte   20   689"	"*"	"Cl Melotte   20   689"
"Cl Melotte   20   690"	"*"	"Cl Melotte   20   690"
"Cl Melotte   20   705"	"*"	"Cl Melotte   20   705"
"Cl Melotte   20   715"	"*"	"Cl Melotte   20   715"
"Cl Melotte   20   717"	"*"	"Cl Melotte   20   717"
"Cl Melotte   20   722"	"*"	"Cl Melotte   20   722"
"Cl Melotte   20   725"	"*"	"Cl Melotte   20   725"
"Cl Melotte   20   726"	"*"	"Cl Melotte   20   726"
"Cl Melotte   20   762"	"*"	"Cl Melotte   20   762"
"Cl Melotte   20   772"	"*"	"Cl Melotte   20   772"
"Cl Melotte   20   773"	"*"	"Cl Melotte   20   773"
"Cl Melotte   20   787"	"*"	"Cl Melotte   20   787"
"Cl Melotte   20   806"	"*"	"Cl Melotte   20   806"
"Cl Melotte   20   808"	"*"	"Cl Melotte   20   808"
"Cl Melotte   20   825"	"*"	"Cl Melotte   20   825"
"Cl Melotte   20   826"	"*"	"Cl Melotte   20   826"
"Cl Melotte   20   834"	"*"	"Cl Melotte   20   834"
"Cl Melotte   20   840"	"*"	"Cl Melotte   20   840"
"Cl Melotte   20   849"	"*"	"Cl Melotte   20   849"
"Cl Melotte   20   873"	"*"	"Cl Melotte   20   873"
"Cl Melotte   20   884"	"*"	"Cl Melotte   20   884"
"Cl Melotte   20   886"	"*"	"Cl Melotte   20   886"
"Cl Melotte   20   905"	"Pu*"	"Cl Melotte   20   905"
"Cl Melotte   20   908"	"*"	"Cl Melotte   20   908"
"Cl Melotte   20   915"	"*"	"Cl Melotte   20   915"
"Cl Melotte   20   925"	"*"	"Cl Melotte   20   925"
"Cl Melotte   20   940"	"*"	"Cl Melotte   20   940"
"Cl Melotte   20   947"	"*"	"Cl Melotte   20   947"
"Cl Melotte   20   948"	"*"	"Cl Melotte   20   948"
"Cl Melotte   20   974"	"*"	"Cl Melotte   20   974"
"Cl Melotte   20   983"	"*"	"Cl Melotte   20   983"
"Cl Melotte   20   998"	"*"	"Cl Melotte   20   998"
"Cl Melotte   20  1001"	"*"	"Cl Melotte   20  1001"
"Cl Melotte   20  1009"	"*"	"Cl Melotte   20  1009"
"Cl Melotte   20  1026"	"*"	"Cl Melotte   20  1026"
"Cl Melotte   20  1027"	"*"	"Cl Melotte   20  1027"
"Cl Melotte   20  1038"	"*"	"Cl Melotte   20  1038"
"Cl Melotte   20  1065"	"*"	"Cl Melotte   20  1065"
"Cl Melotte   20  1094"	"*"	"Cl Melotte   20  1094"
"Cl Melotte   20  1113"	"*"	"Cl Melotte   20  1113"
"Cl Melotte   20  1117"	"*"	"Cl Melotte   20  1117"
"Cl Melotte   20  1165"	"*"	"Cl Melotte   20  1165"
"Cl Melotte   20  1179"	"*"	"Cl Melotte   20  1179"
"Cl Collinder   39"	"MGr"	"Cl Melotte   20"
"Cl Melotte   20"	"MGr"	"Cl Melotte   20"
"Cl Collinder   39"	"MGr"	"NAME Alpha Per Cluster"
"Cl Melotte   20"	"MGr"	"NAME Alpha Per Cluster"
"Cl Collinder   39"	"MGr"	"Cl Collinder   39"
"Cl Melotte   20"	"MGr"	"Cl Collinder   39"
"Cl Collinder   39"	"MGr"	"NAME Alpha Persei Cluster"
"Cl Melotte   20"	"MGr"	"NAME Alpha Persei Cluster"
"Cl Collinder   39"	"MGr"	"NAME alf Per Cluster"
"Cl Melotte   20"	"MGr"	"NAME alf Per Cluster"
"Cl Melotte   20  1042"	"*"	"Cl Melotte   20  1042"
"Cl Melotte   20  1077"	"*"	"Cl Melotte   20  1077"
"Cl Melotte   20  1089"	"EB*"	"Cl Melotte   20  1089"
"Cl Melotte   20  1153"	"*"	"Cl Melotte   20  1153"
"Cl Melotte   20  1193"	"*"	"Cl Melotte   20  1193"
"Cl Melotte   20  1210"	"*"	"Cl Melotte   20  1210"
"Cl Melotte   20  1218"	"*"	"Cl Melotte   20  1218"
"Cl Melotte   20  1247"	"PM*"	"Cl Melotte   20  1247"
"Cl Melotte   20  1166"	"*"	"Cl Melotte   20  1166"
"Cl Melotte   20  1100"	"*"	"Cl Melotte   20  1100"
"Cl Melotte   20  1350"	"*"	"Cl Melotte   20  1350"
"Cl Melotte   20  1209"	"*"	"Cl Melotte   20  1209"
"Cl Melotte   20  1090"	"*"	"Cl Melotte   20  1090"
"Cl Melotte   20  1127"	"PM*"	"Cl Melotte   20  1127"
"Cl Melotte   20  1296"	"SB*"	"Cl Melotte   20  1296"
"Cl Melotte   20  1081"	"SB*"	"Cl Melotte   20  1081"
"Cl Melotte   20  1237"	"*"	"Cl Melotte   20  1237"
"Cl Melotte   20  1361"	"*"	"Cl Melotte   20  1361"
"Cl Melotte   20  1012"	"PM*"	"Cl Melotte   20  1012"
"Cl Melotte   20  1015"	"*"	"Cl Melotte   20  1015"
"Cl Melotte   20  1008"	"*"	"Cl Melotte   20  1008"
"Cl Melotte   20  1003"	"PM*"	"Cl Melotte   20  1003"
"Cl Melotte   20  1249"	"*"	"Cl Melotte   20  1249"
"Cl Melotte   20  1264"	"Pe*"	"Cl Melotte   20  1264"
"Cl Melotte   20  1265"	"*"	"Cl Melotte   20  1265"
"Cl Melotte   20  1167"	"*"	"Cl Melotte   20  1167"
"Cl Melotte   20  1155"	"*"	"Cl Melotte   20  1155"
"Cl Melotte   20  1269"	"*"	"Cl Melotte   20  1269"
"Cl Melotte   20  1197"	"RG*"	"Cl Melotte   20  1197"
"Cl Melotte   20  1204"	"PM*"	"Cl Melotte   20  1204"
"Cl Melotte   20  1192"	"*"	"Cl Melotte   20  1192"
"Cl Melotte   20  1233"	"*"	"Cl Melotte   20  1233"
"Cl Melotte   20   984"	"*"	"Cl Melotte   20   984"
"Cl Melotte   20  1217"	"*"	"Cl Melotte   20  1217"
"Cl Melotte   20  1284"	"*"	"Cl Melotte   20  1284"
"Cl Melotte   20  1339"	"*"	"Cl Melotte   20  1339"
"Cl Melotte   20   857"	"*"	"Cl Melotte   20   857"
"Cl Melotte   20  1041"	"*"	"Cl Melotte   20  1041"
"Cl Melotte   20  1052"	"*"	"Cl Melotte   20  1052"
"Cl Melotte   20  1070"	"SB*"	"Cl Melotte   20  1070"
"Cl Melotte   20  1107"	"*"	"Cl Melotte   20  1107"
"Cl Melotte   20  1171"	"*"	"Cl Melotte   20  1171"
"Cl Melotte   20  1182"	"*"	"Cl Melotte   20  1182"
"Cl Melotte   20  1219"	"*"	"Cl Melotte   20  1219"
"Cl Melotte   20  1232"	"*"	"Cl Melotte   20  1232"
"Cl Melotte   20  1276"	"*"	"Cl Melotte   20  1276"
"Cl Melotte   20  1286"	"*"	"Cl Melotte   20  1286"
"Cl Melotte   20  1290"	"*"	"Cl Melotte   20  1290"
"Cl Melotte  229"	"OpC"	"NGC  6866"
"Cl Melotte  229"	"OpC"	"Cl Melotte  229"
"Cl Melotte  229"	"OpC"	"NAME Kite Cluster"
"Cl Trumpler   37    23"	"*"	"Cl Trumpler   37    23"
"Cl Trumpler   37    33"	"*"	"Cl Trumpler   37    33"
"Cl Trumpler   37    36"	"*"	"Cl Trumpler   37    36"
"Cl Trumpler   37    38"	"**"	"Cl Trumpler   37    38"
"Cl Trumpler   37    46"	"Em*"	"Cl Trumpler   37    46"
"Cl Trumpler   37    53"	"*"	"Cl Trumpler   37    53"
"Cl Trumpler   37    63"	"*"	"Cl Trumpler   37    63"
"Cl Trumpler   37   321"	"*"	"Cl Trumpler   37   321"
"Cl Trumpler   37    73"	"*"	"Cl Trumpler   37    73"
"Cl Trumpler   37   330"	"*"	"Cl Trumpler   37   330"
"Cl Trumpler   37    94"	"*"	"Cl Trumpler   37    94"
"Cl Trumpler   37    49"	"*"	"Cl Trumpler   37    49"
"Cl Trumpler   37   298"	"*"	"Cl Trumpler   37   298"
"Cl Trumpler   37   326"	"*"	"Cl Trumpler   37   326"
"Cl Trumpler   37   295"	"**"	"Cl Trumpler   37   295"
"Cl Trumpler   37   323"	"*"	"Cl Trumpler   37   323"
"Cl Trumpler   37    54"	"*"	"Cl Trumpler   37    54"
"Cl Trumpler   37    45"	"*"	"Cl Trumpler   37    45"
"Cl Trumpler   37    77"	"*"	"Cl Trumpler   37    77"
"Cl Trumpler   37    64"	"*"	"Cl Trumpler   37    64"
"Cl Trumpler   37    48"	"*"	"Cl Trumpler   37    48"
"Cl Trumpler   37    40"	"*"	"Cl Trumpler   37    40"
"Cl Trumpler   37    61"	"PM*"	"Cl Trumpler   37    61"
"Cl Trumpler   37   332"	"*"	"Cl Trumpler   37   332"
"Cl Trumpler   37    29"	"*"	"Cl Trumpler   37    29"
"Cl Trumpler   37   299"	"*"	"Cl Trumpler   37   299"
"Cl Trumpler   37    30"	"*"	"Cl Trumpler   37    30"
"Cl Trumpler   37   308"	"*"	"Cl Trumpler   37   308"
"Cl Trumpler   37    22"	"*"	"Cl Trumpler   37    22"
"Cl Trumpler   37   287"	"*"	"Cl Trumpler   37   287"
"Cl Trumpler   37    13"	"*"	"Cl Trumpler   37    13"
"Cl Trumpler   37    70"	"*"	"Cl Trumpler   37    70"
"Cl Trumpler   37    79"	"*"	"Cl Trumpler   37    79"
"Cl Trumpler   37    60"	"SB*"	"Cl Trumpler   37    60"
"Cl Trumpler   37   294"	"*"	"Cl Trumpler   37   294"
"Cl Trumpler   37   315"	"*"	"Cl Trumpler   37   315"
"Cl Trumpler   37   309"	"*"	"Cl Trumpler   37   309"
"Cl Trumpler   37   293"	"*"	"Cl Trumpler   37   293"
"Cl Trumpler   37   316"	"*"	"Cl Trumpler   37   316"
"Cl Trumpler   37    21"	"*"	"Cl Trumpler   37    21"
"Cl Trumpler   37    65"	"*"	"Cl Trumpler   37    65"
"Cl Trumpler   37    66"	"*"	"Cl Trumpler   37    66"
"Cl Trumpler   37    42"	"*"	"Cl Trumpler   37    42"
"Cl Trumpler   37   313"	"*"	"Cl Trumpler   37   313"
"Cl Trumpler   37    58"	"*"	"Cl Trumpler   37    58"
"Cl Trumpler   37    62"	"**"	"Cl Trumpler   37    62"
"Cl Trumpler   37   320"	"*"	"Cl Trumpler   37   320"
"Cl Trumpler   37   328"	"*"	"Cl Trumpler   37   328"
"Cl Trumpler   37   314"	"*"	"Cl Trumpler   37   314"
"Cl Trumpler   37    59"	"*"	"Cl Trumpler   37    59"
"Cl Trumpler   37    34"	"*"	"Cl Trumpler   37    34"
"Cl Trumpler   37   297"	"*"	"Cl Trumpler   37   297"
"Cl Trumpler   37   304"	"*"	"Cl Trumpler   37   304"
"Cl Trumpler   37    27"	"*"	"Cl Trumpler   37    27"
"Cl Trumpler   37   302"	"*"	"Cl Trumpler   37   302"
"Cl Trumpler   37    43"	"*"	"Cl Trumpler   37    43"
"Cl Trumpler   37    55"	"*"	"Cl Trumpler   37    55"
"Cl Trumpler   37    76"	"*"	"Cl Trumpler   37    76"
"Cl Trumpler   37    89"	"*"	"Cl Trumpler   37    89"
"Cl Trumpler   37   305"	"*"	"Cl Trumpler   37   305"
"Cl Trumpler   37    68"	"*"	"Cl Trumpler   37    68"
"Cl Trumpler   37    25"	"*"	"Cl Trumpler   37    25"
"Cl Trumpler   37    52"	"*"	"Cl Trumpler   37    52"
"Cl Trumpler   37   311"	"*"	"Cl Trumpler   37   311"
"Cl Trumpler   37    78"	"*"	"Cl Trumpler   37    78"
"Cl Trumpler   37    90"	"*"	"Cl Trumpler   37    90"
"Cl Trumpler   37   303"	"*"	"Cl Trumpler   37   303"
"Cl Trumpler   37    37"	"*"	"Cl Trumpler   37    37"
"Cl Trumpler   37    47"	"*"	"Cl Trumpler   37    47"
"Cl Trumpler   37    32"	"PM*"	"Cl Trumpler   37    32"
"Cl Trumpler   37    85"	"*"	"Cl Trumpler   37    85"
"Cl Trumpler   37   291"	"*"	"Cl Trumpler   37   291"
"Cl Trumpler   37    67"	"*"	"Cl Trumpler   37    67"
"Cl Trumpler   37   289"	"*"	"Cl Trumpler   37   289"
"Cl Trumpler   37   322"	"*"	"Cl Trumpler   37   322"
"Cl Trumpler   37   324"	"EB*"	"Cl Trumpler   37   324"
"Cl Trumpler   37    84"	"*"	"Cl Trumpler   37    84"
"Cl Trumpler   37   327"	"*"	"Cl Trumpler   37   327"
"Cl Trumpler   37    51"	"SB*"	"Cl Trumpler   37    51"
"Cl Trumpler   37    69"	"*"	"Cl Trumpler   37    69"
"Cl Trumpler   37   306"	"*"	"Cl Trumpler   37   306"
"Cl Trumpler   37   318"	"*"	"Cl Trumpler   37   318"
"Cl Trumpler   37    28"	"*"	"Cl Trumpler   37    28"
"Cl Trumpler   37    71"	"*"	"Cl Trumpler   37    71"
"Cl Trumpler   37   310"	"SB*"	"Cl Trumpler   37   310"
"Cl Trumpler   37    80"	"*"	"Cl Trumpler   37    80"
"Cl Trumpler   37    26"	"SB*"	"Cl Trumpler   37    26"
"Cl Trumpler   37    72"	"*"	"Cl Trumpler   37    72"
"Cl Trumpler   37    86"	"*"	"Cl Trumpler   37    86"
"Cl Trumpler   37    96"	"*"	"Cl Trumpler   37    96"
"Cl Trumpler   37    81"	"*"	"Cl Trumpler   37    81"
"Cl Trumpler   37    35"	"*"	"Cl Trumpler   37    35"
"Cl Trumpler   37    87"	"*"	"Cl Trumpler   37    87"
"Cl Trumpler   37    24"	"*"	"Cl Trumpler   37    24"
"Cl Trumpler   37    39"	"*"	"Cl Trumpler   37    39"
"Cl Trumpler   37    56"	"*"	"Cl Trumpler   37    56"
"Cl Trumpler   37    50"	"*"	"Cl Trumpler   37    50"
"Cl Trumpler   37   296"	"*"	"Cl Trumpler   37   296"
"Cl Trumpler   37   317"	"*"	"Cl Trumpler   37   317"
"Cl Trumpler   37    31"	"SB*"	"Cl Trumpler   37    31"
"Cl Trumpler   37    75"	"*"	"Cl Trumpler   37    75"
"Cl Trumpler   37   300"	"*"	"Cl Trumpler   37   300"
"Cl Trumpler   37    41"	"*"	"Cl Trumpler   37    41"
"Cl Trumpler   37    88"	"*"	"Cl Trumpler   37    88"
"Cl Trumpler   37   301"	"SB*"	"Cl Trumpler   37   301"
"Cl Trumpler   37    83"	"*"	"Cl Trumpler   37    83"
"Cl Trumpler   37    44"	"*"	"Cl Trumpler   37    44"
"Cl Trumpler   37    57"	"*"	"Cl Trumpler   37    57"
"Cl Trumpler   37   307"	"*"	"Cl Trumpler   37   307"
"Cl Trumpler   37   312"	"*"	"Cl Trumpler   37   312"
"Cl Trumpler   37   319"	"SB*"	"Cl Trumpler   37   319"
"Cl Trumpler   37    82"	"*"	"Cl Trumpler   37    82"
"Cl Trumpler   37   335"	"*"	"Cl Trumpler   37   335"
"Cl Trumpler   37    74"	"*"	"Cl Trumpler   37    74"
"Cl Trumpler   37   201"	"*"	"Cl Trumpler   37   201"
"Cl Trumpler   37   190"	"*"	"Cl Trumpler   37   190"
"Cl Trumpler   37   170"	"*"	"Cl Trumpler   37   170"
"Cl Trumpler   37   512"	"*"	"Cl Trumpler   37   512"
"Cl Trumpler   37   197"	"*"	"Cl Trumpler   37   197"
"Cl Trumpler   37   173"	"PM*"	"Cl Trumpler   37   173"
"Cl Trumpler   37   184"	"*"	"Cl Trumpler   37   184"
"Cl Trumpler   37   191"	"*"	"Cl Trumpler   37   191"
"Cl Trumpler   37   183"	"*"	"Cl Trumpler   37   183"
"Cl Trumpler   37   199"	"*"	"Cl Trumpler   37   199"
"Cl Trumpler   37   209"	"*"	"Cl Trumpler   37   209"
"Cl Trumpler   37   955"	"*"	"Cl Trumpler   37   955"
"Cl Trumpler   37  1253"	"*"	"Cl Trumpler   37  1253"
"Cl Trumpler   37   978"	"*"	"Cl Trumpler   37   978"
"Cl Trumpler   37  1254"	"*"	"Cl Trumpler   37  1254"
"Cl Trumpler   37  1261"	"*"	"Cl Trumpler   37  1261"
"Cl Trumpler   37   950"	"PM*"	"Cl Trumpler   37   950"
"Cl Trumpler   37   951"	"*"	"Cl Trumpler   37   951"
"Cl Trumpler   37   952"	"*"	"Cl Trumpler   37   952"
"Cl Trumpler   37   961"	"*"	"Cl Trumpler   37   961"
"Cl Trumpler   37   964"	"*"	"Cl Trumpler   37   964"
"Cl Trumpler   37   976"	"*"	"Cl Trumpler   37   976"
"Cl Trumpler   37   977"	"V*"	"Cl Trumpler   37   977"
"Cl Trumpler   37   982"	"*"	"Cl Trumpler   37   982"
"Cl Trumpler   37   986"	"*"	"Cl Trumpler   37   986"
"Cl Trumpler   37   653"	"*"	"Cl Trumpler   37   653"
"Cl Trumpler   37   348"	"*"	"Cl Trumpler   37   348"
"Cl Trumpler   37   354"	"*"	"Cl Trumpler   37   354"
"Cl Trumpler   37   655"	"*"	"Cl Trumpler   37   655"
"Cl Trumpler   37   657"	"*"	"Cl Trumpler   37   657"
"Cl Trumpler   37   658"	"*"	"Cl Trumpler   37   658"
"Cl Trumpler   37   661"	"PM*"	"Cl Trumpler   37   661"
"Cl Trumpler   37   662"	"*"	"Cl Trumpler   37   662"
"Cl Trumpler   37   668"	"*"	"Cl Trumpler   37   668"
"Cl Trumpler   37   679"	"*"	"Cl Trumpler   37   679"
"Cl Trumpler   37   682"	"*"	"Cl Trumpler   37   682"
"Cl Trumpler   37   683"	"*"	"Cl Trumpler   37   683"
"Cl Trumpler   37   686"	"*"	"Cl Trumpler   37   686"
"Cl Trumpler   37   408"	"Y*O"	"Cl Trumpler   37   408"
"Cl Trumpler   37   693"	"*"	"Cl Trumpler   37   693"
"Cl Trumpler   37   698"	"*"	"Cl Trumpler   37   698"
"Cl Trumpler   37   424"	"Y*O"	"Cl Trumpler   37   424"
"Cl Trumpler   37   710"	"Be*"	"Cl Trumpler   37   710"
"Cl Trumpler   37   722"	"*"	"Cl Trumpler   37   722"
"Cl Trumpler   37   349"	"*"	"Cl Trumpler   37   349"
"Cl Trumpler   37   351"	"PM*"	"Cl Trumpler   37   351"
"Cl Trumpler   37   352"	"**"	"Cl Trumpler   37   352"
"Cl Trumpler   37   363"	"*"	"Cl Trumpler   37   363"
"Cl Trumpler   37   366"	"*"	"Cl Trumpler   37   366"
"Cl Trumpler   37   367"	"**"	"Cl Trumpler   37   367"
"Cl Trumpler   37   372"	"*"	"Cl Trumpler   37   372"
"Cl Trumpler   37   373"	"*"	"Cl Trumpler   37   373"
"Cl Trumpler   37   133"	"*"	"Cl Trumpler   37   133"
"Cl Trumpler   37   391"	"*"	"Cl Trumpler   37   391"
"Cl Trumpler   37   136"	"Y*O"	"Cl Trumpler   37   136"
"Cl Trumpler   37   137"	"*"	"Cl Trumpler   37   137"
"Cl Trumpler   37   401"	"s*b"	"Cl Trumpler   37   401"
"Cl Trumpler   37   407"	"*"	"Cl Trumpler   37   407"
"Cl Trumpler   37   411"	"*"	"Cl Trumpler   37   411"
"Cl Trumpler   37   414"	"*"	"Cl Trumpler   37   414"
"Cl Trumpler   37   421"	"*"	"Cl Trumpler   37   421"
"Cl Trumpler   37   427"	"*"	"Cl Trumpler   37   427"
"Cl Trumpler   37   432"	"*"	"Cl Trumpler   37   432"
"Cl Trumpler   37   431"	"*"	"Cl Trumpler   37   431"
"Cl Trumpler   37   441"	"Y*O"	"Cl Trumpler   37   441"
"Cl Trumpler   37   441"	"Y*O"	"VDB 142"
"Cl Trumpler   37   442"	"*"	"Cl Trumpler   37   442"
"Cl Trumpler   37   446"	"*"	"Cl Trumpler   37   446"
"Cl Trumpler   37   164"	"*"	"Cl Trumpler   37   164"
"Cl Trumpler   37   165"	"PM*"	"Cl Trumpler   37   165"
"Cl Trumpler   37   452"	"Y*O"	"Cl Trumpler   37   452"
"Cl Trumpler   37   167"	"*"	"Cl Trumpler   37   167"
"Cl Trumpler   37   168"	"Y*O"	"Cl Trumpler   37   168"
"Cl Trumpler   37   461"	"*"	"Cl Trumpler   37   461"
"Cl Trumpler   37   171"	"*"	"Cl Trumpler   37   171"
"Cl Trumpler   37   463"	"*"	"Cl Trumpler   37   463"
"Cl Trumpler   37   172"	"*"	"Cl Trumpler   37   172"
"Cl Trumpler   37   174"	"*"	"Cl Trumpler   37   174"
"Cl Trumpler   37   474"	"*"	"Cl Trumpler   37   474"
"Cl Trumpler   37   477"	"Y*O"	"Cl Trumpler   37   477"
"Cl Trumpler   37   482"	"Y*?"	"Cl Trumpler   37   482"
"Cl Trumpler   37   475"	"*"	"Cl Trumpler   37   475"
"Cl Trumpler   37   189"	"Y*O"	"Cl Trumpler   37   189"
"Cl Trumpler   37   188"	"*"	"Cl Trumpler   37   188"
"Cl Trumpler   37   721"	"Y*O"	"Cl Trumpler   37   721"
"Cl Trumpler   37   435"	"Y*O"	"Cl Trumpler   37   435"
"Cl Trumpler   37   438"	"*"	"Cl Trumpler   37   438"
"Cl Trumpler   37   451"	"*"	"Cl Trumpler   37   451"
"Cl Trumpler   37   453"	"*"	"Cl Trumpler   37   453"
"Cl Trumpler   37   449"	"Y*O"	"Cl Trumpler   37   449"
"Cl Trumpler   37   448"	"Y*O"	"Cl Trumpler   37   448"
"Cl Trumpler   37   175"	"Y*?"	"Cl Trumpler   37   175"
"Cl Trumpler   37   468"	"*"	"Cl Trumpler   37   468"
"Cl Trumpler   37   457"	"Or*"	"Cl Trumpler   37   457"
"Cl Trumpler   37   471"	"Or*"	"Cl Trumpler   37   471"
"Cl Trumpler   37   470"	"Y*O"	"Cl Trumpler   37   470"
"Cl Trumpler   37   473"	"gD*"	"Cl Trumpler   37   473"
"Cl Trumpler   37   456"	"Y*O"	"Cl Trumpler   37   456"
"Cl Trumpler   37   467"	"Y*O"	"Cl Trumpler   37   467"
"Cl Trumpler   37   460"	"Y*O"	"Cl Trumpler   37   460"
"Cl Trumpler   37   465"	"*"	"Cl Trumpler   37   465"
"Cl Trumpler   37   469"	"Y*O"	"Cl Trumpler   37   469"
"Cl Trumpler   37   472"	"Y*O"	"Cl Trumpler   37   472"
"Cl Trumpler   37   484"	"Y*O"	"Cl Trumpler   37   484"
"Cl Trumpler   37   486"	"Y*O"	"Cl Trumpler   37   486"
"Cl Trumpler   37   480"	"Y*O"	"Cl Trumpler   37   480"
"Cl Trumpler   37   479"	"*"	"Cl Trumpler   37   479"
"Cl Trumpler   37   481"	"Y*O"	"Cl Trumpler   37   481"
"Cl Trumpler   37   744"	"EB*"	"Cl Trumpler   37   744"
"Cl Trumpler   37   488"	"*"	"Cl Trumpler   37   488"
"Cl Trumpler   37   494"	"Y*O"	"Cl Trumpler   37   494"
"Cl Trumpler   37   500"	"*"	"Cl Trumpler   37   500"
"Cl Trumpler   37   499"	"*"	"Cl Trumpler   37   499"
"Cl Trumpler   37   965"	"SB*"	"Cl Trumpler   37   965"
"Cl Trumpler   37   148"	"V*"	"Cl Trumpler   37   148"
"Cl Trumpler   37   182"	"*"	"Cl Trumpler   37   182"
"Cl Trumpler   37   466"	"Y*O"	"Cl Trumpler   37   466"
"Cl Trumpler   37   677"	"*"	"Cl Trumpler   37   677"
"Cl Trumpler   37   379"	"SB*"	"Cl Trumpler   37   379"
"Cl Trumpler   37   476"	"*"	"Cl Trumpler   37   476"
"Cl Trumpler   37  1240"	"SB*"	"Cl Trumpler   37  1240"
"Cl Trumpler   37   390"	"*"	"Cl Trumpler   37   390"
"Cl Trumpler   37   635"	"*"	"Cl Trumpler   37   635"
"Cl Trumpler   37   709"	"*"	"Cl Trumpler   37   709"
"Cl Trumpler   37   417"	"*"	"Cl Trumpler   37   417"
"Cl Trumpler   37   664"	"*"	"Cl Trumpler   37   664"
"Cl Trumpler   37   124"	"*"	"Cl Trumpler   37   124"
"Cl Trumpler   37   487"	"*"	"Cl Trumpler   37   487"
"Cl Trumpler   37   176"	"*"	"Cl Trumpler   37   176"
"Cl Trumpler   37   162"	"*"	"Cl Trumpler   37   162"
"Cl Trumpler   37   403"	"*"	"Cl Trumpler   37   403"
"Cl Trumpler   37   119"	"Pu*"	"Cl Trumpler   37   119"
"Cl Trumpler   37   185"	"Y*O"	"Cl Trumpler   37   185"
"Cl Trumpler   37   506"	"V*"	"Cl Trumpler   37   506"
"Cl Trumpler   37   365"	"*"	"Cl Trumpler   37   365"
"Cl Trumpler   37   659"	"*"	"Cl Trumpler   37   659"
"Cl Trumpler   37   115"	"*"	"Cl Trumpler   37   115"
"Cl Trumpler   37   974"	"*"	"Cl Trumpler   37   974"
"Cl Trumpler   37  1234"	"*"	"Cl Trumpler   37  1234"
"Cl Trumpler   37   341"	"*"	"Cl Trumpler   37   341"
"Cl Trumpler   37   103"	"*"	"Cl Trumpler   37   103"
"Cl Trumpler   37   397"	"*"	"Cl Trumpler   37   397"
"Cl Trumpler   37   649"	"*"	"Cl Trumpler   37   649"
"Cl Trumpler   37   696"	"*"	"Cl Trumpler   37   696"
"Cl Trumpler   37  1251"	"*"	"Cl Trumpler   37  1251"
"Cl Trumpler   37   429"	"Y*O"	"Cl Trumpler   37   429"
"Cl Trumpler   37  1256"	"*"	"Cl Trumpler   37  1256"
"Cl Trumpler   37   159"	"*"	"Cl Trumpler   37   159"
"Cl Trumpler   37   377"	"*"	"Cl Trumpler   37   377"
"Cl Trumpler   37  1262"	"*"	"Cl Trumpler   37  1262"
"Cl Trumpler   37   690"	"*"	"Cl Trumpler   37   690"
"Cl Trumpler   37   384"	"*"	"Cl Trumpler   37   384"
"Cl Trumpler   37  1003"	"*"	"Cl Trumpler   37  1003"
"Cl Trumpler   37   144"	"*"	"Cl Trumpler   37   144"
"Cl Trumpler   37  1227"	"*"	"Cl Trumpler   37  1227"
"Cl Trumpler   37  1000"	"PM*"	"Cl Trumpler   37  1000"
"Cl Trumpler   37   123"	"PM*"	"Cl Trumpler   37   123"
"Cl Trumpler   37   694"	"PM*"	"Cl Trumpler   37   694"
"Cl Trumpler   37  1263"	"*"	"Cl Trumpler   37  1263"
"Cl Trumpler   37   489"	"*"	"Cl Trumpler   37   489"
"Cl Trumpler   37  1001"	"*"	"Cl Trumpler   37  1001"
"Cl Trumpler   37  1010"	"Pu*"	"Cl Trumpler   37  1010"
"Cl Trumpler   37   706"	"*"	"Cl Trumpler   37   706"
"Cl Trumpler   37   945"	"*"	"Cl Trumpler   37   945"
"Cl Trumpler   37   161"	"*"	"Cl Trumpler   37   161"
"Cl Trumpler   37   996"	"*"	"Cl Trumpler   37   996"
"Cl Trumpler   37  1245"	"*"	"Cl Trumpler   37  1245"
"Cl Trumpler   37   166"	"*"	"Cl Trumpler   37   166"
"Cl Trumpler   37  1274"	"*"	"Cl Trumpler   37  1274"
"Cl Trumpler   37   157"	"Y*O"	"Cl Trumpler   37   157"
"Cl Trumpler   37   478"	"*"	"Cl Trumpler   37   478"
"Cl Trumpler   37   647"	"*"	"Cl Trumpler   37   647"
"Cl Trumpler   37   994"	"*"	"Cl Trumpler   37   994"
"Cl Trumpler   37   152"	"SB*"	"Cl Trumpler   37   152"
"Cl Trumpler   37   129"	"*"	"Cl Trumpler   37   129"
"Cl Trumpler   37   419"	"*"	"Cl Trumpler   37   419"
"Cl Trumpler   37   497"	"*"	"Cl Trumpler   37   497"
"Cl Trumpler   37   151"	"SB*"	"Cl Trumpler   37   151"
"Cl Trumpler   37   415"	"*"	"Cl Trumpler   37   415"
"Cl Trumpler   37   639"	"*"	"Cl Trumpler   37   639"
"Cl Trumpler   37   423"	"*"	"Cl Trumpler   37   423"
"Cl Trumpler   37   713"	"*"	"Cl Trumpler   37   713"
"Cl Trumpler   37   402"	"*"	"Cl Trumpler   37   402"
"Cl Trumpler   37   381"	"*"	"Cl Trumpler   37   381"
"Cl Trumpler   37   149"	"*"	"Cl Trumpler   37   149"
"Cl Trumpler   37   422"	"*"	"Cl Trumpler   37   422"
"Cl Trumpler   37   723"	"*"	"Cl Trumpler   37   723"
"Cl Trumpler   37   398"	"*"	"Cl Trumpler   37   398"
"Cl Trumpler   37   138"	"*"	"Cl Trumpler   37   138"
"Cl Trumpler   37   156"	"Be*"	"Cl Trumpler   37   156"
"Cl Trumpler   37   387"	"*"	"Cl Trumpler   37   387"
"Cl Trumpler   37   492"	"**"	"Cl Trumpler   37   492"
"Cl Trumpler   37   968"	"*"	"Cl Trumpler   37   968"
"Cl Trumpler   37   444"	"*"	"Cl Trumpler   37   444"
"Cl Trumpler   37   143"	"*"	"Cl Trumpler   37   143"
"Cl Trumpler   37   371"	"*"	"Cl Trumpler   37   371"
"Cl Trumpler   37   420"	"*"	"Cl Trumpler   37   420"
"Cl Trumpler   37   436"	"Y*O"	"Cl Trumpler   37   436"
"Cl Trumpler   37   931"	"*"	"Cl Trumpler   37   931"
"Cl Trumpler   37   992"	"*"	"Cl Trumpler   37   992"
"Cl Trumpler   37   641"	"*"	"Cl Trumpler   37   641"
"Cl Trumpler   37   970"	"*"	"Cl Trumpler   37   970"
"Cl Trumpler   37  1271"	"*"	"Cl Trumpler   37  1271"
"Cl Trumpler   37   120"	"*"	"Cl Trumpler   37   120"
"Cl Trumpler   37   956"	"*"	"Cl Trumpler   37   956"
"Cl Trumpler   37   405"	"*"	"Cl Trumpler   37   405"
"Cl Trumpler   37   650"	"*"	"Cl Trumpler   37   650"
"Cl Trumpler   37   110"	"*"	"Cl Trumpler   37   110"
"Cl Trumpler   37   357"	"*"	"Cl Trumpler   37   357"
"Cl Trumpler   37   386"	"EB*"	"Cl Trumpler   37   386"
"Cl Trumpler   37   711"	"*"	"Cl Trumpler   37   711"
"Cl Trumpler   37   715"	"SB*"	"Cl Trumpler   37   715"
"Cl Trumpler   37   727"	"*"	"Cl Trumpler   37   727"
"Cl Trumpler   37  1006"	"*"	"Cl Trumpler   37  1006"
"Cl Trumpler   37   644"	"*"	"Cl Trumpler   37   644"
"Cl Trumpler   37   135"	"*"	"Cl Trumpler   37   135"
"Cl Trumpler   37   361"	"*"	"Cl Trumpler   37   361"
"Cl Trumpler   37   702"	"SB*"	"Cl Trumpler   37   702"
"Cl Trumpler   37   707"	"*"	"Cl Trumpler   37   707"
"Cl Trumpler   37  1252"	"*"	"Cl Trumpler   37  1252"
"Cl Trumpler   37   949"	"*"	"Cl Trumpler   37   949"
"Cl Trumpler   37   382"	"*"	"Cl Trumpler   37   382"
"Cl Trumpler   37   118"	"*"	"Cl Trumpler   37   118"
"Cl Trumpler   37  1507"	"*"	"Cl Trumpler   37  1507"
"Cl Trumpler   37   730"	"Y*O"	"Cl Trumpler   37   730"
"Cl Trumpler   37  1270"	"*"	"Cl Trumpler   37  1270"
"Cl Trumpler   37   672"	"*"	"Cl Trumpler   37   672"
"Cl Trumpler   37   652"	"*"	"Cl Trumpler   37   652"
"Cl Trumpler   37   483"	"*"	"Cl Trumpler   37   483"
"Cl Trumpler   37   654"	"*"	"Cl Trumpler   37   654"
"Cl Trumpler   37   938"	"SB*"	"Cl Trumpler   37   938"
"Cl Trumpler   37   181"	"*"	"Cl Trumpler   37   181"
"Cl Trumpler   37   726"	"*"	"Cl Trumpler   37   726"
"Cl Trumpler   37   942"	"*"	"Cl Trumpler   37   942"
"Cl Trumpler   37   962"	"*"	"Cl Trumpler   37   962"
"Cl Trumpler   37   704"	"*"	"Cl Trumpler   37   704"
"Cl Trumpler   37   153"	"*"	"Cl Trumpler   37   153"
"Cl Trumpler   37   179"	"*"	"Cl Trumpler   37   179"
"Cl Trumpler   37   358"	"*"	"Cl Trumpler   37   358"
"Cl Trumpler   37   393"	"*"	"Cl Trumpler   37   393"
"Cl Trumpler   37   645"	"*"	"Cl Trumpler   37   645"
"Cl Trumpler   37   345"	"*"	"Cl Trumpler   37   345"
"Cl Trumpler   37   948"	"Em*"	"Cl Trumpler   37   948"
"Cl Trumpler   37   458"	"*"	"Cl Trumpler   37   458"
"Cl Trumpler   37   491"	"*"	"Cl Trumpler   37   491"
"Cl Trumpler   37   399"	"*"	"Cl Trumpler   37   399"
"Cl Trumpler   37   154"	"*"	"Cl Trumpler   37   154"
"Cl Trumpler   37   490"	"*"	"Cl Trumpler   37   490"
"Cl Trumpler   37   995"	"*"	"Cl Trumpler   37   995"
"Cl Trumpler   37   121"	"*"	"Cl Trumpler   37   121"
"Cl Trumpler   37   134"	"*"	"Cl Trumpler   37   134"
"Cl Trumpler   37   370"	"*"	"Cl Trumpler   37   370"
"Cl Trumpler   37   646"	"*"	"Cl Trumpler   37   646"
"Cl Trumpler   37   674"	"*"	"Cl Trumpler   37   674"
"Cl Trumpler   37   737"	"Y*O"	"Cl Trumpler   37   737"
"Cl Trumpler   37   493"	"*"	"Cl Trumpler   37   493"
"Cl Trumpler   37   347"	"*"	"Cl Trumpler   37   347"
"Cl Trumpler   37  1244"	"*"	"Cl Trumpler   37  1244"
"Cl Trumpler   37   700"	"*"	"Cl Trumpler   37   700"
"Cl Trumpler   37   673"	"*"	"Cl Trumpler   37   673"
"Cl Trumpler   37   130"	"*"	"Cl Trumpler   37   130"
"Cl Trumpler   37  1241"	"*"	"Cl Trumpler   37  1241"
"Cl Trumpler   37   177"	"*"	"Cl Trumpler   37   177"
"Cl Trumpler   37   389"	"*"	"Cl Trumpler   37   389"
"Cl Trumpler   37   362"	"*"	"Cl Trumpler   37   362"
"Cl Trumpler   37   369"	"PM*"	"Cl Trumpler   37   369"
"Cl Trumpler   37   699"	"*"	"Cl Trumpler   37   699"
"Cl Trumpler   37   178"	"*"	"Cl Trumpler   37   178"
"Cl Trumpler   37   719"	"*"	"Cl Trumpler   37   719"
"Cl Trumpler   37   638"	"*"	"Cl Trumpler   37   638"
"Cl Trumpler   37   128"	"*"	"Cl Trumpler   37   128"
"Cl Trumpler   37  1276"	"*"	"Cl Trumpler   37  1276"
"Cl Trumpler   37   127"	"*"	"Cl Trumpler   37   127"
"Cl Trumpler   37   375"	"*"	"Cl Trumpler   37   375"
"Cl Trumpler   37   495"	"*"	"Cl Trumpler   37   495"
"Cl Trumpler   37   445"	"Pu*"	"Cl Trumpler   37   445"
"Cl Trumpler   37   416"	"Y*O"	"Cl Trumpler   37   416"
"Cl Trumpler   37   671"	"*"	"Cl Trumpler   37   671"
"Cl Trumpler   37  1250"	"*"	"Cl Trumpler   37  1250"
"Cl Trumpler   37   681"	"*"	"Cl Trumpler   37   681"
"Cl Trumpler   37   406"	"*"	"Cl Trumpler   37   406"
"Cl Trumpler   37   725"	"*"	"Cl Trumpler   37   725"
"Cl Trumpler   37   502"	"*"	"Cl Trumpler   37   502"
"Cl Trumpler   37  1008"	"*"	"Cl Trumpler   37  1008"
"Cl Trumpler   37   669"	"*"	"Cl Trumpler   37   669"
"Cl Trumpler   37   953"	"*"	"Cl Trumpler   37   953"
"Cl Trumpler   37   122"	"*"	"Cl Trumpler   37   122"
"Cl Trumpler   37   100"	"*"	"Cl Trumpler   37   100"
"Cl Trumpler   37  1002"	"*"	"Cl Trumpler   37  1002"
"Cl Trumpler   37  1257"	"*"	"Cl Trumpler   37  1257"
"Cl Trumpler   37  1258"	"*"	"Cl Trumpler   37  1258"
"Cl Trumpler   37   383"	"*"	"Cl Trumpler   37   383"
"Cl Trumpler   37   439"	"*"	"Cl Trumpler   37   439"
"Cl Trumpler   37   676"	"*"	"Cl Trumpler   37   676"
"Cl Trumpler   37   724"	"*"	"Cl Trumpler   37   724"
"Cl Trumpler   37   740"	"*"	"Cl Trumpler   37   740"
"Cl Trumpler   37   944"	"*"	"Cl Trumpler   37   944"
"Cl Trumpler   37   957"	"*"	"Cl Trumpler   37   957"
"Cl Trumpler   37   404"	"*"	"Cl Trumpler   37   404"
"Cl Trumpler   37   720"	"*"	"Cl Trumpler   37   720"
"Cl Trumpler   37   733"	"*"	"Cl Trumpler   37   733"
"Cl Trumpler   37   150"	"*"	"Cl Trumpler   37   150"
"Cl Trumpler   37  1260"	"*"	"Cl Trumpler   37  1260"
"Cl Trumpler   37   155"	"*"	"Cl Trumpler   37   155"
"Cl Trumpler   37   368"	"*"	"Cl Trumpler   37   368"
"Cl Trumpler   37   395"	"*"	"Cl Trumpler   37   395"
"Cl Trumpler   37   660"	"*"	"Cl Trumpler   37   660"
"Cl Trumpler   37   701"	"*"	"Cl Trumpler   37   701"
"Cl Trumpler   37   374"	"*"	"Cl Trumpler   37   374"
"Cl Trumpler   37   412"	"*"	"Cl Trumpler   37   412"
"Cl Trumpler   37   642"	"*"	"Cl Trumpler   37   642"
"Cl Trumpler   37   678"	"PM*"	"Cl Trumpler   37   678"
"Cl Trumpler   37   437"	"*"	"Cl Trumpler   37   437"
"Cl Trumpler   37   705"	"*"	"Cl Trumpler   37   705"
"Cl Trumpler   37  1015"	"Y*O"	"Cl Trumpler   37  1015"
"Cl Trumpler   37   364"	"*"	"Cl Trumpler   37   364"
"Cl Trumpler   37   380"	"*"	"Cl Trumpler   37   380"
"Cl Trumpler   37   396"	"*"	"Cl Trumpler   37   396"
"Cl Trumpler   37   988"	"*"	"Cl Trumpler   37   988"
"Cl Trumpler   37   998"	"*"	"Cl Trumpler   37   998"
"Cl Trumpler   37   346"	"*"	"Cl Trumpler   37   346"
"Cl Trumpler   37   353"	"*"	"Cl Trumpler   37   353"
"Cl Trumpler   37   359"	"*"	"Cl Trumpler   37   359"
"Cl Trumpler   37   979"	"*"	"Cl Trumpler   37   979"
"Cl Trumpler   37  1238"	"*"	"Cl Trumpler   37  1238"
"Cl Trumpler   37   941"	"*"	"Cl Trumpler   37   941"
"Cl Trumpler   37   975"	"*"	"Cl Trumpler   37   975"
"Cl Trumpler   37   111"	"*"	"Cl Trumpler   37   111"
"Cl Trumpler   37   392"	"*"	"Cl Trumpler   37   392"
"Cl Trumpler   37   145"	"*"	"Cl Trumpler   37   145"
"Cl Trumpler   37   385"	"*"	"Cl Trumpler   37   385"
"Cl Trumpler   37   459"	"*"	"Cl Trumpler   37   459"
"Cl Trumpler   37   987"	"*"	"Cl Trumpler   37   987"
"Cl Trumpler   37  1255"	"*"	"Cl Trumpler   37  1255"
"Cl Trumpler   37   984"	"*"	"Cl Trumpler   37   984"
"Cl Trumpler   37   656"	"*"	"Cl Trumpler   37   656"
"Cl Trumpler   37   973"	"*"	"Cl Trumpler   37   973"
"Cl Trumpler   37   741"	"*"	"Cl Trumpler   37   741"
"Cl Trumpler   37   356"	"*"	"Cl Trumpler   37   356"
"Cl Trumpler   37  1242"	"*"	"Cl Trumpler   37  1242"
"Cl Trumpler   37   109"	"*"	"Cl Trumpler   37   109"
"Cl Trumpler   37   139"	"*"	"Cl Trumpler   37   139"
"Cl Trumpler   37   160"	"*"	"Cl Trumpler   37   160"
"Cl Trumpler   37   947"	"*"	"Cl Trumpler   37   947"
"Cl Trumpler   37   971"	"*"	"Cl Trumpler   37   971"
"Cl Trumpler   37   388"	"*"	"Cl Trumpler   37   388"
"Cl Trumpler   37  1235"	"*"	"Cl Trumpler   37  1235"
"Cl Trumpler   37   967"	"*"	"Cl Trumpler   37   967"
"Cl Trumpler   37   980"	"PM*"	"Cl Trumpler   37   980"
"Cl Trumpler   37   688"	"*"	"Cl Trumpler   37   688"
"Cl Trumpler   37   943"	"*"	"Cl Trumpler   37   943"
"Cl Trumpler   37   966"	"*"	"Cl Trumpler   37   966"
"Cl Trumpler   37   126"	"*"	"Cl Trumpler   37   126"
"Cl Trumpler   37   946"	"*"	"Cl Trumpler   37   946"
"Cl Trumpler   37   991"	"*"	"Cl Trumpler   37   991"
"Cl Trumpler   37   132"	"*"	"Cl Trumpler   37   132"
"Cl Trumpler   37   496"	"*"	"Cl Trumpler   37   496"
"Cl Trumpler   37   667"	"*"	"Cl Trumpler   37   667"
"Cl Trumpler   37   732"	"*"	"Cl Trumpler   37   732"
"Cl Trumpler   37   734"	"*"	"Cl Trumpler   37   734"
"Cl Trumpler   37   714"	"*"	"Cl Trumpler   37   714"
"Cl Trumpler   37   684"	"*"	"Cl Trumpler   37   684"
"Cl Trumpler   37   637"	"*"	"Cl Trumpler   37   637"
"Cl Trumpler   37   113"	"*"	"Cl Trumpler   37   113"
"Cl Trumpler   37   140"	"*"	"Cl Trumpler   37   140"
"Cl Trumpler   37  1249"	"*"	"Cl Trumpler   37  1249"
"Cl Trumpler   37  1243"	"*"	"Cl Trumpler   37  1243"
"Cl Trumpler   37   969"	"*"	"Cl Trumpler   37   969"
"Cl Trumpler   37  1268"	"*"	"Cl Trumpler   37  1268"
"Cl Trumpler   37   147"	"*"	"Cl Trumpler   37   147"
"Cl Trumpler   37   394"	"PM*"	"Cl Trumpler   37   394"
"Cl Trumpler   37   648"	"*"	"Cl Trumpler   37   648"
"Cl Trumpler   37   670"	"*"	"Cl Trumpler   37   670"
"Cl Trumpler   37   695"	"*"	"Cl Trumpler   37   695"
"Cl Trumpler   37   691"	"*"	"Cl Trumpler   37   691"
"Cl Trumpler   37   999"	"*"	"Cl Trumpler   37   999"
"Cl Trumpler   37   360"	"*"	"Cl Trumpler   37   360"
"Cl Trumpler   37   125"	"*"	"Cl Trumpler   37   125"
"Cl Trumpler   37  1009"	"*"	"Cl Trumpler   37  1009"
"Cl Trumpler   37   983"	"*"	"Cl Trumpler   37   983"
"Cl Trumpler   37   163"	"*"	"Cl Trumpler   37   163"
"Cl Trumpler   37   718"	"PM*"	"Cl Trumpler   37   718"
"Cl Trumpler   37  1007"	"*"	"Cl Trumpler   37  1007"
"Cl Trumpler   37   409"	"*"	"Cl Trumpler   37   409"
"Cl Trumpler   37   640"	"*"	"Cl Trumpler   37   640"
"Cl Trumpler   37   666"	"*"	"Cl Trumpler   37   666"
"Cl Trumpler   37   108"	"*"	"Cl Trumpler   37   108"
"Cl Trumpler   37   708"	"*"	"Cl Trumpler   37   708"
"Cl Trumpler   37   142"	"*"	"Cl Trumpler   37   142"
"Cl Trumpler   37   697"	"*"	"Cl Trumpler   37   697"
"Cl Trumpler   37  1246"	"PM*"	"Cl Trumpler   37  1246"
"Cl Trumpler   37   954"	"*"	"Cl Trumpler   37   954"
"Cl Trumpler   37   692"	"*"	"Cl Trumpler   37   692"
"Cl Trumpler   37   685"	"*"	"Cl Trumpler   37   685"
"Cl Trumpler   37   963"	"*"	"Cl Trumpler   37   963"
"Cl Trumpler   37   972"	"*"	"Cl Trumpler   37   972"
"Cl Trumpler   37   993"	"*"	"Cl Trumpler   37   993"
"Cl Trumpler   37   440"	"Y*O"	"Cl Trumpler   37   440"
"Cl Trumpler   37   443"	"*"	"Cl Trumpler   37   443"
"Cl Trumpler   37   450"	"Y*O"	"Cl Trumpler   37   450"
"Cl Trumpler   37   426"	"Y*O"	"Cl Trumpler   37   426"
"Cl Trumpler   37  1004"	"*"	"Cl Trumpler   37  1004"
"Cl Trumpler   37  1279"	"Y*O"	"Cl Trumpler   37  1279"
"Cl Trumpler   37   355"	"*"	"Cl Trumpler   37   355"
"Cl Trumpler   37   116"	"*"	"Cl Trumpler   37   116"
"Cl Trumpler   37   117"	"*"	"Cl Trumpler   37   117"
"Cl Trumpler   37   131"	"**"	"Cl Trumpler   37   131"
"Cl Trumpler   37   400"	"*"	"Cl Trumpler   37   400"
"Cl Trumpler   37   141"	"*"	"Cl Trumpler   37   141"
"Cl Trumpler   37   146"	"*"	"Cl Trumpler   37   146"
"Cl Trumpler   37   410"	"Y*O"	"Cl Trumpler   37   410"
"Cl Trumpler   37   428"	"*"	"Cl Trumpler   37   428"
"Cl Trumpler   37   433"	"*"	"Cl Trumpler   37   433"
"Cl Trumpler   37   434"	"*"	"Cl Trumpler   37   434"
"Cl Trumpler   37   447"	"*"	"Cl Trumpler   37   447"
"Cl Trumpler   37   169"	"*"	"Cl Trumpler   37   169"
"Cl Trumpler   37   498"	"*"	"Cl Trumpler   37   498"
"Cl Trumpler   37   464"	"*"	"Cl Trumpler   37   464"
"Cl Trumpler   37   663"	"*"	"Cl Trumpler   37   663"
"Cl Trumpler   37   665"	"Pu*"	"Cl Trumpler   37   665"
"Cl Trumpler   37   960"	"*"	"Cl Trumpler   37   960"
"Cl Trumpler   37   675"	"*"	"Cl Trumpler   37   675"
"Cl Trumpler   37   680"	"**"	"Cl Trumpler   37   680"
"Cl Trumpler   37   981"	"SB*"	"Cl Trumpler   37   981"
"Cl Trumpler   37   689"	"*"	"Cl Trumpler   37   689"
"Cl Trumpler   37   989"	"*"	"Cl Trumpler   37   989"
"Cl Trumpler   37   413"	"Y*O"	"Cl Trumpler   37   413"
"Cl Trumpler   37   997"	"*"	"Cl Trumpler   37   997"
"Cl Trumpler   37   418"	"*"	"Cl Trumpler   37   418"
"Cl Trumpler   37  1005"	"*"	"Cl Trumpler   37  1005"
"Cl Trumpler   37   703"	"*"	"Cl Trumpler   37   703"
"Cl Trumpler   37   716"	"Y*O"	"Cl Trumpler   37   716"
"Cl Trumpler   37   717"	"*"	"Cl Trumpler   37   717"
"Cl Trumpler   37   731"	"Y*O"	"Cl Trumpler   37   731"
"Cl Trumpler   37   735"	"Y*O"	"Cl Trumpler   37   735"
"Cl Trumpler   37   959"	"PM*"	"Cl Trumpler   37   959"
"Cl Trumpler   37  1239"	"*"	"Cl Trumpler   37  1239"
"Cl Trumpler   37  1247"	"EB*"	"Cl Trumpler   37  1247"
"Cl Trumpler   37  1248"	"*"	"Cl Trumpler   37  1248"
"Cl Trumpler   37   985"	"*"	"Cl Trumpler   37   985"
"Cl Trumpler   37  1264"	"*"	"Cl Trumpler   37  1264"
"Cl Trumpler   37  1265"	"*"	"Cl Trumpler   37  1265"
"Cl Trumpler   37  1266"	"SB*"	"Cl Trumpler   37  1266"
"Cl Trumpler   37   376"	"*"	"Cl Trumpler   37   376"
"Cl Trumpler   37   158"	"PM*"	"Cl Trumpler   37   158"
"Cl Trumpler   37   485"	"Y*O"	"Cl Trumpler   37   485"
"Cl Trumpler   37   378"	"*"	"Cl Trumpler   37   378"
"Cl Trumpler   37   462"	"Y*O"	"Cl Trumpler   37   462"
"Cl Trumpler   37   743"	"*"	"Cl Trumpler   37   743"
"Cl Trumpler   37   958"	"**"	"Cl Trumpler   37   958"
"Cl Trumpler   37   334"	"*"	"Cl Trumpler   37   334"
"Cl Trumpler   37    93"	"*"	"Cl Trumpler   37    93"
"Cl Trumpler   37   622"	"*"	"Cl Trumpler   37   622"
"Cl Trumpler   37   104"	"*"	"Cl Trumpler   37   104"
"Cl Trumpler   37    91"	"Pu*"	"Cl Trumpler   37    91"
"Cl Trumpler   37   340"	"*"	"Cl Trumpler   37   340"
"Cl Trumpler   37   329"	"*"	"Cl Trumpler   37   329"
"Cl Trumpler   37    98"	"*"	"Cl Trumpler   37    98"
"Cl Trumpler   37   343"	"*"	"Cl Trumpler   37   343"
"Cl Trumpler   37   630"	"*"	"Cl Trumpler   37   630"
"Cl Trumpler   37   112"	"*"	"Cl Trumpler   37   112"
"Cl Trumpler   37   636"	"*"	"Cl Trumpler   37   636"
"Cl Trumpler   37   624"	"*"	"Cl Trumpler   37   624"
"Cl Trumpler   37   336"	"*"	"Cl Trumpler   37   336"
"Cl Trumpler   37    92"	"PM*"	"Cl Trumpler   37    92"
"Cl Trumpler   37   106"	"*"	"Cl Trumpler   37   106"
"Cl Trumpler   37   625"	"*"	"Cl Trumpler   37   625"
"Cl Trumpler   37   107"	"*"	"Cl Trumpler   37   107"
"Cl Trumpler   37   105"	"*"	"Cl Trumpler   37   105"
"Cl Trumpler   37    99"	"*"	"Cl Trumpler   37    99"
"Cl Trumpler   37   634"	"*"	"Cl Trumpler   37   634"
"Cl Trumpler   37   331"	"*"	"Cl Trumpler   37   331"
"Cl Trumpler   37   333"	"*"	"Cl Trumpler   37   333"
"Cl Trumpler   37   631"	"*"	"Cl Trumpler   37   631"
"Cl Trumpler   37   114"	"*"	"Cl Trumpler   37   114"
"Cl Trumpler   37   342"	"*"	"Cl Trumpler   37   342"
"Cl Trumpler   37   102"	"*"	"Cl Trumpler   37   102"
"Cl Trumpler   37   627"	"*"	"Cl Trumpler   37   627"
"Cl Trumpler   37   337"	"EB*"	"Cl Trumpler   37   337"
"Cl Trumpler   37    97"	"*"	"Cl Trumpler   37    97"
"Cl Trumpler   37   339"	"*"	"Cl Trumpler   37   339"
"Cl Trumpler   37   344"	"*"	"Cl Trumpler   37   344"
"Cl Trumpler   37   350"	"*"	"Cl Trumpler   37   350"
"Cl Trumpler   37    95"	"*"	"Cl Trumpler   37    95"
"Cl Trumpler   37   101"	"SB*"	"Cl Trumpler   37   101"
"Cl Trumpler   37   623"	"*"	"Cl Trumpler   37   623"
"Cl Trumpler   37   338"	"*"	"Cl Trumpler   37   338"
"Cl Trumpler   37   430"	"Y*O"	"Cl Trumpler   37   430"
"Cl Collinder  439"	"OpC"	"Cl Trumpler   37"
"Cl Trumpler   37"	"OpC"	"Cl Trumpler   37"
"Cl Collinder  439"	"OpC"	"IC 1396"
"Cl Trumpler   37"	"OpC"	"IC 1396"
"Cl Collinder  439"	"OpC"	"Cl Collinder  439"
"Cl Trumpler   37"	"OpC"	"Cl Collinder  439"
"Cl Trumpler   37   541"	"Y*O"	"Cl Trumpler   37   541"
"Cl Trumpler   37   534"	"*"	"Cl Trumpler   37   534"
"Cl Trumpler   37   532"	"*"	"Cl Trumpler   37   532"
"Cl Trumpler   37   542"	"SB*"	"Cl Trumpler   37   542"
"Cl Trumpler   37  1791"	"PM*"	"Cl Trumpler   37  1791"
"Cl Trumpler   37  1797"	"*"	"Cl Trumpler   37  1797"
"Cl Trumpler   37  1558"	"*"	"Cl Trumpler   37  1558"
"Cl Trumpler   37  1520"	"*"	"Cl Trumpler   37  1520"
"Cl Trumpler   37  1522"	"Em*"	"Cl Trumpler   37  1522"
"Cl Trumpler   37  1534"	"*"	"Cl Trumpler   37  1534"
"Cl Trumpler   37  1293"	"*"	"Cl Trumpler   37  1293"
"Cl Trumpler   37  1537"	"*"	"Cl Trumpler   37  1537"
"Cl Trumpler   37  1311"	"*"	"Cl Trumpler   37  1311"
"Cl Trumpler   37  1313"	"*"	"Cl Trumpler   37  1313"
"Cl Trumpler   37  1552"	"*"	"Cl Trumpler   37  1552"
"Cl Trumpler   37  1318"	"*"	"Cl Trumpler   37  1318"
"Cl Trumpler   37  1056"	"*"	"Cl Trumpler   37  1056"
"Cl Trumpler   37  1322"	"*"	"Cl Trumpler   37  1322"
"Cl Trumpler   37  1327"	"PM*"	"Cl Trumpler   37  1327"
"Cl Trumpler   37  1331"	"Be*"	"Cl Trumpler   37  1331"
"Cl Trumpler   37  1335"	"*"	"Cl Trumpler   37  1335"
"Cl Trumpler   37  1566"	"*"	"Cl Trumpler   37  1566"
"Cl Trumpler   37  1573"	"*"	"Cl Trumpler   37  1573"
"Cl Trumpler   37  1036"	"*"	"Cl Trumpler   37  1036"
"Cl Trumpler   37  1044"	"Em*"	"Cl Trumpler   37  1044"
"Cl Trumpler   37  1051"	"*"	"Cl Trumpler   37  1051"
"Cl Trumpler   37  1055"	"*"	"Cl Trumpler   37  1055"
"Cl Trumpler   37  1059"	"*"	"Cl Trumpler   37  1059"
"Cl Trumpler   37  1319"	"s*r"	"NAME Erakis"
"Cl Trumpler   37  1319"	"s*r"	"NAME Herschel's Garnet Star"
"Cl Trumpler   37  1319"	"s*r"	"Cl Trumpler   37  1319"
"Cl Trumpler   37  1804"	"*"	"Cl Trumpler   37  1804"
"Cl Trumpler   37  1807"	"*"	"Cl Trumpler   37  1807"
"Cl Trumpler   37  1588"	"*"	"Cl Trumpler   37  1588"
"Cl Trumpler   37  1810"	"V*"	"Cl Trumpler   37  1810"
"Cl Trumpler   37  1353"	"Pu*"	"Cl Trumpler   37  1353"
"Cl Trumpler   37  1354"	"*"	"Cl Trumpler   37  1354"
"Cl Trumpler   37  1078"	"PM*"	"Cl Trumpler   37  1078"
"Cl Trumpler   37  1089"	"*"	"Cl Trumpler   37  1089"
"Cl Trumpler   37  1088"	"*"	"Cl Trumpler   37  1088"
"Cl Trumpler   37   758"	"*"	"Cl Trumpler   37   758"
"Cl Trumpler   37   759"	"PM*"	"Cl Trumpler   37   759"
"Cl Trumpler   37   764"	"*"	"Cl Trumpler   37   764"
"Cl Trumpler   37   766"	"SB*"	"Cl Trumpler   37   766"
"Cl Trumpler   37   767"	"PM*"	"Cl Trumpler   37   767"
"Cl Trumpler   37   779"	"*"	"Cl Trumpler   37   779"
"Cl Trumpler   37   778"	"EB*"	"Cl Trumpler   37   778"
"Cl Trumpler   37   780"	"*"	"Cl Trumpler   37   780"
"Cl Trumpler   37   527"	"*"	"Cl Trumpler   37   527"
"Cl Trumpler   37   796"	"*"	"Cl Trumpler   37   796"
"Cl Trumpler   37   797"	"*"	"Cl Trumpler   37   797"
"Cl Trumpler   37  2056"	"*"	"Cl Trumpler   37  2056"
"Cl Trumpler   37  1536"	"*"	"Cl Trumpler   37  1536"
"Cl Trumpler   37  2053"	"*"	"Cl Trumpler   37  2053"
"Cl Trumpler   37  1581"	"*"	"Cl Trumpler   37  1581"
"Cl Trumpler   37  2060"	"*"	"Cl Trumpler   37  2060"
"Cl Trumpler   37  1578"	"*"	"Cl Trumpler   37  1578"
"Cl Trumpler   37  1330"	"*"	"Cl Trumpler   37  1330"
"Cl Trumpler   37  1312"	"*"	"Cl Trumpler   37  1312"
"Cl Trumpler   37   795"	"*"	"Cl Trumpler   37   795"
"Cl Trumpler   37  1589"	"*"	"Cl Trumpler   37  1589"
"Cl Trumpler   37   793"	"*"	"Cl Trumpler   37   793"
"Cl Trumpler   37  1334"	"*"	"Cl Trumpler   37  1334"
"Cl Trumpler   37  1349"	"*"	"Cl Trumpler   37  1349"
"Cl Trumpler   37   754"	"*"	"Cl Trumpler   37   754"
"Cl Trumpler   37  1286"	"Y*O"	"Cl Trumpler   37  1286"
"Cl Trumpler   37  1542"	"*"	"Cl Trumpler   37  1542"
"Cl Trumpler   37  1342"	"*"	"Cl Trumpler   37  1342"
"Cl Trumpler   37  1345"	"*"	"Cl Trumpler   37  1345"
"Cl Trumpler   37  1803"	"*"	"Cl Trumpler   37  1803"
"Cl Trumpler   37  1565"	"PM*"	"Cl Trumpler   37  1565"
"Cl Trumpler   37  2042"	"*"	"Cl Trumpler   37  2042"
"Cl Trumpler   37  1793"	"*"	"Cl Trumpler   37  1793"
"Cl Trumpler   37  1561"	"Pu*"	"Cl Trumpler   37  1561"
"Cl Trumpler   37  1796"	"*"	"Cl Trumpler   37  1796"
"Cl Trumpler   37  1307"	"*"	"Cl Trumpler   37  1307"
"Cl Trumpler   37  1321"	"PM*"	"Cl Trumpler   37  1321"
"Cl Trumpler   37  1568"	"*"	"Cl Trumpler   37  1568"
"Cl Trumpler   37  1344"	"*"	"Cl Trumpler   37  1344"
"Cl Trumpler   37  1562"	"*"	"Cl Trumpler   37  1562"
"Cl Trumpler   37  1060"	"*"	"Cl Trumpler   37  1060"
"Cl Trumpler   37  1591"	"*"	"Cl Trumpler   37  1591"
"Cl Trumpler   37  1789"	"*"	"Cl Trumpler   37  1789"
"Cl Trumpler   37  1045"	"*"	"Cl Trumpler   37  1045"
"Cl Trumpler   37  1543"	"*"	"Cl Trumpler   37  1543"
"Cl Trumpler   37  1567"	"*"	"Cl Trumpler   37  1567"
"Cl Trumpler   37  1049"	"PM*"	"Cl Trumpler   37  1049"
"Cl Trumpler   37  1359"	"*"	"Cl Trumpler   37  1359"
"Cl Trumpler   37  2054"	"*"	"Cl Trumpler   37  2054"
"Cl Trumpler   37  1574"	"*"	"Cl Trumpler   37  1574"
"Cl Trumpler   37  1058"	"*"	"Cl Trumpler   37  1058"
"Cl Trumpler   37  1308"	"*"	"Cl Trumpler   37  1308"
"Cl Trumpler   37  1071"	"*"	"Cl Trumpler   37  1071"
"Cl Trumpler   37  1333"	"*"	"Cl Trumpler   37  1333"
"Cl Trumpler   37  1054"	"*"	"Cl Trumpler   37  1054"
"Cl Trumpler   37  1800"	"*"	"Cl Trumpler   37  1800"
"Cl Trumpler   37  1083"	"*"	"Cl Trumpler   37  1083"
"Cl Trumpler   37  1336"	"*"	"Cl Trumpler   37  1336"
"Cl Trumpler   37  1535"	"*"	"Cl Trumpler   37  1535"
"Cl Trumpler   37  1580"	"*"	"Cl Trumpler   37  1580"
"Cl Trumpler   37  1085"	"*"	"Cl Trumpler   37  1085"
"Cl Trumpler   37  2059"	"*"	"Cl Trumpler   37  2059"
"Cl Trumpler   37  1052"	"*"	"Cl Trumpler   37  1052"
"Cl Trumpler   37   791"	"dS*"	"Cl Trumpler   37   791"
"Cl Trumpler   37  1356"	"*"	"Cl Trumpler   37  1356"
"Cl Trumpler   37  1350"	"*"	"Cl Trumpler   37  1350"
"Cl Trumpler   37  1303"	"*"	"Cl Trumpler   37  1303"
"Cl Trumpler   37  1790"	"*"	"Cl Trumpler   37  1790"
"Cl Trumpler   37   783"	"*"	"Cl Trumpler   37   783"
"Cl Trumpler   37  1798"	"*"	"Cl Trumpler   37  1798"
"Cl Trumpler   37  1317"	"*"	"Cl Trumpler   37  1317"
"Cl Trumpler   37  1551"	"Y*O"	"Cl Trumpler   37  1551"
"Cl Trumpler   37  1570"	"*"	"Cl Trumpler   37  1570"
"Cl Trumpler   37   781"	"*"	"Cl Trumpler   37   781"
"Cl Trumpler   37   756"	"*"	"Cl Trumpler   37   756"
"Cl Trumpler   37  1082"	"*"	"Cl Trumpler   37  1082"
"Cl Trumpler   37   772"	"*"	"Cl Trumpler   37   772"
"Cl Trumpler   37  1814"	"*"	"Cl Trumpler   37  1814"
"Cl Trumpler   37  1034"	"PM*"	"Cl Trumpler   37  1034"
"Cl Trumpler   37  1584"	"*"	"Cl Trumpler   37  1584"
"Cl Trumpler   37  1785"	"*"	"Cl Trumpler   37  1785"
"Cl Trumpler   37  1320"	"*"	"Cl Trumpler   37  1320"
"Cl Trumpler   37  1323"	"*"	"Cl Trumpler   37  1323"
"Cl Trumpler   37  1042"	"Y*O"	"Cl Trumpler   37  1042"
"Cl Trumpler   37  2046"	"*"	"Cl Trumpler   37  2046"
"Cl Trumpler   37  1549"	"*"	"Cl Trumpler   37  1549"
"Cl Trumpler   37  1316"	"*"	"Cl Trumpler   37  1316"
"Cl Trumpler   37  1041"	"*"	"Cl Trumpler   37  1041"
"Cl Trumpler   37  1532"	"*"	"Cl Trumpler   37  1532"
"Cl Trumpler   37  1787"	"*"	"Cl Trumpler   37  1787"
"Cl Trumpler   37  1586"	"*"	"Cl Trumpler   37  1586"
"Cl Trumpler   37  1595"	"PM*"	"Cl Trumpler   37  1595"
"Cl Trumpler   37   790"	"*"	"Cl Trumpler   37   790"
"Cl Trumpler   37  1080"	"*"	"Cl Trumpler   37  1080"
"Cl Trumpler   37  1087"	"*"	"Cl Trumpler   37  1087"
"Cl Trumpler   37  1569"	"*"	"Cl Trumpler   37  1569"
"Cl Trumpler   37  1808"	"*"	"Cl Trumpler   37  1808"
"Cl Trumpler   37  1360"	"EB*"	"Cl Trumpler   37  1360"
"Cl Trumpler   37  1057"	"*"	"Cl Trumpler   37  1057"
"Cl Trumpler   37  1069"	"*"	"Cl Trumpler   37  1069"
"Cl Trumpler   37  1032"	"*"	"Cl Trumpler   37  1032"
"Cl Trumpler   37  1046"	"*"	"Cl Trumpler   37  1046"
"Cl Trumpler   37  1073"	"*"	"Cl Trumpler   37  1073"
"Cl Trumpler   37  1074"	"SB*"	"Cl Trumpler   37  1074"
"Cl Trumpler   37  1526"	"*"	"Cl Trumpler   37  1526"
"Cl Trumpler   37  1530"	"*"	"Cl Trumpler   37  1530"
"Cl Trumpler   37  1557"	"EB*"	"Cl Trumpler   37  1557"
"Cl Trumpler   37  1563"	"*"	"Cl Trumpler   37  1563"
"Cl Trumpler   37  1593"	"*"	"Cl Trumpler   37  1593"
"Cl Trumpler   37   769"	"*"	"Cl Trumpler   37   769"
"Cl Trumpler   37  1529"	"*"	"Cl Trumpler   37  1529"
"Cl Trumpler   37  1295"	"*"	"Cl Trumpler   37  1295"
"Cl Trumpler   37  1310"	"SB*"	"Cl Trumpler   37  1310"
"Cl Trumpler   37  1794"	"*"	"Cl Trumpler   37  1794"
"Cl Trumpler   37  1079"	"PM*"	"Cl Trumpler   37  1079"
"Cl Trumpler   37  1348"	"*"	"Cl Trumpler   37  1348"
"Cl Trumpler   37  1352"	"*"	"Cl Trumpler   37  1352"
"Cl Trumpler   37  1363"	"*"	"Cl Trumpler   37  1363"
"Cl Trumpler   37  1564"	"*"	"Cl Trumpler   37  1564"
"Cl Trumpler   37  1545"	"*"	"Cl Trumpler   37  1545"
"Cl Trumpler   37   771"	"*"	"Cl Trumpler   37   771"
"Cl Trumpler   37  1065"	"*"	"Cl Trumpler   37  1065"
"Cl Trumpler   37  1583"	"*"	"Cl Trumpler   37  1583"
"Cl Trumpler   37  2050"	"*"	"Cl Trumpler   37  2050"
"Cl Trumpler   37   777"	"*"	"Cl Trumpler   37   777"
"Cl Trumpler   37  2049"	"*"	"Cl Trumpler   37  2049"
"Cl Trumpler   37  1341"	"*"	"Cl Trumpler   37  1341"
"Cl Trumpler   37  1066"	"*"	"Cl Trumpler   37  1066"
"Cl Trumpler   37  1546"	"*"	"Cl Trumpler   37  1546"
"Cl Trumpler   37  1287"	"*"	"Cl Trumpler   37  1287"
"Cl Trumpler   37  1343"	"*"	"Cl Trumpler   37  1343"
"Cl Trumpler   37  1040"	"*"	"Cl Trumpler   37  1040"
"Cl Trumpler   37  2048"	"*"	"Cl Trumpler   37  2048"
"Cl Trumpler   37  1579"	"*"	"Cl Trumpler   37  1579"
"Cl Trumpler   37  1077"	"*"	"Cl Trumpler   37  1077"
"Cl Trumpler   37  1306"	"*"	"Cl Trumpler   37  1306"
"Cl Trumpler   37  1346"	"*"	"Cl Trumpler   37  1346"
"Cl Trumpler   37  1571"	"*"	"Cl Trumpler   37  1571"
"Cl Trumpler   37   794"	"*"	"Cl Trumpler   37   794"
"Cl Trumpler   37  1028"	"*"	"Cl Trumpler   37  1028"
"Cl Trumpler   37  1075"	"*"	"Cl Trumpler   37  1075"
"Cl Trumpler   37  1806"	"*"	"Cl Trumpler   37  1806"
"Cl Trumpler   37  1290"	"*"	"Cl Trumpler   37  1290"
"Cl Trumpler   37   784"	"*"	"Cl Trumpler   37   784"
"Cl Trumpler   37  1362"	"*"	"Cl Trumpler   37  1362"
"Cl Trumpler   37  1809"	"*"	"Cl Trumpler   37  1809"
"Cl Trumpler   37  1556"	"*"	"Cl Trumpler   37  1556"
"Cl Trumpler   37   765"	"*"	"Cl Trumpler   37   765"
"Cl Trumpler   37  1802"	"*"	"Cl Trumpler   37  1802"
"Cl Trumpler   37  1072"	"*"	"Cl Trumpler   37  1072"
"Cl Trumpler   37  1332"	"*"	"Cl Trumpler   37  1332"
"Cl Trumpler   37  1582"	"*"	"Cl Trumpler   37  1582"
"Cl Trumpler   37  1801"	"*"	"Cl Trumpler   37  1801"
"Cl Trumpler   37  1805"	"*"	"Cl Trumpler   37  1805"
"Cl Trumpler   37  1301"	"*"	"Cl Trumpler   37  1301"
"Cl Trumpler   37  1572"	"*"	"Cl Trumpler   37  1572"
"Cl Trumpler   37  2045"	"*"	"Cl Trumpler   37  2045"
"Cl Trumpler   37  1347"	"*"	"Cl Trumpler   37  1347"
"Cl Trumpler   37  1357"	"*"	"Cl Trumpler   37  1357"
"Cl Trumpler   37  1590"	"*"	"Cl Trumpler   37  1590"
"Cl Trumpler   37  1812"	"*"	"Cl Trumpler   37  1812"
"Cl Trumpler   37  1314"	"*"	"Cl Trumpler   37  1314"
"Cl Trumpler   37  1538"	"*"	"Cl Trumpler   37  1538"
"Cl Trumpler   37   775"	"*"	"Cl Trumpler   37   775"
"Cl Trumpler   37  1027"	"*"	"Cl Trumpler   37  1027"
"Cl Trumpler   37  1813"	"*"	"Cl Trumpler   37  1813"
"Cl Trumpler   37  1062"	"*"	"Cl Trumpler   37  1062"
"Cl Trumpler   37  1792"	"*"	"Cl Trumpler   37  1792"
"Cl Trumpler   37  1315"	"*"	"Cl Trumpler   37  1315"
"Cl Trumpler   37  1592"	"*"	"Cl Trumpler   37  1592"
"Cl Trumpler   37  1597"	"SB*"	"Cl Trumpler   37  1597"
"Cl Trumpler   37  1560"	"*"	"Cl Trumpler   37  1560"
"Cl Trumpler   37  1033"	"PM*"	"Cl Trumpler   37  1033"
"Cl Trumpler   37  1594"	"*"	"Cl Trumpler   37  1594"
"Cl Trumpler   37  1063"	"*"	"Cl Trumpler   37  1063"
"Cl Trumpler   37  1070"	"*"	"Cl Trumpler   37  1070"
"Cl Trumpler   37  1326"	"*"	"Cl Trumpler   37  1326"
"Cl Trumpler   37  1531"	"*"	"Cl Trumpler   37  1531"
"Cl Trumpler   37  1550"	"Y*O"	"Cl Trumpler   37  1550"
"Cl Trumpler   37  1553"	"*"	"Cl Trumpler   37  1553"
"Cl Trumpler   37  1576"	"*"	"Cl Trumpler   37  1576"
"Cl Trumpler   37   785"	"Y*O"	"Cl Trumpler   37   785"
"Cl Trumpler   37   762"	"*"	"Cl Trumpler   37   762"
"Cl Trumpler   37  1525"	"*"	"Cl Trumpler   37  1525"
"Cl Trumpler   37  1351"	"*"	"Cl Trumpler   37  1351"
"Cl Trumpler   37   799"	"*"	"Cl Trumpler   37   799"
"Cl Trumpler   37  1037"	"*"	"Cl Trumpler   37  1037"
"Cl Trumpler   37  1039"	"*"	"Cl Trumpler   37  1039"
"Cl Trumpler   37  1296"	"PM*"	"Cl Trumpler   37  1296"
"Cl Trumpler   37   786"	"*"	"Cl Trumpler   37   786"
"Cl Trumpler   37  1298"	"*"	"Cl Trumpler   37  1298"
"Cl Trumpler   37  1038"	"*"	"Cl Trumpler   37  1038"
"Cl Trumpler   37  1300"	"*"	"Cl Trumpler   37  1300"
"Cl Trumpler   37   774"	"*"	"Cl Trumpler   37   774"
"Cl Trumpler   37  1291"	"*"	"Cl Trumpler   37  1291"
"Cl Trumpler   37  1585"	"*"	"Cl Trumpler   37  1585"
"Cl Trumpler   37  1302"	"*"	"Cl Trumpler   37  1302"
"Cl Trumpler   37  1309"	"*"	"Cl Trumpler   37  1309"
"Cl Trumpler   37  1577"	"SB*"	"Cl Trumpler   37  1577"
"Cl Trumpler   37   523"	"*"	"Cl Trumpler   37   523"
"Cl Trumpler   37   770"	"*"	"Cl Trumpler   37   770"
"Cl Trumpler   37  1596"	"*"	"Cl Trumpler   37  1596"
"Cl Trumpler   37  1541"	"*"	"Cl Trumpler   37  1541"
"Cl Trumpler   37   782"	"*"	"Cl Trumpler   37   782"
"Cl Trumpler   37   788"	"*"	"Cl Trumpler   37   788"
"Cl Trumpler   37  1547"	"*"	"Cl Trumpler   37  1547"
"Cl Trumpler   37   776"	"*"	"Cl Trumpler   37   776"
"Cl Trumpler   37  1031"	"*"	"Cl Trumpler   37  1031"
"Cl Trumpler   37  1337"	"*"	"Cl Trumpler   37  1337"
"Cl Trumpler   37  1528"	"PM*"	"Cl Trumpler   37  1528"
"Cl Trumpler   37  1084"	"*"	"Cl Trumpler   37  1084"
"Cl Trumpler   37  1043"	"*"	"Cl Trumpler   37  1043"
"Cl Trumpler   37  1076"	"*"	"Cl Trumpler   37  1076"
"Cl Trumpler   37  1338"	"*"	"Cl Trumpler   37  1338"
"Cl Trumpler   37   761"	"V*"	"Cl Trumpler   37   761"
"Cl Trumpler   37  1324"	"*"	"Cl Trumpler   37  1324"
"Cl Trumpler   37  1329"	"*"	"Cl Trumpler   37  1329"
"Cl Trumpler   37  1294"	"*"	"Cl Trumpler   37  1294"
"Cl Trumpler   37  1786"	"*"	"Cl Trumpler   37  1786"
"Cl Trumpler   37  1811"	"*"	"Cl Trumpler   37  1811"
"Cl Trumpler   37   798"	"*"	"Cl Trumpler   37   798"
"Cl Trumpler   37  1035"	"*"	"Cl Trumpler   37  1035"
"Cl Trumpler   37  1047"	"*"	"Cl Trumpler   37  1047"
"Cl Trumpler   37  1539"	"*"	"Cl Trumpler   37  1539"
"Cl Trumpler   37  1053"	"*"	"Cl Trumpler   37  1053"
"Cl Trumpler   37  1068"	"*"	"Cl Trumpler   37  1068"
"Cl Trumpler   37  1325"	"*"	"Cl Trumpler   37  1325"
"Cl Trumpler   37  1355"	"*"	"Cl Trumpler   37  1355"
"Cl Trumpler   37   529"	"*"	"Cl Trumpler   37   529"
"Cl Trumpler   37   533"	"*"	"Cl Trumpler   37   533"
"Cl Trumpler   37  1048"	"*"	"Cl Trumpler   37  1048"
"Cl Trumpler   37  1050"	"*"	"Cl Trumpler   37  1050"
"Cl Trumpler   37   760"	"*"	"Cl Trumpler   37   760"
"Cl Trumpler   37  1061"	"*"	"Cl Trumpler   37  1061"
"Cl Trumpler   37   768"	"*"	"Cl Trumpler   37   768"
"Cl Trumpler   37  1064"	"*"	"Cl Trumpler   37  1064"
"Cl Trumpler   37  1067"	"*"	"Cl Trumpler   37  1067"
"Cl Trumpler   37   787"	"*"	"Cl Trumpler   37   787"
"Cl Trumpler   37   792"	"Pe*"	"Cl Trumpler   37   792"
"Cl Trumpler   37  1081"	"*"	"Cl Trumpler   37  1081"
"Cl Trumpler   37  1086"	"*"	"Cl Trumpler   37  1086"
"Cl Trumpler   37   800"	"V*"	"Cl Trumpler   37   800"
"Cl Trumpler   37  1527"	"*"	"Cl Trumpler   37  1527"
"Cl Trumpler   37  1533"	"*"	"Cl Trumpler   37  1533"
"Cl Trumpler   37  1297"	"*"	"Cl Trumpler   37  1297"
"Cl Trumpler   37  1540"	"*"	"Cl Trumpler   37  1540"
"Cl Trumpler   37  1299"	"*"	"Cl Trumpler   37  1299"
"Cl Trumpler   37  1544"	"PM*"	"Cl Trumpler   37  1544"
"Cl Trumpler   37  1305"	"*"	"Cl Trumpler   37  1305"
"Cl Trumpler   37  1304"	"*"	"Cl Trumpler   37  1304"
"Cl Trumpler   37  1548"	"*"	"Cl Trumpler   37  1548"
"Cl Trumpler   37  1554"	"*"	"Cl Trumpler   37  1554"
"Cl Trumpler   37  1559"	"*"	"Cl Trumpler   37  1559"
"Cl Trumpler   37  1575"	"*"	"Cl Trumpler   37  1575"
"Cl Trumpler   37  1587"	"*"	"Cl Trumpler   37  1587"
"Cl Trumpler   37  1358"	"*"	"Cl Trumpler   37  1358"
"Cl Trumpler   37  1795"	"*"	"Cl Trumpler   37  1795"
"Cl Trumpler   37  1799"	"*"	"Cl Trumpler   37  1799"
"Cl Trumpler   37  1340"	"*"	"Cl Trumpler   37  1340"
"Cl Trumpler   37   789"	"*"	"Cl Trumpler   37   789"
"Cl Trumpler   37   526"	"SB*"	"Cl Trumpler   37   526"
"Cl Trumpler   37   530"	"*"	"Cl Trumpler   37   530"
"Cl Trumpler   37   528"	"*"	"Cl Trumpler   37   528"
"Cl Trumpler   37   520"	"*"	"Cl Trumpler   37   520"
"Cl Trumpler   37  1269"	"*"	"Cl Trumpler   37  1269"
"Cl Trumpler   37  1273"	"*"	"Cl Trumpler   37  1273"
"Cl Trumpler   37  1272"	"*"	"Cl Trumpler   37  1272"
"Cl Trumpler   37  1011"	"SB*"	"Cl Trumpler   37  1011"
"Cl Trumpler   37  1289"	"*"	"Cl Trumpler   37  1289"
"Cl Trumpler   37  1025"	"Y*O"	"Cl Trumpler   37  1025"
"Cl Trumpler   37   747"	"*"	"Cl Trumpler   37   747"
"Cl Trumpler   37   748"	"*"	"Cl Trumpler   37   748"
"Cl Trumpler   37   755"	"*"	"Cl Trumpler   37   755"
"Cl Trumpler   37   757"	"SB*"	"Cl Trumpler   37   757"
"Cl Trumpler   37   763"	"*"	"Cl Trumpler   37   763"
"Cl Trumpler   37   511"	"*"	"Cl Trumpler   37   511"
"Cl Trumpler   37   518"	"*"	"Cl Trumpler   37   518"
"Cl Trumpler   37   505"	"*"	"Cl Trumpler   37   505"
"Cl Trumpler   37   509"	"*"	"Cl Trumpler   37   509"
"Cl Trumpler   37   750"	"Be*"	"Cl Trumpler   37   750"
"Cl Trumpler   37   519"	"*"	"Cl Trumpler   37   519"
"Cl Trumpler   37   749"	"*"	"Cl Trumpler   37   749"
"Cl Trumpler   37  1515"	"*"	"Cl Trumpler   37  1515"
"Cl Trumpler   37  1014"	"*"	"Cl Trumpler   37  1014"
"Cl Trumpler   37   515"	"*"	"Cl Trumpler   37   515"
"Cl Trumpler   37   501"	"*"	"Cl Trumpler   37   501"
"Cl Trumpler   37  1282"	"*"	"Cl Trumpler   37  1282"
"Cl Trumpler   37   524"	"dS*"	"Cl Trumpler   37   524"
"Cl Trumpler   37  1285"	"Y*O"	"Cl Trumpler   37  1285"
"Cl Trumpler   37   742"	"*"	"Cl Trumpler   37   742"
"Cl Trumpler   37  1024"	"*"	"Cl Trumpler   37  1024"
"Cl Trumpler   37  1280"	"Y*O"	"Cl Trumpler   37  1280"
"Cl Trumpler   37  1267"	"*"	"Cl Trumpler   37  1267"
"Cl Trumpler   37  1275"	"*"	"Cl Trumpler   37  1275"
"Cl Trumpler   37   728"	"*"	"Cl Trumpler   37   728"
"Cl Trumpler   37  1013"	"*"	"Cl Trumpler   37  1013"
"Cl Trumpler   37   729"	"Y*O"	"Cl Trumpler   37   729"
"Cl Trumpler   37   745"	"*"	"Cl Trumpler   37   745"
"Cl Trumpler   37   514"	"*"	"Cl Trumpler   37   514"
"Cl Trumpler   37  1021"	"Y*O"	"Cl Trumpler   37  1021"
"Cl Trumpler   37  1278"	"Y*O"	"Cl Trumpler   37  1278"
"Cl Trumpler   37  1516"	"PM*"	"Cl Trumpler   37  1516"
"Cl Trumpler   37  1017"	"*"	"Cl Trumpler   37  1017"
"Cl Trumpler   37   752"	"*"	"Cl Trumpler   37   752"
"Cl Trumpler   37  1018"	"Y*O"	"Cl Trumpler   37  1018"
"Cl Trumpler   37  1284"	"*"	"Cl Trumpler   37  1284"
"Cl Trumpler   37   513"	"*"	"Cl Trumpler   37   513"
"Cl Trumpler   37   736"	"*"	"Cl Trumpler   37   736"
"Cl Trumpler   37  1277"	"*"	"Cl Trumpler   37  1277"
"Cl Trumpler   37  1022"	"*"	"Cl Trumpler   37  1022"
"Cl Trumpler   37  1292"	"*"	"Cl Trumpler   37  1292"
"Cl Trumpler   37  1023"	"EB*"	"Cl Trumpler   37  1023"
"Cl Trumpler   37  1288"	"*"	"Cl Trumpler   37  1288"
"Cl Trumpler   37   508"	"*"	"Cl Trumpler   37   508"
"Cl Trumpler   37   516"	"*"	"Cl Trumpler   37   516"
"Cl Trumpler   37  1020"	"Y*O"	"Cl Trumpler   37  1020"
"Cl Trumpler   37  1517"	"Y*O"	"Cl Trumpler   37  1517"
"Cl Trumpler   37   517"	"*"	"Cl Trumpler   37   517"
"Cl Trumpler   37   522"	"*"	"Cl Trumpler   37   522"
"Cl Trumpler   37  1259"	"*"	"Cl Trumpler   37  1259"
"Cl Trumpler   37  1030"	"*"	"Cl Trumpler   37  1030"
"Cl Trumpler   37  1016"	"*"	"Cl Trumpler   37  1016"
"Cl Trumpler   37   507"	"Y*O"	"Cl Trumpler   37   507"
"Cl Trumpler   37   510"	"*"	"Cl Trumpler   37   510"
"Cl Trumpler   37  1019"	"*"	"Cl Trumpler   37  1019"
"Cl Trumpler   37   753"	"*"	"Cl Trumpler   37   753"
"Cl Trumpler   37   525"	"*"	"Cl Trumpler   37   525"
"Cl Trumpler   37  1029"	"*"	"Cl Trumpler   37  1029"
"Cl Trumpler   37   738"	"*"	"Cl Trumpler   37   738"
"Cl Trumpler   37   746"	"V*"	"Cl Trumpler   37   746"
"Cl Trumpler   37   751"	"Pu*"	"Cl Trumpler   37   751"
"Cl Trumpler   37  1012"	"*"	"Cl Trumpler   37  1012"
"Cl Trumpler   37  1026"	"*"	"Cl Trumpler   37  1026"
"Cl Trumpler   37   739"	"*"	"Cl Trumpler   37   739"
"Cl Trumpler   37   503"	"*"	"Cl Trumpler   37   503"
"Cl Stock   17"	"OpC"	"Cl Stock   17"
"Cl Stock   18"	"OpC"	"Cl Stock   18"
"Cl Collinder    3"	"OpC"	"NGC   133"
"Cl Collinder    3"	"OpC"	"Cl Collinder    3"
"Cl Berkeley    3"	"OpC"	"Cl Stock   24"
"Cl Stock   24"	"OpC"	"Cl Stock   24"
"Cl Stock    3"	"OpC"	"Cl Stock    3"
"Cl Collinder   10"	"OpC"	"NGC   381"
"Cl Collinder   10"	"OpC"	"Cl Collinder   10"
"Cl Trumpler    1"	"OpC"	"Cl Trumpler    1"
"Cl Trumpler    1  1133"	"Em*"	"Cl Trumpler    1  1133"
"Cl Stock    2     4"	"*"	"Cl Stock    2     4"
"Cl Stock    2     5"	"*"	"Cl Stock    2     5"
"Cl Stock    2     6"	"SB*"	"Cl Stock    2     6"
"Cl Stock    2     7"	"dS*"	"Cl Stock    2     7"
"Cl Stock    2     9"	"*"	"Cl Stock    2     9"
"Cl Stock    2    10"	"*"	"Cl Stock    2    10"
"Cl Stock    2    11"	"*"	"Cl Stock    2    11"
"Cl Stock    2    12"	"*"	"Cl Stock    2    12"
"Cl Stock    2    11 A"	"*"	"Cl Stock    2    11 A"
"Cl Stock    2    14"	"*"	"Cl Stock    2    14"
"Cl Stock    2    15"	"*"	"Cl Stock    2    15"
"Cl Stock    2    19"	"*"	"Cl Stock    2    19"
"Cl Stock    2    18"	"*"	"Cl Stock    2    18"
"Cl Stock    2    20"	"*"	"Cl Stock    2    20"
"Cl Stock    2    22"	"**"	"Cl Stock    2    22"
"Cl Stock    2    25"	"*"	"Cl Stock    2    25"
"Cl Stock    2    27"	"**"	"Cl Stock    2    27"
"Cl Stock    2    29"	"*"	"Cl Stock    2    29"
"Cl Stock    2    33"	"*"	"Cl Stock    2    33"
"Cl Stock    2    32"	"*"	"Cl Stock    2    32"
"Cl Stock    2    35"	"*"	"Cl Stock    2    35"
"Cl Stock    2    37"	"*"	"Cl Stock    2    37"
"Cl Stock    2    39"	"*"	"Cl Stock    2    39"
"Cl Stock    2    38"	"*"	"Cl Stock    2    38"
"Cl Stock    2    42"	"*"	"Cl Stock    2    42"
"Cl Stock    2    40"	"*"	"Cl Stock    2    40"
"Cl Stock    2    44"	"*"	"Cl Stock    2    44"
"Cl Stock    2    41"	"*"	"Cl Stock    2    41"
"Cl Stock    2    48"	"*"	"Cl Stock    2    48"
"Cl Stock    2    50"	"*"	"Cl Stock    2    50"
"Cl Stock    2    51"	"*"	"Cl Stock    2    51"
"Cl Stock    2    52"	"*"	"Cl Stock    2    52"
"Cl Stock    2    55"	"*"	"Cl Stock    2    55"
"Cl Stock    2    54"	"*"	"Cl Stock    2    54"
"Cl Stock    2    59"	"*"	"Cl Stock    2    59"
"Cl Stock    2    62"	"*"	"Cl Stock    2    62"
"Cl Stock    2    64"	"*"	"Cl Stock    2    64"
"Cl Stock    2    61"	"*"	"Cl Stock    2    61"
"Cl Stock    2    63"	"*"	"Cl Stock    2    63"
"Cl Stock    2    67"	"*"	"Cl Stock    2    67"
"Cl Stock    2    69"	"*"	"Cl Stock    2    69"
"Cl Stock    2    70"	"*"	"Cl Stock    2    70"
"Cl Stock    2    71"	"*"	"Cl Stock    2    71"
"Cl Stock    2    76"	"*"	"Cl Stock    2    76"
"Cl Stock    2    79"	"*"	"Cl Stock    2    79"
"Cl Stock    2    78"	"*"	"Cl Stock    2    78"
"Cl Stock    2    77"	"*"	"Cl Stock    2    77"
"Cl Stock    2    85"	"*"	"Cl Stock    2    85"
"Cl Stock    2    86"	"*"	"Cl Stock    2    86"
"Cl Stock    2    87"	"*"	"Cl Stock    2    87"
"Cl Stock    2    88"	"*"	"Cl Stock    2    88"
"Cl Stock    2    90"	"*"	"Cl Stock    2    90"
"Cl Stock    2   103"	"*"	"Cl Stock    2   103"
"Cl Stock    2   104"	"*"	"Cl Stock    2   104"
"Cl Stock    2    98"	"*"	"Cl Stock    2    98"
"Cl Stock    2    91"	"*"	"Cl Stock    2    91"
"Cl Stock    2    99"	"*"	"Cl Stock    2    99"
"Cl Stock    2   102"	"*"	"Cl Stock    2   102"
"Cl Stock    2    97"	"*"	"Cl Stock    2    97"
"Cl Stock    2   107"	"*"	"Cl Stock    2   107"
"Cl Stock    2   105"	"*"	"Cl Stock    2   105"
"Cl Stock    2   106"	"*"	"Cl Stock    2   106"
"Cl Stock    2   108"	"*"	"Cl Stock    2   108"
"Cl Stock    2   109"	"**"	"Cl Stock    2   109"
"Cl Stock    2   111"	"*"	"Cl Stock    2   111"
"Cl Stock    2   113"	"*"	"Cl Stock    2   113"
"Cl Stock    2   112"	"*"	"Cl Stock    2   112"
"Cl Stock    2   114"	"*"	"Cl Stock    2   114"
"Cl Stock    2   115"	"*"	"Cl Stock    2   115"
"Cl Stock    2   118"	"*"	"Cl Stock    2   118"
"Cl Stock    2   117"	"*"	"Cl Stock    2   117"
"Cl Stock    2   119"	"*"	"Cl Stock    2   119"
"Cl Stock    2   126"	"*"	"Cl Stock    2   126"
"Cl Stock    2   127"	"*"	"Cl Stock    2   127"
"Cl Stock    2   128"	"*"	"Cl Stock    2   128"
"Cl Stock    2   132"	"**"	"Cl Stock    2   132"
"Cl Stock    2   131"	"SB*"	"Cl Stock    2   131"
"Cl Stock    2   133"	"*"	"Cl Stock    2   133"
"Cl Stock    2   134"	"*"	"Cl Stock    2   134"
"Cl Stock    2   135"	"*"	"Cl Stock    2   135"
"Cl Stock    2   139"	"*"	"Cl Stock    2   139"
"Cl Stock    2   146"	"*"	"Cl Stock    2   146"
"Cl Stock    2   147"	"*"	"Cl Stock    2   147"
"Cl Stock    2   150"	"*"	"Cl Stock    2   150"
"Cl Stock    2     1"	"Pu*"	"Cl Stock    2     1"
"Cl Stock    2     2"	"*"	"Cl Stock    2     2"
"Cl Stock    2     3"	"*"	"Cl Stock    2     3"
"Cl Stock    2     8"	"*"	"Cl Stock    2     8"
"Cl Stock    2    13"	"*"	"Cl Stock    2    13"
"Cl Stock    2    16"	"*"	"Cl Stock    2    16"
"Cl Stock    2    17"	"*"	"Cl Stock    2    17"
"Cl Stock    2    23"	"*"	"Cl Stock    2    23"
"Cl Stock    2    24"	"*"	"Cl Stock    2    24"
"Cl Stock    2    26"	"*"	"Cl Stock    2    26"
"Cl Stock    2    30"	"*"	"Cl Stock    2    30"
"Cl Stock    2    21"	"*"	"Cl Stock    2    21"
"Cl Stock    2    28"	"*"	"Cl Stock    2    28"
"Cl Stock    2    31"	"*"	"Cl Stock    2    31"
"Cl Stock    2    34"	"*"	"Cl Stock    2    34"
"Cl Stock    2    36"	"*"	"Cl Stock    2    36"
"Cl Stock    2    43"	"*"	"Cl Stock    2    43"
"Cl Stock    2    45"	"*"	"Cl Stock    2    45"
"Cl Stock    2    46"	"*"	"Cl Stock    2    46"
"Cl Stock    2    49"	"*"	"Cl Stock    2    49"
"Cl Stock    2    53"	"*"	"Cl Stock    2    53"
"Cl Stock    2    56"	"*"	"Cl Stock    2    56"
"Cl Stock    2    57"	"*"	"Cl Stock    2    57"
"Cl Stock    2    60"	"*"	"Cl Stock    2    60"
"Cl Stock    2    58"	"*"	"Cl Stock    2    58"
"Cl Stock    2    65"	"*"	"Cl Stock    2    65"
"Cl Stock    2    68"	"*"	"Cl Stock    2    68"
"Cl Stock    2    72"	"*"	"Cl Stock    2    72"
"Cl Stock    2    74"	"*"	"Cl Stock    2    74"
"Cl Stock    2    73"	"*"	"Cl Stock    2    73"
"Cl Stock    2    75"	"*"	"Cl Stock    2    75"
"Cl Stock    2    80"	"*"	"Cl Stock    2    80"
"Cl Stock    2    81"	"Pu*"	"Cl Stock    2    81"
"Cl Stock    2    83"	"*"	"Cl Stock    2    83"
"Cl Stock    2    84"	"*"	"Cl Stock    2    84"
"Cl Stock    2    82 A"	"*"	"Cl Stock    2    82 A"
"Cl Stock    2    82"	"*"	"Cl Stock    2    82"
"Cl Stock    2    89 A"	"*"	"Cl Stock    2    89 A"
"Cl Stock    2    89"	"*"	"Cl Stock    2    89"
"Cl Stock    2    92"	"*"	"Cl Stock    2    92"
"Cl Stock    2    94"	"*"	"Cl Stock    2    94"
"Cl Stock    2    93"	"PM*"	"Cl Stock    2    93"
"Cl Stock    2    96"	"**"	"Cl Stock    2    96"
"Cl Stock    2    95"	"*"	"Cl Stock    2    95"
"Cl Stock    2   100"	"EB*"	"Cl Stock    2   100"
"Cl Stock    2   101"	"*"	"Cl Stock    2   101"
"Cl Stock    2   110"	"*"	"Cl Stock    2   110"
"Cl Stock    2   116"	"*"	"Cl Stock    2   116"
"Cl Stock    2   120"	"SB*"	"Cl Stock    2   120"
"Cl Stock    2   121"	"*"	"Cl Stock    2   121"
"Cl Stock    2   123"	"*"	"Cl Stock    2   123"
"Cl Stock    2   122"	"*"	"Cl Stock    2   122"
"Cl Stock    2   124"	"*"	"Cl Stock    2   124"
"Cl Stock    2   125"	"*"	"Cl Stock    2   125"
"Cl Stock    2   129"	"*"	"Cl Stock    2   129"
"Cl Stock    2   130"	"**"	"Cl Stock    2   130"
"Cl Stock    2   139 A"	"Em*"	"Cl Stock    2   139 A"
"Cl Stock    2   137"	"*"	"Cl Stock    2   137"
"Cl Stock    2   140"	"*"	"Cl Stock    2   140"
"Cl Stock    2   138"	"*"	"Cl Stock    2   138"
"Cl Stock    2   141"	"*"	"Cl Stock    2   141"
"Cl Stock    2   142"	"*"	"Cl Stock    2   142"
"Cl Stock    2   144"	"*"	"Cl Stock    2   144"
"Cl Stock    2   145"	"*"	"Cl Stock    2   145"
"Cl Stock    2   148"	"Pu*"	"Cl Stock    2   148"
"Cl Stock    2   149"	"*"	"Cl Stock    2   149"
"Cl Stock    2   151"	"*"	"Cl Stock    2   151"
"Cl Stock    2   153"	"*"	"Cl Stock    2   153"
"Cl Stock    2   156"	"*"	"Cl Stock    2   156"
"Cl Stock    2   158"	"*"	"Cl Stock    2   158"
"Cl Stock    2   159"	"*"	"Cl Stock    2   159"
"Cl Stock    2   160"	"*"	"Cl Stock    2   160"
"Cl Stock    2   165"	"*"	"Cl Stock    2   165"
"Cl Stock    2   167"	"*"	"Cl Stock    2   167"
"Cl Stock    2   168"	"*"	"Cl Stock    2   168"
"Cl Stock    2   152"	"PM*"	"Cl Stock    2   152"
"Cl Stock    2   154"	"*"	"Cl Stock    2   154"
"Cl Stock    2   155"	"*"	"Cl Stock    2   155"
"Cl Stock    2   157"	"*"	"Cl Stock    2   157"
"Cl Stock    2   162"	"*"	"Cl Stock    2   162"
"Cl Stock    2   163"	"*"	"Cl Stock    2   163"
"Cl Stock    2   164"	"*"	"Cl Stock    2   164"
"Cl Stock    2   166"	"*"	"Cl Stock    2   166"
"Cl Stock    2"	"OpC"	"Cl Stock    2"
"Cl Stock    2   136"	"EB*"	"Cl Stock    2   136"
"Cl Stock    2    66"	"Be*"	"Cl Stock    2    66"
"Cl Melotte   13"	"OpC"	"Cl Collinder   24"
"Cl Collinder   24"	"OpC"	"Cl Collinder   24"
"Cl Melotte   13"	"OpC"	"NAME h Per Cluster"
"Cl Collinder   24"	"OpC"	"NAME h Per Cluster"
"Cl Melotte   13"	"OpC"	"NAME h Persei Cluster"
"Cl Collinder   24"	"OpC"	"NAME h Persei Cluster"
"Cl Melotte   13"	"OpC"	"NGC   869"
"Cl Collinder   24"	"OpC"	"NGC   869"
"Cl Melotte   13"	"OpC"	"Cl Melotte   13"
"Cl Collinder   24"	"OpC"	"Cl Melotte   13"
"Cl Melotte   14"	"OpC"	"NGC   884"
"Cl Collinder   25"	"OpC"	"NGC   884"
"Cl Melotte   14"	"OpC"	"Cl Melotte   14"
"Cl Collinder   25"	"OpC"	"Cl Melotte   14"
"Cl Melotte   14"	"OpC"	"NAME khi Per Cluster"
"Cl Collinder   25"	"OpC"	"NAME khi Per Cluster"
"Cl Melotte   14"	"OpC"	"NAME chi Persei Cluster"
"Cl Collinder   25"	"OpC"	"NAME chi Persei Cluster"
"Cl Melotte   14"	"OpC"	"NAME chi Per Cluster"
"Cl Collinder   25"	"OpC"	"NAME chi Per Cluster"
"Cl Melotte   14"	"OpC"	"Cl Collinder   25"
"Cl Collinder   25"	"OpC"	"Cl Collinder   25"
"Cl Trumpler    2    30"	"*"	"Cl Trumpler    2    30"
"Cl Trumpler    2    10"	"*"	"Cl Trumpler    2    10"
"Cl Trumpler    2     3"	"*"	"Cl Trumpler    2     3"
"Cl Trumpler    2    20"	"*"	"Cl Trumpler    2    20"
"Cl Trumpler    2     4"	"*"	"Cl Trumpler    2     4"
"Cl Trumpler    2    14"	"*"	"Cl Trumpler    2    14"
"Cl Trumpler    2    31"	"*"	"Cl Trumpler    2    31"
"Cl Trumpler    2     1"	"*"	"Cl Trumpler    2     1"
"Cl Trumpler    2     8"	"Em*"	"Cl Trumpler    2     8"
"Cl Trumpler    2     6"	"*"	"Cl Trumpler    2     6"
"Cl Trumpler    2    11"	"**"	"Cl Trumpler    2    11"
"Cl Trumpler    2    19"	"*"	"Cl Trumpler    2    19"
"Cl Trumpler    2    24"	"*"	"Cl Trumpler    2    24"
"Cl Trumpler    2    28"	"*"	"Cl Trumpler    2    28"
"Cl Trumpler    2    21"	"*"	"Cl Trumpler    2    21"
"Cl Trumpler    2    16"	"*"	"Cl Trumpler    2    16"
"Cl Trumpler    2    18"	"*"	"Cl Trumpler    2    18"
"Cl Trumpler    2    13"	"*"	"Cl Trumpler    2    13"
"Cl Trumpler    2    22"	"*"	"Cl Trumpler    2    22"
"Cl Trumpler    2    26"	"*"	"Cl Trumpler    2    26"
"Cl Trumpler    2    27"	"*"	"Cl Trumpler    2    27"
"Cl Trumpler    2    17"	"*"	"Cl Trumpler    2    17"
"Cl Trumpler    2    23"	"*"	"Cl Trumpler    2    23"
"Cl Trumpler    2     2"	"SB*"	"Cl Trumpler    2     2"
"Cl Trumpler    2    25"	"*"	"Cl Trumpler    2    25"
"Cl Trumpler    2     5"	"*"	"Cl Trumpler    2     5"
"Cl Trumpler    2     9"	"*"	"Cl Trumpler    2     9"
"Cl Trumpler    2    12"	"*"	"Cl Trumpler    2    12"
"Cl Trumpler    2     7"	"*"	"Cl Trumpler    2     7"
"Cl Trumpler    2"	"OpC"	"Cl Trumpler    2"
"Cl Melotte   20   177"	"*"	"Cl Melotte   20   177"
"Cl Melotte   20   226"	"PM*"	"Cl Melotte   20   226"
"Cl Melotte   20   259"	"*"	"Cl Melotte   20   259"
"Cl Melotte   20   182"	"*"	"Cl Melotte   20   182"
"Cl Melotte   20   284"	"*"	"Cl Melotte   20   284"
"Cl Melotte   20   145"	"*"	"Cl Melotte   20   145"
"Cl Melotte   20   274"	"*"	"Cl Melotte   20   274"
"Cl Melotte   20   311"	"PM*"	"Cl Melotte   20   311"
"Cl Melotte   20   358"	"*"	"Cl Melotte   20   358"
"Cl Melotte   20    67"	"*"	"Cl Melotte   20    67"
"Cl Melotte   20   115"	"*"	"Cl Melotte   20   115"
"Cl Melotte   20   267"	"*"	"Cl Melotte   20   267"
"Cl Melotte   20   166"	"*"	"Cl Melotte   20   166"
"Cl Melotte   20   103"	"**"	"Cl Melotte   20   103"
"Cl Melotte   20   181"	"*"	"Cl Melotte   20   181"
"Cl Melotte   20   300"	"*"	"Cl Melotte   20   300"
"Cl Melotte   20   302"	"*"	"Cl Melotte   20   302"
"Cl Melotte   20   324"	"**"	"Cl Melotte   20   324"
"Cl Melotte   20   283"	"*"	"Cl Melotte   20   283"
"Cl Melotte   20   295"	"**"	"Cl Melotte   20   295"
"Cl Melotte   20   308"	"*"	"Cl Melotte   20   308"
"Cl Melotte   20   333"	"*"	"Cl Melotte   20   333"
"Cl Melotte   20   342"	"*"	"Cl Melotte   20   342"
"Cl Melotte   20   379"	"*"	"Cl Melotte   20   379"
"Cl Melotte   20   588"	"Y*O"	"Cl Melotte   20   588"
"Cl Melotte   20   496"	"*"	"Cl Melotte   20   496"
"Cl Melotte   20   303"	"*"	"Cl Melotte   20   303"
"Cl Melotte   20   316"	"Pe*"	"Cl Melotte   20   316"
"Cl Melotte   20   348"	"*"	"Cl Melotte   20   348"
"Cl Melotte   20   353"	"*"	"Cl Melotte   20   353"
"Cl Melotte   20   452"	"*"	"Cl Melotte   20   452"
"Cl Melotte   20   466"	"*"	"Cl Melotte   20   466"
"Cl Melotte   20   500"	"*"	"Cl Melotte   20   500"
"Cl Melotte   20   583"	"PM*"	"Cl Melotte   20   583"
"Cl Melotte   20   601"	"Y*O"	"Cl Melotte   20   601"
"Cl Melotte   20   602"	"Em*"	"Cl Melotte   20   602"
"Cl Melotte   20   635"	"SB*"	"Cl Melotte   20   635"
"Cl Melotte   20   638"	"*"	"Cl Melotte   20   638"
"Cl Melotte   20   644"	"*"	"Cl Melotte   20   644"
"Cl Melotte   20   654"	"*"	"Cl Melotte   20   654"
"Cl Melotte   20   662"	"PM*"	"Cl Melotte   20   662"
"Cl Melotte   20   679"	"*"	"Cl Melotte   20   679"
"Cl Melotte   20   682"	"*"	"Cl Melotte   20   682"
"Cl Melotte   20   556"	"*"	"Cl Melotte   20   556"
"Cl Melotte   20   646"	"*"	"Cl Melotte   20   646"
"Cl Melotte   20   693"	"*"	"Cl Melotte   20   693"
"Cl Melotte   20   707"	"*"	"Cl Melotte   20   707"
"Cl Melotte   20   709"	"Y*O"	"Cl Melotte   20   709"
"Cl Melotte   20   767"	"*"	"Cl Melotte   20   767"
"Cl Melotte   20   407"	"SB*"	"Cl Melotte   20   407"
"Cl Melotte   20   416"	"**"	"Cl Melotte   20   416"
"Cl Melotte   20   605"	"V*"	"NAME Mirfak"
"Cl Melotte   20   605"	"V*"	"Cl Melotte   20   605"
"Cl Melotte   20   615"	"SB*"	"Cl Melotte   20   615"
"Cl Melotte   20   450"	"*"	"Cl Melotte   20   450"
"Cl Melotte   20   478"	"*"	"Cl Melotte   20   478"
"Cl Melotte   20   522"	"*"	"Cl Melotte   20   522"
"Cl Melotte   20   521"	"**"	"Cl Melotte   20   521"
"Cl Melotte   20   575"	"*"	"Cl Melotte   20   575"
"Cl Melotte   20   595"	"*"	"Cl Melotte   20   595"
"Cl Melotte   20   441"	"*"	"Cl Melotte   20   441"
"Cl Melotte   20   463"	"SB*"	"Cl Melotte   20   463"
"Cl Melotte   20   486"	"Em*"	"Cl Melotte   20   486"
"Cl Melotte   20   506"	"*"	"Cl Melotte   20   506"
"Cl Melotte   20   574"	"*"	"Cl Melotte   20   574"
"Cl Melotte   20   672"	"PM*"	"Cl Melotte   20   672"
"Cl Melotte   20   674"	"PM*"	"Cl Melotte   20   674"
"Cl Melotte   20   598"	"*"	"Cl Melotte   20   598"
"Cl Melotte   20   609"	"*"	"Cl Melotte   20   609"
"Cl Melotte   20   633"	"*"	"Cl Melotte   20   633"
"Cl Melotte   20   550"	"*"	"Cl Melotte   20   550"
"Cl Melotte   20   655"	"*"	"Cl Melotte   20   655"
"Cl Melotte   20   704"	"SB*"	"Cl Melotte   20   704"
"Cl Melotte   20   703"	"*"	"Cl Melotte   20   703"
"Cl Melotte   20   708"	"*"	"Cl Melotte   20   708"
"Cl Melotte   20   732"	"*"	"Cl Melotte   20   732"
"Cl Melotte   20   746"	"*"	"Cl Melotte   20   746"
"Cl Melotte   20   769"	"*"	"Cl Melotte   20   769"
"Cl Melotte   20   870"	"*"	"Cl Melotte   20   870"
"Cl Melotte   20   887"	"Em*"	"Cl Melotte   20   887"
"Cl Melotte   20   942"	"Em*"	"Cl Melotte   20   942"
"Cl Melotte   20   962"	"*"	"Cl Melotte   20   962"
"Cl Melotte   20   977"	"*"	"Cl Melotte   20   977"
"Cl Melotte   20   972"	"*"	"Cl Melotte   20   972"
"Cl Melotte   20  1021"	"*"	"Cl Melotte   20  1021"
"Cl Melotte   20  1060"	"*"	"Cl Melotte   20  1060"
"Cl Melotte   20  1083"	"V*"	"Cl Melotte   20  1083"
"Cl Melotte   20   691"	"*"	"Cl Melotte   20   691"
"Cl Melotte   20   728"	"*"	"Cl Melotte   20   728"
"Cl Melotte   20   794"	"SB*"	"Cl Melotte   20   794"
"Cl Melotte   20   798"	"**"	"Cl Melotte   20   798"
"Cl Melotte   20   856"	"PM*"	"Cl Melotte   20   856"
"Cl Melotte   20   911"	"*"	"Cl Melotte   20   911"
"Cl Melotte   20   937"	"*"	"Cl Melotte   20   937"
"Cl Melotte   20  1043"	"PM*"	"Cl Melotte   20  1043"
"Cl Melotte   20  1050"	"Pe*"	"Cl Melotte   20  1050"
"Cl Melotte   20   946"	"*"	"Cl Melotte   20   946"
"Cl Melotte   20   779"	"**"	"Cl Melotte   20   779"
"Cl Melotte   20   845"	"*"	"Cl Melotte   20   845"
"Cl Melotte   20   899"	"*"	"Cl Melotte   20   899"
"Cl Melotte   20  1137"	"*"	"Cl Melotte   20  1137"
"Cl Melotte   20  1096"	"*"	"Cl Melotte   20  1096"
"Cl Melotte   20   851"	"*"	"Cl Melotte   20   851"
"Cl Melotte   20   992"	"SB*"	"Cl Melotte   20   992"
"Cl Melotte   20   780"	"*"	"Cl Melotte   20   780"
"Cl Melotte   20   810"	"*"	"Cl Melotte   20   810"
"Cl Melotte   20   854"	"**"	"Cl Melotte   20   854"
"Cl Melotte   20   852"	"*"	"Cl Melotte   20   852"
"Cl Melotte   20   877"	"*"	"Cl Melotte   20   877"
"Cl Melotte   20   683"	"*"	"Cl Melotte   20   683"
"Cl Melotte   20   736"	"Pu*"	"Cl Melotte   20   736"
"Cl Melotte   20   551"	"*"	"Cl Melotte   20   551"
"Cl Melotte   20   592"	"*"	"Cl Melotte   20   592"
"Cl Melotte   20   597"	"*"	"Cl Melotte   20   597"
"Cl Melotte   20   628"	"*"	"Cl Melotte   20   628"
"Cl Melotte   20   648"	"*"	"Cl Melotte   20   648"
"Cl Melotte   20   659"	"*"	"Cl Melotte   20   659"
"Cl Melotte   20   960"	"*"	"Cl Melotte   20   960"
"Cl Melotte   20  1045"	"*"	"Cl Melotte   20  1045"
"Cl Melotte   20  1086"	"*"	"Cl Melotte   20  1086"
"Cl Melotte   20   647"	"*"	"Cl Melotte   20   647"
"Cl Melotte   20   656"	"*"	"Cl Melotte   20   656"
"Cl Melotte   20   660"	"*"	"Cl Melotte   20   660"
"Cl Melotte   20   676"	"*"	"Cl Melotte   20   676"
"Cl Melotte   20   815"	"*"	"Cl Melotte   20   815"
"Cl Melotte   20   865"	"*"	"Cl Melotte   20   865"
"Cl Melotte   20   859"	"SB*"	"Cl Melotte   20   859"
"Cl Melotte   20   546"	"PM*"	"Cl Melotte   20   546"
"Cl Melotte   20   752"	"HB*"	"Cl Melotte   20   752"
"Cl Melotte   20   858"	"PM*"	"Cl Melotte   20   858"
"Cl Melotte   20   943"	"PM*"	"Cl Melotte   20   943"
"Cl Melotte   20   933"	"*"	"Cl Melotte   20   933"
"Cl Melotte   20   314"	"*"	"Cl Melotte   20   314"
"Cl Melotte   20   505"	"LP?"	"Cl Melotte   20   505"
"Cl Melotte   20   381"	"*"	"Cl Melotte   20   381"
"Cl Melotte   20   516"	"Pu*"	"Cl Melotte   20   516"
"Cl Melotte   20   663"	"*"	"Cl Melotte   20   663"
"Cl Melotte   20   757"	"*"	"Cl Melotte   20   757"
"Cl Melotte   20   993"	"*"	"Cl Melotte   20   993"
"Cl Melotte   20   978"	"*"	"Cl Melotte   20   978"
"Cl Melotte   20   929"	"*"	"Cl Melotte   20   929"
"Cl Melotte   20   916"	"*"	"Cl Melotte   20   916"
"Cl Melotte   20   800"	"*"	"Cl Melotte   20   800"
"Cl Melotte   20   982"	"*"	"Cl Melotte   20   982"
"Cl Melotte   20   630"	"Be*"	"Cl Melotte   20   630"
"Cl Melotte   20   748"	"*"	"Cl Melotte   20   748"
"Cl Melotte   20  1111"	"*"	"Cl Melotte   20  1111"
"Cl Melotte   20   443"	"PM*"	"Cl Melotte   20   443"
"Cl Melotte   20   512"	"*"	"Cl Melotte   20   512"
"Cl Melotte   20   498"	"*"	"Cl Melotte   20   498"
"Cl Melotte   20   460"	"*"	"Cl Melotte   20   460"
"Cl Melotte   20   456"	"*"	"Cl Melotte   20   456"
"Cl Melotte   20   515"	"*"	"Cl Melotte   20   515"
"Cl Melotte   20   445"	"*"	"Cl Melotte   20   445"
"Cl Melotte   20   426"	"*"	"Cl Melotte   20   426"
"Cl Melotte   20   837"	"SB*"	"Cl Melotte   20   837"
"Cl Melotte   20   677"	"bC?"	"Cl Melotte   20   677"
"Cl Melotte   20   754"	"*"	"Cl Melotte   20   754"
"Cl Melotte   20   893"	"*"	"Cl Melotte   20   893"
"Cl Melotte   20   892"	"*"	"Cl Melotte   20   892"
"Cl Melotte   20   820"	"*"	"Cl Melotte   20   820"
"Cl Melotte   20   926"	"*"	"Cl Melotte   20   926"
"Cl Melotte   20   961"	"*"	"Cl Melotte   20   961"
"Cl Melotte   20   569"	"*"	"Cl Melotte   20   569"
"Cl Melotte   20   559"	"EB*"	"Cl Melotte   20   559"
"Cl Melotte   20   980"	"*"	"Cl Melotte   20   980"
"Cl Melotte   20   593"	"EB*"	"Cl Melotte   20   593"
"Cl Melotte   20   652"	"*"	"Cl Melotte   20   652"
"Cl Melotte   20   778"	"*"	"Cl Melotte   20   778"
"Cl Melotte   20  1057"	"*"	"Cl Melotte   20  1057"
"Cl Melotte   20   771"	"*"	"Cl Melotte   20   771"
"Cl Melotte   20   936"	"*"	"Cl Melotte   20   936"
"Cl Melotte   20  1051"	"*"	"Cl Melotte   20  1051"
"Cl Melotte   20  1151"	"*"	"Cl Melotte   20  1151"
"Cl Melotte   20   494"	"*"	"Cl Melotte   20   494"
"Cl Melotte   20   508"	"*"	"Cl Melotte   20   508"
"Cl Melotte   20   525"	"*"	"Cl Melotte   20   525"
"Cl Melotte   20   529"	"*"	"Cl Melotte   20   529"
"Cl Melotte   20   538"	"*"	"Cl Melotte   20   538"
"Cl Melotte   20   571"	"*"	"Cl Melotte   20   571"
"Cl Melotte   20   414"	"*"	"Cl Melotte   20   414"
"Cl Melotte   20   649"	"*"	"Cl Melotte   20   649"
"Cl Melotte   20   989"	"*"	"Cl Melotte   20   989"
"Cl Melotte   20   242"	"SB*"	"Cl Melotte   20   242"
"Cl Melotte   20   252"	"*"	"Cl Melotte   20   252"
"Cl Melotte   20   253"	"*"	"Cl Melotte   20   253"
"Cl Melotte   20   278"	"*"	"Cl Melotte   20   278"
"Cl Melotte   20   279"	"*"	"Cl Melotte   20   279"
"Cl Melotte   20   281"	"*"	"Cl Melotte   20   281"
"Cl Melotte   20   390"	"SB*"	"Cl Melotte   20   390"
"Cl Melotte   20   398"	"*"	"Cl Melotte   20   398"
"Cl Melotte   20   434"	"*"	"Cl Melotte   20   434"
"Cl Melotte   20   437"	"*"	"Cl Melotte   20   437"
"Cl Melotte   20   495"	"*"	"Cl Melotte   20   495"
"Cl Melotte   20   524"	"*"	"Cl Melotte   20   524"
"Cl Melotte   20   536"	"*"	"Cl Melotte   20   536"
"Cl Melotte   20   543"	"*"	"Cl Melotte   20   543"
"Cl Melotte   20   591"	"*"	"Cl Melotte   20   591"
"Cl Melotte   20   594"	"*"	"Cl Melotte   20   594"
"Cl Melotte   20   599"	"*"	"Cl Melotte   20   599"
"Cl Melotte   20   603"	"*"	"Cl Melotte   20   603"
"Cl Melotte   20   613"	"*"	"Cl Melotte   20   613"
"Cl Melotte   20   618"	"*"	"Cl Melotte   20   618"
"Cl Melotte   20   624"	"*"	"Cl Melotte   20   624"
"Cl Melotte   20   636"	"*"	"Cl Melotte   20   636"
"Cl Melotte   20   640"	"*"	"Cl Melotte   20   640"
"Cl Melotte   20   653"	"*"	"Cl Melotte   20   653"
"Cl Melotte   20   685"	"*"	"Cl Melotte   20   685"
"Cl Melotte   20   687"	"Pe*"	"Cl Melotte   20   687"
"Cl Melotte   20   697"	"*"	"Cl Melotte   20   697"
"Cl Melotte   20   698"	"*"	"Cl Melotte   20   698"
"Cl Melotte   20   713"	"*"	"Cl Melotte   20   713"
"Cl Melotte   20   714"	"*"	"Cl Melotte   20   714"
"Cl Melotte   20   738"	"*"	"Cl Melotte   20   738"
"Cl Melotte   20   742"	"Pe*"	"Cl Melotte   20   742"
"Cl Melotte   20   758"	"*"	"Cl Melotte   20   758"
"Cl Melotte   20   759"	"*"	"Cl Melotte   20   759"
"Cl Melotte   20   770"	"*"	"Cl Melotte   20   770"
"Cl Melotte   20   791"	"*"	"Cl Melotte   20   791"
"Cl Melotte   20   818"	"Y*O"	"Cl Melotte   20   818"
"Cl Melotte   20   842"	"*"	"Cl Melotte   20   842"
"Cl Melotte   20   914"	"*"	"Cl Melotte   20   914"
"Cl Melotte   20   922"	"*"	"Cl Melotte   20   922"
"Cl Melotte   20   950"	"*"	"Cl Melotte   20   950"
"Cl Melotte   20  1031"	"*"	"Cl Melotte   20  1031"
"Cl Melotte   20  1035"	"*"	"Cl Melotte   20  1035"
"Cl Melotte   20   804"	"*"	"Cl Melotte   20   804"
"Cl Melotte   20   835"	"*"	"Cl Melotte   20   835"
"Cl Melotte   20   739"	"*"	"Cl Melotte   20   739"
"Cl Melotte   20   774"	"SB*"	"Cl Melotte   20   774"
"Cl Melotte   20   796"	"*"	"Cl Melotte   20   796"
"Cl Melotte   20   802"	"*"	"Cl Melotte   20   802"
"Cl Melotte   20   809"	"*"	"Cl Melotte   20   809"
"Cl Melotte   20   817"	"SB*"	"Cl Melotte   20   817"
"Cl Melotte   20   862"	"*"	"Cl Melotte   20   862"
"Cl Melotte   20   868"	"*"	"Cl Melotte   20   868"
"Cl Melotte   20   930"	"*"	"Cl Melotte   20   930"
"Cl Melotte   20   935"	"Y*O"	"Cl Melotte   20   935"
"Cl Melotte   20   934"	"EB*"	"Cl Melotte   20   934"
"Cl Melotte   20   941"	"*"	"Cl Melotte   20   941"
"Cl Melotte   20   952"	"SB*"	"Cl Melotte   20   952"
"Cl Melotte   20   956"	"*"	"Cl Melotte   20   956"
"Cl Melotte   20   965"	"*"	"Cl Melotte   20   965"
"Cl Melotte   20   968"	"Y*O"	"Cl Melotte   20   968"
"Cl Melotte   20   970"	"*"	"Cl Melotte   20   970"
"Cl Melotte   20  1082"	"*"	"Cl Melotte   20  1082"
"Cl Melotte   20  1084"	"*"	"Cl Melotte   20  1084"
"Cl Melotte   20  1145"	"*"	"Cl Melotte   20  1145"
"Cl Melotte   20  1154"	"EB*"	"Cl Melotte   20  1154"
"Cl Melotte   20  1004"	"*"	"Cl Melotte   20  1004"
"Cl Melotte   20  1075"	"*"	"Cl Melotte   20  1075"
"Cl Melotte   20   891"	"*"	"Cl Melotte   20   891"
"Cl Melotte   20  1146"	"*"	"Cl Melotte   20  1146"
"Cl Melotte   20  1225"	"**"	"Cl Melotte   20  1225"
"Cl Melotte   20   850"	"*"	"Cl Melotte   20   850"
"Cl Melotte   20  1181"	"*"	"Cl Melotte   20  1181"
"Cl Melotte   20  1256"	"*"	"Cl Melotte   20  1256"
"Cl Melotte   20   841"	"*"	"Cl Melotte   20   841"
"Cl Melotte   20  1164"	"Be*"	"Cl Melotte   20  1164"
"Cl Melotte   20   921"	"*"	"Cl Melotte   20   921"
"Cl Melotte   20   944"	"*"	"Cl Melotte   20   944"
"Cl Melotte   20   958"	"Pu*"	"Cl Melotte   20   958"
"Cl Melotte   20   976"	"*"	"Cl Melotte   20   976"
"Cl Melotte   20  1007"	"*"	"Cl Melotte   20  1007"
"Cl Melotte   20  1016"	"Pe*"	"Cl Melotte   20  1016"
"Cl Melotte   20  1039"	"*"	"Cl Melotte   20  1039"
"Cl Melotte   20  1121"	"PM*"	"Cl Melotte   20  1121"
"Cl Melotte   20  1152"	"*"	"Cl Melotte   20  1152"
"Cl Melotte   20  1183"	"*"	"Cl Melotte   20  1183"
"Cl Melotte   20  1187"	"SB*"	"Cl Melotte   20  1187"
"Cl Melotte   20  1206"	"Em*"	"Cl Melotte   20  1206"
"Cl Melotte   20  1224"	"*"	"Cl Melotte   20  1224"
"Cl Melotte   20  1292"	"PM*"	"Cl Melotte   20  1292"
"Cl Melotte   20  1319"	"*"	"Cl Melotte   20  1319"
"Cl Melotte   20  1344"	"*"	"Cl Melotte   20  1344"
"Cl Melotte   20  1358"	"*"	"Cl Melotte   20  1358"
"Cl Melotte   20  1354"	"*"	"Cl Melotte   20  1354"
"Cl Melotte   20  1356"	"*"	"Cl Melotte   20  1356"
"Cl Melotte   20   928"	"*"	"Cl Melotte   20   928"
"Cl Melotte   20   954"	"*"	"Cl Melotte   20   954"
"Cl Melotte   20  1014"	"*"	"Cl Melotte   20  1014"
"Cl Melotte   20  1087"	"*"	"Cl Melotte   20  1087"
"Cl Melotte   20  1106"	"*"	"Cl Melotte   20  1106"
"Cl Melotte   20  1150"	"PM*"	"Cl Melotte   20  1150"
"Cl Melotte   20  1189"	"*"	"Cl Melotte   20  1189"
"Cl Melotte   20  1203"	"*"	"Cl Melotte   20  1203"
"Cl Melotte   20  1235"	"*"	"Cl Melotte   20  1235"
"Cl Melotte   20  1245"	"*"	"Cl Melotte   20  1245"
"Cl Melotte   20  1260"	"*"	"Cl Melotte   20  1260"
"Cl Melotte   20  1262"	"*"	"Cl Melotte   20  1262"
"Cl Melotte   20  1291"	"*"	"Cl Melotte   20  1291"
"Cl Melotte   20  1295"	"*"	"Cl Melotte   20  1295"
"Cl Melotte   20  1314"	"*"	"Cl Melotte   20  1314"
"Cl Melotte   20  1334"	"*"	"Cl Melotte   20  1334"
"Cl Melotte   20  1215"	"*"	"Cl Melotte   20  1215"
"Cl Melotte   20  1239"	"*"	"Cl Melotte   20  1239"
"Cl Melotte   20   918"	"EB*"	"Cl Melotte   20   918"
"Cl Melotte   20   874"	"*"	"Cl Melotte   20   874"
"Cl Melotte   20   991"	"*"	"Cl Melotte   20   991"
"Cl Melotte   20  1011"	"*"	"Cl Melotte   20  1011"
"Cl Melotte   20  1029"	"*"	"Cl Melotte   20  1029"
"Cl Melotte   20  1116"	"*"	"Cl Melotte   20  1116"
"Cl Melotte   20  1130"	"*"	"Cl Melotte   20  1130"
"Cl Melotte   20  1069"	"Pu*"	"Cl Melotte   20  1069"
"Cl Melotte   20  1135"	"*"	"Cl Melotte   20  1135"
"Cl Melotte   20  1172"	"*"	"Cl Melotte   20  1172"
"Cl Melotte   20  1186"	"*"	"Cl Melotte   20  1186"
"Cl Melotte   20  1036"	"*"	"Cl Melotte   20  1036"
"Cl Melotte   20  1101"	"*"	"Cl Melotte   20  1101"
"Cl Melotte   20  1294"	"*"	"Cl Melotte   20  1294"
"Cl Melotte   20  1162"	"*"	"Cl Melotte   20  1162"
"Cl Melotte   20  1185"	"SB*"	"Cl Melotte   20  1185"
"Cl Melotte   20  1300"	"*"	"Cl Melotte   20  1300"
"Cl Melotte   20  1375"	"*"	"Cl Melotte   20  1375"
"Cl Melotte   20  1110"	"*"	"Cl Melotte   20  1110"
"Cl Melotte   20  1160"	"*"	"Cl Melotte   20  1160"
"Cl Melotte   20  1180"	"*"	"Cl Melotte   20  1180"
"Cl Melotte   20  1196"	"*"	"Cl Melotte   20  1196"
"Cl Melotte   20  1208"	"EB*"	"Cl Melotte   20  1208"
"Cl Melotte   20  1315"	"*"	"Cl Melotte   20  1315"
"Cl Melotte   20  1143"	"BY*"	"Cl Melotte   20  1143"
"Cl Melotte   20   973"	"PM*"	"Cl Melotte   20   973"
"Cl Melotte   20  1085"	"**"	"Cl Melotte   20  1085"
"Cl Melotte   20  1370"	"*"	"Cl Melotte   20  1370"
"Cl Melotte   20   744"	"*"	"Cl Melotte   20   744"
"Cl Melotte   20   747"	"*"	"Cl Melotte   20   747"
"Cl Melotte   20   792"	"*"	"Cl Melotte   20   792"
"Cl Melotte   20   723"	"*"	"Cl Melotte   20   723"
"Cl Melotte   20   699"	"BY*"	"Cl Melotte   20   699"
"Cl Melotte   20  1066"	"*"	"Cl Melotte   20  1066"
"Cl Melotte   20  1214"	"*"	"Cl Melotte   20  1214"
"Cl Melotte   20   890"	"**"	"Cl Melotte   20   890"
"Cl Melotte   20   931"	"*"	"Cl Melotte   20   931"
"Cl Melotte   20  1190"	"*"	"Cl Melotte   20  1190"
"Cl Melotte   20   949"	"*"	"Cl Melotte   20   949"
"Cl Melotte   20  1028"	"*"	"Cl Melotte   20  1028"
"Cl Melotte   20  1299"	"*"	"Cl Melotte   20  1299"
"Cl Melotte   20  1201"	"*"	"Cl Melotte   20  1201"
"Cl Melotte   20  1280"	"*"	"Cl Melotte   20  1280"
"Cl Melotte   20  1367"	"*"	"Cl Melotte   20  1367"
"Cl Melotte   20  1064"	"*"	"Cl Melotte   20  1064"
"Cl Melotte   20  1283"	"*"	"Cl Melotte   20  1283"
"Cl Melotte   20  1273"	"*"	"Cl Melotte   20  1273"
"Cl Melotte   20  1304"	"*"	"Cl Melotte   20  1304"
"Cl Melotte   20  1282"	"*"	"Cl Melotte   20  1282"
"Cl Melotte   20  1352"	"*"	"Cl Melotte   20  1352"
"Cl Melotte   20  1254"	"*"	"Cl Melotte   20  1254"
"Cl Melotte   20  1108"	"*"	"Cl Melotte   20  1108"
"Cl Melotte   20  1241"	"SB*"	"Cl Melotte   20  1241"
"Cl Melotte   20  1134"	"*"	"Cl Melotte   20  1134"
"Cl Melotte   20  1157"	"*"	"Cl Melotte   20  1157"
"Cl Melotte   20  1133"	"*"	"Cl Melotte   20  1133"
"Cl Melotte   20  1267"	"*"	"Cl Melotte   20  1267"
"Cl Melotte   20  1238"	"*"	"Cl Melotte   20  1238"
"Cl Melotte   20  1293"	"*"	"Cl Melotte   20  1293"
"Cl Melotte   20  1318"	"*"	"Cl Melotte   20  1318"
"Cl Melotte   20  1221"	"*"	"Cl Melotte   20  1221"
"Cl Melotte   20  1302"	"*"	"Cl Melotte   20  1302"
"Cl Melotte   20  1288"	"*"	"Cl Melotte   20  1288"
"Cl Melotte   20  1330"	"*"	"Cl Melotte   20  1330"
"Cl Melotte   20  1312"	"*"	"Cl Melotte   20  1312"
"Cl Melotte   20  1228"	"*"	"Cl Melotte   20  1228"
"Cl Melotte   20  1213"	"**"	"Cl Melotte   20  1213"
"Cl Melotte   20   898"	"*"	"Cl Melotte   20   898"
"Cl Melotte   20   864"	"*"	"Cl Melotte   20   864"
"Cl Melotte   20   871"	"*"	"Cl Melotte   20   871"
"Cl Melotte   20  1040"	"*"	"Cl Melotte   20  1040"
"Cl Melotte   20   839"	"*"	"Cl Melotte   20   839"
"Cl Melotte   20  1024"	"*"	"Cl Melotte   20  1024"
"Cl Melotte   20  1017"	"Pu*"	"Cl Melotte   20  1017"
"Cl Melotte   20   907"	"*"	"Cl Melotte   20   907"
"Cl Melotte   20   924"	"*"	"Cl Melotte   20   924"
"Cl Melotte   20  1236"	"*"	"Cl Melotte   20  1236"
"Cl Melotte   20  1120"	"*"	"Cl Melotte   20  1120"
"Cl Melotte   20  1105"	"Pu*"	"Cl Melotte   20  1105"
"Cl Melotte   20  1365"	"SB*"	"Cl Melotte   20  1365"
"Cl Melotte   20  1115"	"*"	"Cl Melotte   20  1115"
"Cl Melotte   20  1250"	"*"	"Cl Melotte   20  1250"
"Cl Melotte   20  1342"	"SB*"	"Cl Melotte   20  1342"
"Cl Melotte   20  1141"	"SB*"	"Cl Melotte   20  1141"
"Cl Melotte   20  1324"	"EB*"	"Cl Melotte   20  1324"
"Cl Melotte   20  1195"	"*"	"Cl Melotte   20  1195"
"Cl Melotte   20  1306"	"*"	"Cl Melotte   20  1306"
"Cl Melotte   20  1336"	"*"	"Cl Melotte   20  1336"
"Cl Melotte   20  1103"	"*"	"Cl Melotte   20  1103"
"Cl Melotte   20  1205"	"*"	"Cl Melotte   20  1205"
"Cl Melotte   20  1125"	"*"	"Cl Melotte   20  1125"
"Cl Melotte   20  1305"	"*"	"Cl Melotte   20  1305"
"Cl Melotte   20  1222"	"*"	"Cl Melotte   20  1222"
"Cl Melotte   20  1355"	"*"	"Cl Melotte   20  1355"
"Cl Melotte   20  1248"	"*"	"Cl Melotte   20  1248"
"Cl Melotte   20  1169"	"SB*"	"Cl Melotte   20  1169"
"Cl Melotte   20  1335"	"*"	"Cl Melotte   20  1335"
"Cl Melotte   20  1285"	"*"	"Cl Melotte   20  1285"
"Cl Melotte   20  1270"	"*"	"Cl Melotte   20  1270"
"Cl Melotte   20  1327"	"*"	"Cl Melotte   20  1327"
"Cl Melotte   20  1366"	"*"	"Cl Melotte   20  1366"
"Cl Melotte   20  1303"	"*"	"Cl Melotte   20  1303"
"Cl Melotte   20  1379"	"*"	"Cl Melotte   20  1379"
"Cl Melotte   20  1161"	"*"	"Cl Melotte   20  1161"
"Cl Melotte   20  1122"	"*"	"Cl Melotte   20  1122"
"Cl Melotte   20  1243"	"*"	"Cl Melotte   20  1243"
"Cl Melotte   20  1338"	"*"	"Cl Melotte   20  1338"
"Cl Melotte   20  1095"	"*"	"Cl Melotte   20  1095"
"Cl Melotte   20  1223"	"SB*"	"Cl Melotte   20  1223"
"Cl Melotte   20  1173"	"*"	"Cl Melotte   20  1173"
"Cl Melotte   20  1118"	"*"	"Cl Melotte   20  1118"
"Cl Melotte   20  1308"	"*"	"Cl Melotte   20  1308"
"Cl Melotte   20  1364"	"*"	"Cl Melotte   20  1364"
"Cl Melotte   20  1074"	"*"	"Cl Melotte   20  1074"
"Cl Melotte   20   863"	"*"	"Cl Melotte   20   863"
"Cl Melotte   20  1176"	"PM*"	"Cl Melotte   20  1176"
"Cl Melotte   20  1177"	"*"	"Cl Melotte   20  1177"
"Cl Melotte   20  1207"	"*"	"Cl Melotte   20  1207"
"Cl Melotte   20  1211"	"*"	"Cl Melotte   20  1211"
"Cl Melotte   20   766"	"*"	"Cl Melotte   20   766"
"Cl Melotte   20  1068"	"*"	"Cl Melotte   20  1068"
"Cl Melotte   20  1088"	"*"	"Cl Melotte   20  1088"
"Cl Melotte   20  1092"	"*"	"Cl Melotte   20  1092"
"Cl Melotte   20  1149"	"*"	"Cl Melotte   20  1149"
"Cl Melotte   20  1253"	"SB*"	"Cl Melotte   20  1253"
"Cl Melotte   20  1261"	"*"	"Cl Melotte   20  1261"
"Cl Melotte   20  1268"	"*"	"Cl Melotte   20  1268"
"Cl Melotte   20  1323"	"*"	"Cl Melotte   20  1323"
"Cl Melotte   20  1348"	"*"	"Cl Melotte   20  1348"
"Cl Melotte   20  1360"	"*"	"Cl Melotte   20  1360"
"Cl Melotte   20   668"	"*"	"Cl Melotte   20   668"
"Cl Melotte   20   702"	"V*"	"Cl Melotte   20   702"
"Cl Melotte   20   724"	"*"	"Cl Melotte   20   724"
"Cl Melotte   20   763"	"*"	"Cl Melotte   20   763"
"Cl Melotte   20   764"	"*"	"Cl Melotte   20   764"
"Cl Melotte   20   765"	"*"	"Cl Melotte   20   765"
"Cl Melotte   20   777"	"*"	"Cl Melotte   20   777"
"Cl Melotte   20   786"	"*"	"Cl Melotte   20   786"
"Cl Melotte   20   805"	"*"	"Cl Melotte   20   805"
"Cl Melotte   20   812"	"*"	"Cl Melotte   20   812"
"Cl Melotte   20   821"	"*"	"Cl Melotte   20   821"
"Cl Melotte   20   824"	"*"	"Cl Melotte   20   824"
"Cl Melotte   20   838"	"*"	"Cl Melotte   20   838"
"Cl Melotte   20   843"	"*"	"Cl Melotte   20   843"
"Cl Melotte   20   846"	"Pe*"	"Cl Melotte   20   846"
"Cl Melotte   20   853"	"*"	"Cl Melotte   20   853"
"Cl Melotte   20   866"	"*"	"Cl Melotte   20   866"
"Cl Melotte   20   869"	"*"	"Cl Melotte   20   869"
"Cl Melotte   20   872"	"*"	"Cl Melotte   20   872"
"Cl Melotte   20   880"	"*"	"Cl Melotte   20   880"
"Cl Melotte   20   881"	"*"	"Cl Melotte   20   881"
"Cl Melotte   20   882"	"V*"	"Cl Melotte   20   882"
"Cl Melotte   20   889"	"*"	"Cl Melotte   20   889"
"Cl Melotte   20   894"	"*"	"Cl Melotte   20   894"
"Cl Melotte   20   895"	"*"	"Cl Melotte   20   895"
"Cl Melotte   20   902"	"*"	"Cl Melotte   20   902"
"Cl Melotte   20   909"	"*"	"Cl Melotte   20   909"
"Cl Melotte   20   912"	"*"	"Cl Melotte   20   912"
"Cl Melotte   20   927"	"**"	"Cl Melotte   20   927"
"Cl Melotte   20   939"	"*"	"Cl Melotte   20   939"
"Cl Melotte   20   951"	"*"	"Cl Melotte   20   951"
"Cl Melotte   20   963"	"*"	"Cl Melotte   20   963"
"Cl Melotte   20   969"	"*"	"Cl Melotte   20   969"
"Cl Melotte   20   986"	"*"	"Cl Melotte   20   986"
"Cl Melotte   20   994"	"*"	"Cl Melotte   20   994"
"Cl Melotte   20   995"	"*"	"Cl Melotte   20   995"
"Cl Melotte   20   996"	"*"	"Cl Melotte   20   996"
"Cl Melotte   20  1002"	"*"	"Cl Melotte   20  1002"
"Cl Melotte   20  1006"	"*"	"Cl Melotte   20  1006"
"Cl Melotte   20  1010"	"*"	"Cl Melotte   20  1010"
"Cl Melotte   20  1013"	"*"	"Cl Melotte   20  1013"
"Cl Melotte   20  1019"	"*"	"Cl Melotte   20  1019"
"Cl Melotte   20  1023"	"*"	"Cl Melotte   20  1023"
"Cl Melotte   20  1033"	"*"	"Cl Melotte   20  1033"
"Cl Melotte   20  1037"	"*"	"Cl Melotte   20  1037"
"Cl Melotte   20  1049"	"*"	"Cl Melotte   20  1049"
"Cl Melotte   20  1053"	"*"	"Cl Melotte   20  1053"
"Cl Melotte   20  1055"	"Pe*"	"Cl Melotte   20  1055"
"Cl Melotte   20  1058"	"SB*"	"Cl Melotte   20  1058"
"Cl Melotte   20  1059"	"*"	"Cl Melotte   20  1059"
"Cl Melotte   20  1067"	"Pe*"	"Cl Melotte   20  1067"
"Cl Melotte   20  1071"	"*"	"Cl Melotte   20  1071"
"Cl Melotte   20  1076"	"*"	"Cl Melotte   20  1076"
"Cl Melotte   20  1080"	"*"	"Cl Melotte   20  1080"
"Cl Melotte   20  1091"	"*"	"Cl Melotte   20  1091"
"Cl Melotte   20  1093"	"*"	"Cl Melotte   20  1093"
"Cl Melotte   20  1097"	"*"	"Cl Melotte   20  1097"
"Cl Melotte   20  1098"	"*"	"Cl Melotte   20  1098"
"Cl Melotte   20  1099"	"*"	"Cl Melotte   20  1099"
"Cl Melotte   20  1112"	"*"	"Cl Melotte   20  1112"
"Cl Melotte   20  1114"	"*"	"Cl Melotte   20  1114"
"Cl Melotte   20  1119"	"*"	"Cl Melotte   20  1119"
"Cl Melotte   20  1126"	"*"	"Cl Melotte   20  1126"
"Cl Melotte   20  1128"	"*"	"Cl Melotte   20  1128"
"Cl Melotte   20  1129"	"*"	"Cl Melotte   20  1129"
"Cl Melotte   20  1131"	"*"	"Cl Melotte   20  1131"
"Cl Melotte   20  1132"	"*"	"Cl Melotte   20  1132"
"Cl Melotte   20  1138"	"*"	"Cl Melotte   20  1138"
"Cl Melotte   20  1139"	"*"	"Cl Melotte   20  1139"
"Cl Melotte   20  1140"	"*"	"Cl Melotte   20  1140"
"Cl Melotte   20  1147"	"*"	"Cl Melotte   20  1147"
"Cl Melotte   20  1148"	"*"	"Cl Melotte   20  1148"
"Cl Melotte   20  1156"	"*"	"Cl Melotte   20  1156"
"Cl Melotte   20  1159"	"*"	"Cl Melotte   20  1159"
"Cl Melotte   20  1174"	"*"	"Cl Melotte   20  1174"
"Cl Melotte   20  1175"	"*"	"Cl Melotte   20  1175"
"Cl Melotte   20  1178"	"*"	"Cl Melotte   20  1178"
"Cl Melotte   20  1184"	"*"	"Cl Melotte   20  1184"
"Cl Melotte   20  1194"	"*"	"Cl Melotte   20  1194"
"Cl Melotte   20  1200"	"*"	"Cl Melotte   20  1200"
"Cl Melotte   20  1212"	"*"	"Cl Melotte   20  1212"
"Cl Melotte   20  1220"	"*"	"Cl Melotte   20  1220"
"Cl Melotte   20  1242"	"*"	"Cl Melotte   20  1242"
"Cl Melotte   20  1244"	"*"	"Cl Melotte   20  1244"
"Cl Melotte   20  1255"	"*"	"Cl Melotte   20  1255"
"Cl Melotte   20  1257"	"*"	"Cl Melotte   20  1257"
"Cl Melotte   20  1263"	"*"	"Cl Melotte   20  1263"
"Cl Melotte   20  1274"	"*"	"Cl Melotte   20  1274"
"Cl Melotte   20  1275"	"*"	"Cl Melotte   20  1275"
"Cl Melotte   20  1287"	"*"	"Cl Melotte   20  1287"
"Cl Melotte   20  1289"	"*"	"Cl Melotte   20  1289"
"Cl Melotte   20  1298"	"*"	"Cl Melotte   20  1298"
"Cl Melotte   20  1301"	"*"	"Cl Melotte   20  1301"
"Cl Melotte   20  1328"	"*"	"Cl Melotte   20  1328"
"Cl Melotte   20  1333"	"PM*"	"Cl Melotte   20  1333"
"Cl Melotte   20  1337"	"*"	"Cl Melotte   20  1337"
"Cl Melotte   20  1371"	"*"	"Cl Melotte   20  1371"
"Cl Melotte   20  1372"	"*"	"Cl Melotte   20  1372"
"Cl Melotte   20  1378"	"*"	"Cl Melotte   20  1378"
"Cl Melotte   20  1325"	"*"	"Cl Melotte   20  1325"
"Cl Melotte   20  1351"	"*"	"Cl Melotte   20  1351"
"Cl Melotte   20  1259"	"*"	"Cl Melotte   20  1259"
"Cl Melotte   20  1316"	"*"	"Cl Melotte   20  1316"
"Cl Melotte   20  1353"	"*"	"Cl Melotte   20  1353"
"Cl Melotte   20  1347"	"*"	"Cl Melotte   20  1347"
"Cl Melotte   20  1377"	"*"	"Cl Melotte   20  1377"
"Cl Melotte   20  1329"	"*"	"Cl Melotte   20  1329"
"Cl Melotte   20  1363"	"*"	"Cl Melotte   20  1363"
"Cl Melotte   20  1313"	"Pe*"	"Cl Melotte   20  1313"
"Cl Melotte   20  1297"	"*"	"Cl Melotte   20  1297"
"Cl Melotte   20  1317"	"SB*"	"Cl Melotte   20  1317"
"Cl Melotte   20  1357"	"*"	"Cl Melotte   20  1357"
"Cl Melotte   20  1278"	"*"	"Cl Melotte   20  1278"
"Cl Melotte   20  1246"	"**"	"Cl Melotte   20  1246"
"Cl Melotte   20  1272"	"*"	"Cl Melotte   20  1272"
"Cl Melotte   20  1310"	"*"	"Cl Melotte   20  1310"
"Cl Melotte   20  1320"	"*"	"Cl Melotte   20  1320"
"Cl Melotte   20  1331"	"*"	"Cl Melotte   20  1331"
"Cl Melotte   20  1359"	"*"	"Cl Melotte   20  1359"
"Cl Melotte   20  1376"	"*"	"Cl Melotte   20  1376"
"Cl Trumpler   37   601"	"*"	"Cl Trumpler   37   601"
"Cl Trumpler   37   292"	"*"	"Cl Trumpler   37   292"
"Cl Trumpler   37   274"	"*"	"Cl Trumpler   37   274"
"Cl Trumpler   37   286"	"*"	"Cl Trumpler   37   286"
"Cl Trumpler   37   606"	"*"	"Cl Trumpler   37   606"
"Cl Trumpler   37  1368"	"*"	"Cl Trumpler   37  1368"
"Cl Trumpler   37  1101"	"*"	"Cl Trumpler   37  1101"
"Cl Trumpler   37  1111"	"*"	"Cl Trumpler   37  1111"
"Cl Trumpler   37  1118"	"*"	"Cl Trumpler   37  1118"
"Cl Trumpler   37   804"	"*"	"Cl Trumpler   37   804"
"Cl Trumpler   37   810"	"*"	"Cl Trumpler   37   810"
"Cl Trumpler   37   818"	"PM*"	"Cl Trumpler   37   818"
"Cl Trumpler   37   819"	"**"	"Cl Trumpler   37   819"
"Cl Trumpler   37   835"	"*"	"Cl Trumpler   37   835"
"Cl Trumpler   37   836"	"*"	"Cl Trumpler   37   836"
"Cl Trumpler   37   547"	"*"	"Cl Trumpler   37   547"
"Cl Trumpler   37   550"	"*"	"Cl Trumpler   37   550"
"Cl Trumpler   37   554"	"SB*"	"Cl Trumpler   37   554"
"Cl Trumpler   37   565"	"SB*"	"Cl Trumpler   37   565"
"Cl Trumpler   37   281"	"SB*"	"Cl Trumpler   37   281"
"Cl Trumpler   37   577"	"*"	"Cl Trumpler   37   577"
"Cl Trumpler   37   580"	"*"	"Cl Trumpler   37   580"
"Cl Trumpler   37   582"	"PM*"	"Cl Trumpler   37   582"
"Cl Trumpler   37   288"	"**"	"Cl Trumpler   37   288"
"Cl Trumpler   37   595"	"*"	"Cl Trumpler   37   595"
"Cl Trumpler   37   599"	"*"	"Cl Trumpler   37   599"
"Cl Trumpler   37     1"	"*"	"Cl Trumpler   37     1"
"Cl Trumpler   37     8"	"*"	"Cl Trumpler   37     8"
"Cl Trumpler   37     7"	"*"	"Cl Trumpler   37     7"
"Cl Trumpler   37   246"	"*"	"Cl Trumpler   37   246"
"Cl Trumpler   37    11"	"PM*"	"Cl Trumpler   37    11"
"Cl Trumpler   37    15"	"*"	"Cl Trumpler   37    15"
"Cl Trumpler   37   269"	"*"	"Cl Trumpler   37   269"
"Cl Trumpler   37   545"	"*"	"Cl Trumpler   37   545"
"Cl Trumpler   37   822"	"*"	"Cl Trumpler   37   822"
"Cl Trumpler   37   583"	"*"	"Cl Trumpler   37   583"
"Cl Trumpler   37   263"	"*"	"Cl Trumpler   37   263"
"Cl Trumpler   37   589"	"*"	"Cl Trumpler   37   589"
"Cl Trumpler   37   259"	"*"	"Cl Trumpler   37   259"
"Cl Trumpler   37   841"	"*"	"Cl Trumpler   37   841"
"Cl Trumpler   37  1098"	"*"	"Cl Trumpler   37  1098"
"Cl Trumpler   37   813"	"*"	"Cl Trumpler   37   813"
"Cl Trumpler   37   833"	"*"	"Cl Trumpler   37   833"
"Cl Trumpler   37  1093"	"*"	"Cl Trumpler   37  1093"
"Cl Trumpler   37   268"	"*"	"Cl Trumpler   37   268"
"Cl Trumpler   37   863"	"*"	"Cl Trumpler   37   863"
"Cl Trumpler   37   815"	"*"	"Cl Trumpler   37   815"
"Cl Trumpler   37   270"	"*"	"Cl Trumpler   37   270"
"Cl Trumpler   37   820"	"*"	"Cl Trumpler   37   820"
"Cl Trumpler   37   600"	"gD*"	"Cl Trumpler   37   600"
"Cl Trumpler   37   255"	"*"	"Cl Trumpler   37   255"
"Cl Trumpler   37   832"	"SB*"	"Cl Trumpler   37   832"
"Cl Trumpler   37   260"	"*"	"Cl Trumpler   37   260"
"Cl Trumpler   37   290"	"*"	"Cl Trumpler   37   290"
"Cl Trumpler   37   564"	"*"	"Cl Trumpler   37   564"
"Cl Trumpler   37   575"	"*"	"Cl Trumpler   37   575"
"Cl Trumpler   37   546"	"*"	"Cl Trumpler   37   546"
"Cl Trumpler   37   849"	"*"	"Cl Trumpler   37   849"
"Cl Trumpler   37    10"	"*"	"Cl Trumpler   37    10"
"Cl Trumpler   37     4"	"*"	"Cl Trumpler   37     4"
"Cl Trumpler   37   242"	"SB*"	"Cl Trumpler   37   242"
"Cl Trumpler   37  1107"	"*"	"Cl Trumpler   37  1107"
"Cl Trumpler   37   555"	"*"	"Cl Trumpler   37   555"
"Cl Trumpler   37   570"	"*"	"Cl Trumpler   37   570"
"Cl Trumpler   37   248"	"*"	"Cl Trumpler   37   248"
"Cl Trumpler   37   807"	"*"	"Cl Trumpler   37   807"
"Cl Trumpler   37   834"	"*"	"Cl Trumpler   37   834"
"Cl Trumpler   37   241"	"*"	"Cl Trumpler   37   241"
"Cl Trumpler   37   574"	"*"	"Cl Trumpler   37   574"
"Cl Trumpler   37   846"	"*"	"Cl Trumpler   37   846"
"Cl Trumpler   37   596"	"*"	"Cl Trumpler   37   596"
"Cl Trumpler   37    12"	"*"	"Cl Trumpler   37    12"
"Cl Trumpler   37    17"	"*"	"Cl Trumpler   37    17"
"Cl Trumpler   37   817"	"*"	"Cl Trumpler   37   817"
"Cl Trumpler   37   594"	"*"	"Cl Trumpler   37   594"
"Cl Trumpler   37  1374"	"*"	"Cl Trumpler   37  1374"
"Cl Trumpler   37   276"	"*"	"Cl Trumpler   37   276"
"Cl Trumpler   37   560"	"*"	"Cl Trumpler   37   560"
"Cl Trumpler   37   806"	"*"	"Cl Trumpler   37   806"
"Cl Trumpler   37   847"	"*"	"Cl Trumpler   37   847"
"Cl Trumpler   37     5"	"*"	"Cl Trumpler   37     5"
"Cl Trumpler   37   811"	"*"	"Cl Trumpler   37   811"
"Cl Trumpler   37   245"	"*"	"Cl Trumpler   37   245"
"Cl Trumpler   37   824"	"*"	"Cl Trumpler   37   824"
"Cl Trumpler   37   558"	"*"	"Cl Trumpler   37   558"
"Cl Trumpler   37   563"	"*"	"Cl Trumpler   37   563"
"Cl Trumpler   37   562"	"*"	"Cl Trumpler   37   562"
"Cl Trumpler   37   828"	"*"	"Cl Trumpler   37   828"
"Cl Trumpler   37    16"	"*"	"Cl Trumpler   37    16"
"Cl Trumpler   37   573"	"*"	"Cl Trumpler   37   573"
"Cl Trumpler   37     6"	"*"	"Cl Trumpler   37     6"
"Cl Trumpler   37   549"	"*"	"Cl Trumpler   37   549"
"Cl Trumpler   37  1095"	"SB*"	"Cl Trumpler   37  1095"
"Cl Trumpler   37   569"	"*"	"Cl Trumpler   37   569"
"Cl Trumpler   37   812"	"*"	"Cl Trumpler   37   812"
"Cl Trumpler   37   584"	"*"	"Cl Trumpler   37   584"
"Cl Trumpler   37   254"	"*"	"Cl Trumpler   37   254"
"Cl Trumpler   37   830"	"*"	"Cl Trumpler   37   830"
"Cl Trumpler   37   845"	"*"	"Cl Trumpler   37   845"
"Cl Trumpler   37   566"	"*"	"Cl Trumpler   37   566"
"Cl Trumpler   37   588"	"*"	"Cl Trumpler   37   588"
"Cl Trumpler   37  1110"	"*"	"Cl Trumpler   37  1110"
"Cl Trumpler   37     2"	"*"	"Cl Trumpler   37     2"
"Cl Trumpler   37   258"	"*"	"Cl Trumpler   37   258"
"Cl Trumpler   37   239"	"*"	"Cl Trumpler   37   239"
"Cl Trumpler   37   576"	"*"	"Cl Trumpler   37   576"
"Cl Trumpler   37   837"	"PM*"	"Cl Trumpler   37   837"
"Cl Trumpler   37  1102"	"*"	"Cl Trumpler   37  1102"
"Cl Trumpler   37    18"	"*"	"Cl Trumpler   37    18"
"Cl Trumpler   37   556"	"*"	"Cl Trumpler   37   556"
"Cl Trumpler   37   604"	"*"	"Cl Trumpler   37   604"
"Cl Trumpler   37   809"	"*"	"Cl Trumpler   37   809"
"Cl Trumpler   37   821"	"gD*"	"Cl Trumpler   37   821"
"Cl Trumpler   37  1106"	"*"	"Cl Trumpler   37  1106"
"Cl Trumpler   37   586"	"*"	"Cl Trumpler   37   586"
"Cl Trumpler   37   805"	"SB*"	"Cl Trumpler   37   805"
"Cl Trumpler   37   553"	"*"	"Cl Trumpler   37   553"
"Cl Trumpler   37   843"	"*"	"Cl Trumpler   37   843"
"Cl Trumpler   37   282"	"*"	"Cl Trumpler   37   282"
"Cl Trumpler   37   285"	"*"	"Cl Trumpler   37   285"
"Cl Trumpler   37   839"	"*"	"Cl Trumpler   37   839"
"Cl Trumpler   37   280"	"*"	"Cl Trumpler   37   280"
"Cl Trumpler   37  1112"	"*"	"Cl Trumpler   37  1112"
"Cl Trumpler   37  1103"	"SB*"	"Cl Trumpler   37  1103"
"Cl Trumpler   37   244"	"*"	"Cl Trumpler   37   244"
"Cl Trumpler   37   567"	"*"	"Cl Trumpler   37   567"
"Cl Trumpler   37   552"	"*"	"Cl Trumpler   37   552"
"Cl Trumpler   37   283"	"*"	"Cl Trumpler   37   283"
"Cl Trumpler   37   256"	"*"	"Cl Trumpler   37   256"
"Cl Trumpler   37  1108"	"*"	"Cl Trumpler   37  1108"
"Cl Trumpler   37   257"	"*"	"Cl Trumpler   37   257"
"Cl Trumpler   37   267"	"*"	"Cl Trumpler   37   267"
"Cl Trumpler   37   853"	"*"	"Cl Trumpler   37   853"
"Cl Trumpler   37   827"	"*"	"Cl Trumpler   37   827"
"Cl Trumpler   37  1105"	"*"	"Cl Trumpler   37  1105"
"Cl Trumpler   37   262"	"*"	"Cl Trumpler   37   262"
"Cl Trumpler   37   585"	"*"	"Cl Trumpler   37   585"
"Cl Trumpler   37   823"	"*"	"Cl Trumpler   37   823"
"Cl Trumpler   37   284"	"*"	"Cl Trumpler   37   284"
"Cl Trumpler   37   271"	"*"	"Cl Trumpler   37   271"
"Cl Trumpler   37   279"	"*"	"Cl Trumpler   37   279"
"Cl Trumpler   37   240"	"SB*"	"Cl Trumpler   37   240"
"Cl Trumpler   37  1116"	"*"	"Cl Trumpler   37  1116"
"Cl Trumpler   37   591"	"*"	"Cl Trumpler   37   591"
"Cl Trumpler   37   590"	"*"	"Cl Trumpler   37   590"
"Cl Trumpler   37   602"	"*"	"Cl Trumpler   37   602"
"Cl Trumpler   37  1128"	"*"	"Cl Trumpler   37  1128"
"Cl Trumpler   37   251"	"*"	"Cl Trumpler   37   251"
"Cl Trumpler   37   261"	"*"	"Cl Trumpler   37   261"
"Cl Trumpler   37   548"	"*"	"Cl Trumpler   37   548"
"Cl Trumpler   37   561"	"*"	"Cl Trumpler   37   561"
"Cl Trumpler   37   249"	"*"	"Cl Trumpler   37   249"
"Cl Trumpler   37   838"	"*"	"Cl Trumpler   37   838"
"Cl Trumpler   37   273"	"*"	"Cl Trumpler   37   273"
"Cl Trumpler   37   275"	"*"	"Cl Trumpler   37   275"
"Cl Trumpler   37   250"	"*"	"Cl Trumpler   37   250"
"Cl Trumpler   37    14"	"*"	"Cl Trumpler   37    14"
"Cl Trumpler   37   597"	"*"	"Cl Trumpler   37   597"
"Cl Trumpler   37   272"	"*"	"Cl Trumpler   37   272"
"Cl Trumpler   37   243"	"*"	"Cl Trumpler   37   243"
"Cl Trumpler   37   544"	"*"	"Cl Trumpler   37   544"
"Cl Trumpler   37   253"	"*"	"Cl Trumpler   37   253"
"Cl Trumpler   37   814"	"*"	"Cl Trumpler   37   814"
"Cl Trumpler   37   844"	"*"	"Cl Trumpler   37   844"
"Cl Trumpler   37   264"	"*"	"Cl Trumpler   37   264"
"Cl Trumpler   37   803"	"SB*"	"Cl Trumpler   37   803"
"Cl Trumpler   37   856"	"*"	"Cl Trumpler   37   856"
"Cl Trumpler   37  1091"	"*"	"Cl Trumpler   37  1091"
"Cl Trumpler   37   802"	"*"	"Cl Trumpler   37   802"
"Cl Trumpler   37   826"	"*"	"Cl Trumpler   37   826"
"Cl Trumpler   37   551"	"*"	"Cl Trumpler   37   551"
"Cl Trumpler   37   842"	"*"	"Cl Trumpler   37   842"
"Cl Trumpler   37  1100"	"*"	"Cl Trumpler   37  1100"
"Cl Trumpler   37   559"	"*"	"Cl Trumpler   37   559"
"Cl Trumpler   37   568"	"*"	"Cl Trumpler   37   568"
"Cl Trumpler   37   265"	"*"	"Cl Trumpler   37   265"
"Cl Trumpler   37    19"	"*"	"Cl Trumpler   37    19"
"Cl Trumpler   37     9"	"*"	"Cl Trumpler   37     9"
"Cl Trumpler   37   571"	"*"	"Cl Trumpler   37   571"
"Cl Trumpler   37     3"	"*"	"Cl Trumpler   37     3"
"Cl Trumpler   37  1114"	"*"	"Cl Trumpler   37  1114"
"Cl Trumpler   37   831"	"*"	"Cl Trumpler   37   831"
"Cl Trumpler   37   247"	"*"	"Cl Trumpler   37   247"
"Cl Trumpler   37   578"	"*"	"Cl Trumpler   37   578"
"Cl Trumpler   37    20"	"*"	"Cl Trumpler   37    20"
"Cl Trumpler   37   592"	"*"	"Cl Trumpler   37   592"
"Cl Trumpler   37  1115"	"*"	"Cl Trumpler   37  1115"
"Cl Trumpler   37   603"	"*"	"Cl Trumpler   37   603"
"Cl Trumpler   37  1097"	"*"	"Cl Trumpler   37  1097"
"Cl Trumpler   37  1099"	"PM*"	"Cl Trumpler   37  1099"
"Cl Trumpler   37  1113"	"*"	"Cl Trumpler   37  1113"
"Cl Trumpler   37   808"	"*"	"Cl Trumpler   37   808"
"Cl Trumpler   37   557"	"*"	"Cl Trumpler   37   557"
"Cl Trumpler   37   252"	"*"	"Cl Trumpler   37   252"
"Cl Trumpler   37   266"	"SB*"	"Cl Trumpler   37   266"
"Cl Trumpler   37   277"	"*"	"Cl Trumpler   37   277"
"Cl Trumpler   37   278"	"PM*"	"Cl Trumpler   37   278"
"Cl Trumpler   37   816"	"*"	"Cl Trumpler   37   816"
"Cl Trumpler   37   825"	"*"	"Cl Trumpler   37   825"
"Cl Trumpler   37   829"	"*"	"Cl Trumpler   37   829"
"Cl Trumpler   37   850"	"*"	"Cl Trumpler   37   850"
"Cl Trumpler   37   572"	"*"	"Cl Trumpler   37   572"
"Cl Trumpler   37   587"	"*"	"Cl Trumpler   37   587"
"Cl Trumpler   37   593"	"*"	"Cl Trumpler   37   593"
"Cl Trumpler   37   801"	"*"	"Cl Trumpler   37   801"
"Cl Trumpler   37  1092"	"*"	"Cl Trumpler   37  1092"
"Cl Trumpler   37  1117"	"*"	"Cl Trumpler   37  1117"
"Cl Trumpler   37  1119"	"*"	"Cl Trumpler   37  1119"
"Cl Trumpler   37   840"	"*"	"Cl Trumpler   37   840"
"Cl Trumpler   37  1096"	"*"	"Cl Trumpler   37  1096"
"Cl Trumpler   37  1094"	"*"	"Cl Trumpler   37  1094"
"Cl Trumpler   37   579"	"EB*"	"Cl Trumpler   37   579"
"Cl Trumpler   37   930"	"*"	"Cl Trumpler   37   930"
"Cl Trumpler   37  1225"	"*"	"Cl Trumpler   37  1225"
"Cl Trumpler   37  1501"	"*"	"Cl Trumpler   37  1501"
"Cl Trumpler   37   643"	"Pu*"	"Cl Trumpler   37   643"
"Cl Trumpler   37   935"	"V*"	"Cl Trumpler   37   935"
"Cl Trumpler   37  1860"	"*"	"Cl Trumpler   37  1860"
"Cl Trumpler   37  1903"	"*"	"Cl Trumpler   37  1903"
"Cl Trumpler   37  1905"	"*"	"Cl Trumpler   37  1905"
"Cl Trumpler   37  1909"	"**"	"Cl Trumpler   37  1909"
"Cl Trumpler   37  1844"	"*"	"Cl Trumpler   37  1844"
"Cl Trumpler   37  1848"	"SB*"	"Cl Trumpler   37  1848"
"Cl Trumpler   37  1849"	"*"	"Cl Trumpler   37  1849"
"Cl Trumpler   37  1852"	"*"	"Cl Trumpler   37  1852"
"Cl Trumpler   37  1859"	"SB*"	"Cl Trumpler   37  1859"
"Cl Trumpler   37  1871"	"PM*"	"Cl Trumpler   37  1871"
"Cl Trumpler   37  1881"	"*"	"Cl Trumpler   37  1881"
"Cl Trumpler   37  1890"	"*"	"Cl Trumpler   37  1890"
"Cl Trumpler   37  1904"	"*"	"Cl Trumpler   37  1904"
"Cl Trumpler   37  1910"	"**"	"Cl Trumpler   37  1910"
"Cl Trumpler   37  1908"	"*"	"Cl Trumpler   37  1908"
"Cl Trumpler   37  1912"	"*"	"Cl Trumpler   37  1912"
"Cl Trumpler   37  1930"	"*"	"Cl Trumpler   37  1930"
"Cl Trumpler   37  1611"	"*"	"Cl Trumpler   37  1611"
"Cl Trumpler   37  1395"	"*"	"Cl Trumpler   37  1395"
"Cl Trumpler   37  1616"	"*"	"Cl Trumpler   37  1616"
"Cl Trumpler   37  1847"	"*"	"Cl Trumpler   37  1847"
"Cl Trumpler   37  1635"	"*"	"Cl Trumpler   37  1635"
"Cl Trumpler   37  1637"	"*"	"Cl Trumpler   37  1637"
"Cl Trumpler   37  1639"	"*"	"Cl Trumpler   37  1639"
"Cl Trumpler   37  1641"	"**"	"NAME PN Ou 4"
"Cl Trumpler   37  1641"	"**"	"Cl Trumpler   37  1641"
"Cl Trumpler   37  1642"	"*"	"Cl Trumpler   37  1642"
"Cl Trumpler   37  1420"	"*"	"Cl Trumpler   37  1420"
"Cl Trumpler   37  1651"	"s*r"	"Cl Trumpler   37  1651"
"Cl Trumpler   37  1661"	"Be*"	"Cl Trumpler   37  1661"
"Cl Trumpler   37  1445"	"*"	"Cl Trumpler   37  1445"
"Cl Trumpler   37  1675"	"*"	"Cl Trumpler   37  1675"
"Cl Trumpler   37  1676"	"*"	"Cl Trumpler   37  1676"
"Cl Trumpler   37  1680"	"*"	"Cl Trumpler   37  1680"
"Cl Trumpler   37  1451"	"*"	"Cl Trumpler   37  1451"
"Cl Trumpler   37  1685"	"*"	"Cl Trumpler   37  1685"
"Cl Trumpler   37  1689"	"*"	"Cl Trumpler   37  1689"
"Cl Trumpler   37  1697"	"*"	"Cl Trumpler   37  1697"
"Cl Trumpler   37  1709"	"*"	"Cl Trumpler   37  1709"
"Cl Trumpler   37  1713"	"*"	"Cl Trumpler   37  1713"
"Cl Trumpler   37  1718"	"*"	"Cl Trumpler   37  1718"
"Cl Trumpler   37  1731"	"*"	"Cl Trumpler   37  1731"
"Cl Trumpler   37  1733"	"**"	"Cl Trumpler   37  1733"
"Cl Trumpler   37  1740"	"**"	"Cl Trumpler   37  1740"
"Cl Trumpler   37  1741"	"LP*"	"Cl Trumpler   37  1741"
"Cl Trumpler   37  1389"	"*"	"Cl Trumpler   37  1389"
"Cl Trumpler   37  1131"	"**"	"Cl Trumpler   37  1131"
"Cl Trumpler   37  1142"	"SB*"	"Cl Trumpler   37  1142"
"Cl Trumpler   37  1412"	"*"	"Cl Trumpler   37  1412"
"Cl Trumpler   37  1147"	"*"	"Cl Trumpler   37  1147"
"Cl Trumpler   37   872"	"*"	"Cl Trumpler   37   872"
"Cl Trumpler   37  1157"	"*"	"Cl Trumpler   37  1157"
"Cl Trumpler   37   880"	"*"	"Cl Trumpler   37   880"
"Cl Trumpler   37  1164"	"cC*"	"Cl Trumpler   37  1164"
"Cl Trumpler   37   887"	"*"	"Cl Trumpler   37   887"
"Cl Trumpler   37   891"	"*"	"Cl Trumpler   37   891"
"Cl Trumpler   37  1444"	"*"	"Cl Trumpler   37  1444"
"Cl Trumpler   37  1200"	"*"	"Cl Trumpler   37  1200"
"Cl Trumpler   37   929"	"V*"	"Cl Trumpler   37   929"
"Cl Trumpler   37  1202"	"*"	"Cl Trumpler   37  1202"
"Cl Trumpler   37  1204"	"PM*"	"Cl Trumpler   37  1204"
"Cl Trumpler   37   934"	"V*"	"Cl Trumpler   37   934"
"Cl Trumpler   37   933"	"PM*"	"Cl Trumpler   37   933"
"Cl Trumpler   37  1209"	"PM*"	"Cl Trumpler   37  1209"
"Cl Trumpler   37  1211"	"*"	"Cl Trumpler   37  1211"
"Cl Trumpler   37  1220"	"*"	"Cl Trumpler   37  1220"
"Cl Trumpler   37  1474"	"*"	"Cl Trumpler   37  1474"
"Cl Trumpler   37  1475"	"*"	"Cl Trumpler   37  1475"
"Cl Trumpler   37  1230"	"Pu*"	"Cl Trumpler   37  1230"
"Cl Trumpler   37  1491"	"*"	"Cl Trumpler   37  1491"
"Cl Trumpler   37  1492"	"EB*"	"Cl Trumpler   37  1492"
"Cl Trumpler   37  1503"	"*"	"Cl Trumpler   37  1503"
"Cl Trumpler   37   881"	"*"	"Cl Trumpler   37   881"
"Cl Trumpler   37   900"	"*"	"Cl Trumpler   37   900"
"Cl Trumpler   37   909"	"Be*"	"Cl Trumpler   37   909"
"Cl Trumpler   37   909"	"Be*"	"VDB 140"
"Cl Trumpler   37   632"	"*"	"Cl Trumpler   37   632"
"Cl Trumpler   37   687"	"*"	"Cl Trumpler   37   687"
"Cl Trumpler   37  1640"	"*"	"Cl Trumpler   37  1640"
"Cl Trumpler   37  1906"	"*"	"Cl Trumpler   37  1906"
"Cl Trumpler   37  1648"	"*"	"Cl Trumpler   37  1648"
"Cl Trumpler   37  1427"	"*"	"Cl Trumpler   37  1427"
"Cl Trumpler   37  1851"	"SB*"	"Cl Trumpler   37  1851"
"Cl Trumpler   37  1656"	"*"	"Cl Trumpler   37  1656"
"Cl Trumpler   37  1667"	"*"	"Cl Trumpler   37  1667"
"Cl Trumpler   37  1163"	"*"	"Cl Trumpler   37  1163"
"Cl Trumpler   37  1623"	"*"	"Cl Trumpler   37  1623"
"Cl Trumpler   37  1650"	"*"	"Cl Trumpler   37  1650"
"Cl Trumpler   37  1482"	"V*"	"Cl Trumpler   37  1482"
"Cl Trumpler   37  1625"	"*"	"Cl Trumpler   37  1625"
"Cl Trumpler   37  1888"	"*"	"Cl Trumpler   37  1888"
"Cl Trumpler   37  1920"	"*"	"Cl Trumpler   37  1920"
"Cl Trumpler   37   885"	"*"	"Cl Trumpler   37   885"
"Cl Trumpler   37  1644"	"*"	"Cl Trumpler   37  1644"
"Cl Trumpler   37  1407"	"*"	"Cl Trumpler   37  1407"
"Cl Trumpler   37  1411"	"*"	"Cl Trumpler   37  1411"
"Cl Trumpler   37  1692"	"*"	"Cl Trumpler   37  1692"
"Cl Trumpler   37  1148"	"*"	"Cl Trumpler   37  1148"
"Cl Trumpler   37  1708"	"*"	"Cl Trumpler   37  1708"
"Cl Trumpler   37  1638"	"*"	"Cl Trumpler   37  1638"
"Cl Trumpler   37  1722"	"*"	"Cl Trumpler   37  1722"
"Cl Trumpler   37  1654"	"*"	"Cl Trumpler   37  1654"
"Cl Trumpler   37  1138"	"*"	"Cl Trumpler   37  1138"
"Cl Trumpler   37  1176"	"*"	"Cl Trumpler   37  1176"
"Cl Trumpler   37  1873"	"*"	"Cl Trumpler   37  1873"
"Cl Trumpler   37  1439"	"**"	"Cl Trumpler   37  1439"
"Cl Trumpler   37  1614"	"*"	"Cl Trumpler   37  1614"
"Cl Trumpler   37  1221"	"*"	"Cl Trumpler   37  1221"
"Cl Trumpler   37  1435"	"*"	"Cl Trumpler   37  1435"
"Cl Trumpler   37  1868"	"*"	"Cl Trumpler   37  1868"
"Cl Trumpler   37  1889"	"Pu*"	"Cl Trumpler   37  1889"
"Cl Trumpler   37  1712"	"*"	"Cl Trumpler   37  1712"
"Cl Trumpler   37   893"	"*"	"Cl Trumpler   37   893"
"Cl Trumpler   37  1416"	"Pu*"	"Cl Trumpler   37  1416"
"Cl Trumpler   37  1693"	"*"	"Cl Trumpler   37  1693"
"Cl Trumpler   37  1874"	"*"	"Cl Trumpler   37  1874"
"Cl Trumpler   37  1480"	"*"	"Cl Trumpler   37  1480"
"Cl Trumpler   37  1884"	"*"	"Cl Trumpler   37  1884"
"Cl Trumpler   37  1467"	"*"	"Cl Trumpler   37  1467"
"Cl Trumpler   37  1626"	"*"	"Cl Trumpler   37  1626"
"Cl Trumpler   37  1424"	"**"	"Cl Trumpler   37  1424"
"Cl Trumpler   37  1197"	"*"	"Cl Trumpler   37  1197"
"Cl Trumpler   37  1469"	"*"	"Cl Trumpler   37  1469"
"Cl Trumpler   37  1707"	"**"	"Cl Trumpler   37  1707"
"Cl Trumpler   37  1663"	"*"	"Cl Trumpler   37  1663"
"Cl Trumpler   37  1208"	"*"	"Cl Trumpler   37  1208"
"Cl Trumpler   37  1205"	"*"	"Cl Trumpler   37  1205"
"Cl Trumpler   37  1861"	"*"	"Cl Trumpler   37  1861"
"Cl Trumpler   37  1925"	"*"	"Cl Trumpler   37  1925"
"Cl Trumpler   37  1158"	"*"	"Cl Trumpler   37  1158"
"Cl Trumpler   37  1658"	"PM*"	"Cl Trumpler   37  1658"
"Cl Trumpler   37  1393"	"*"	"Cl Trumpler   37  1393"
"Cl Trumpler   37  1388"	"PM*"	"Cl Trumpler   37  1388"
"Cl Trumpler   37   915"	"*"	"Cl Trumpler   37   915"
"Cl Trumpler   37  1421"	"*"	"Cl Trumpler   37  1421"
"Cl Trumpler   37  1449"	"*"	"Cl Trumpler   37  1449"
"Cl Trumpler   37  1622"	"*"	"Cl Trumpler   37  1622"
"Cl Trumpler   37  1856"	"*"	"Cl Trumpler   37  1856"
"Cl Trumpler   37  1896"	"*"	"Cl Trumpler   37  1896"
"Cl Trumpler   37  1181"	"*"	"Cl Trumpler   37  1181"
"Cl Trumpler   37  1396"	"*"	"Cl Trumpler   37  1396"
"Cl Trumpler   37  1495"	"*"	"Cl Trumpler   37  1495"
"Cl Trumpler   37  1136"	"*"	"Cl Trumpler   37  1136"
"Cl Trumpler   37  1434"	"*"	"Cl Trumpler   37  1434"
"Cl Trumpler   37  1652"	"*"	"Cl Trumpler   37  1652"
"Cl Trumpler   37  1456"	"SB*"	"Cl Trumpler   37  1456"
"Cl Trumpler   37  1436"	"*"	"Cl Trumpler   37  1436"
"Cl Trumpler   37   894"	"*"	"Cl Trumpler   37   894"
"Cl Trumpler   37  1173"	"*"	"Cl Trumpler   37  1173"
"Cl Trumpler   37  1460"	"*"	"Cl Trumpler   37  1460"
"Cl Trumpler   37  1627"	"PM*"	"Cl Trumpler   37  1627"
"Cl Trumpler   37  1473"	"*"	"Cl Trumpler   37  1473"
"Cl Trumpler   37  1870"	"*"	"Cl Trumpler   37  1870"
"Cl Trumpler   37  1447"	"*"	"Cl Trumpler   37  1447"
"Cl Trumpler   37   906"	"*"	"Cl Trumpler   37   906"
"Cl Trumpler   37  1687"	"*"	"Cl Trumpler   37  1687"
"Cl Trumpler   37  1441"	"*"	"Cl Trumpler   37  1441"
"Cl Trumpler   37   877"	"*"	"Cl Trumpler   37   877"
"Cl Trumpler   37  1853"	"*"	"Cl Trumpler   37  1853"
"Cl Trumpler   37   904"	"*"	"Cl Trumpler   37   904"
"Cl Trumpler   37  1185"	"*"	"Cl Trumpler   37  1185"
"Cl Trumpler   37  1196"	"PM*"	"Cl Trumpler   37  1196"
"Cl Trumpler   37  1231"	"*"	"Cl Trumpler   37  1231"
"Cl Trumpler   37  1423"	"SB*"	"Cl Trumpler   37  1423"
"Cl Trumpler   37  1602"	"*"	"Cl Trumpler   37  1602"
"Cl Trumpler   37  1232"	"*"	"Cl Trumpler   37  1232"
"Cl Trumpler   37  1410"	"*"	"Cl Trumpler   37  1410"
"Cl Trumpler   37  1426"	"*"	"Cl Trumpler   37  1426"
"Cl Trumpler   37  1453"	"*"	"Cl Trumpler   37  1453"
"Cl Trumpler   37  1479"	"*"	"Cl Trumpler   37  1479"
"Cl Trumpler   37  1887"	"*"	"Cl Trumpler   37  1887"
"Cl Trumpler   37  1609"	"*"	"Cl Trumpler   37  1609"
"Cl Trumpler   37  1704"	"EB*"	"Cl Trumpler   37  1704"
"Cl Trumpler   37  1172"	"*"	"Cl Trumpler   37  1172"
"Cl Trumpler   37  1199"	"*"	"Cl Trumpler   37  1199"
"Cl Trumpler   37  1216"	"*"	"Cl Trumpler   37  1216"
"Cl Trumpler   37  1229"	"*"	"Cl Trumpler   37  1229"
"Cl Trumpler   37  1621"	"*"	"Cl Trumpler   37  1621"
"Cl Trumpler   37   940"	"SB*"	"Cl Trumpler   37   940"
"Cl Trumpler   37  1409"	"*"	"Cl Trumpler   37  1409"
"Cl Trumpler   37  1630"	"SB*"	"Cl Trumpler   37  1630"
"Cl Trumpler   37   633"	"*"	"Cl Trumpler   37   633"
"Cl Trumpler   37  1207"	"*"	"Cl Trumpler   37  1207"
"Cl Trumpler   37  1397"	"*"	"Cl Trumpler   37  1397"
"Cl Trumpler   37  1465"	"*"	"Cl Trumpler   37  1465"
"Cl Trumpler   37  1504"	"*"	"Cl Trumpler   37  1504"
"Cl Trumpler   37  1735"	"*"	"Cl Trumpler   37  1735"
"Cl Trumpler   37  1448"	"Pu*"	"Cl Trumpler   37  1448"
"Cl Trumpler   37  1695"	"*"	"Cl Trumpler   37  1695"
"Cl Trumpler   37  1446"	"*"	"Cl Trumpler   37  1446"
"Cl Trumpler   37  1872"	"*"	"Cl Trumpler   37  1872"
"Cl Trumpler   37   890"	"*"	"Cl Trumpler   37   890"
"Cl Trumpler   37  1934"	"PM*"	"Cl Trumpler   37  1934"
"Cl Trumpler   37  1472"	"*"	"Cl Trumpler   37  1472"
"Cl Trumpler   37  1487"	"*"	"Cl Trumpler   37  1487"
"Cl Trumpler   37   917"	"*"	"Cl Trumpler   37   917"
"Cl Trumpler   37   924"	"*"	"Cl Trumpler   37   924"
"Cl Trumpler   37  1681"	"*"	"Cl Trumpler   37  1681"
"Cl Trumpler   37  1405"	"*"	"Cl Trumpler   37  1405"
"Cl Trumpler   37  1606"	"*"	"Cl Trumpler   37  1606"
"Cl Trumpler   37  1649"	"*"	"Cl Trumpler   37  1649"
"Cl Trumpler   37  1915"	"*"	"Cl Trumpler   37  1915"
"Cl Trumpler   37  1938"	"EB*"	"Cl Trumpler   37  1938"
"Cl Trumpler   37   921"	"*"	"Cl Trumpler   37   921"
"Cl Trumpler   37  1484"	"Pu*"	"Cl Trumpler   37  1484"
"Cl Trumpler   37  1406"	"*"	"Cl Trumpler   37  1406"
"Cl Trumpler   37   907"	"*"	"Cl Trumpler   37   907"
"Cl Trumpler   37  1629"	"*"	"Cl Trumpler   37  1629"
"Cl Trumpler   37  1633"	"SB*"	"Cl Trumpler   37  1633"
"Cl Trumpler   37  1867"	"*"	"Cl Trumpler   37  1867"
"Cl Trumpler   37  1182"	"*"	"Cl Trumpler   37  1182"
"Cl Trumpler   37  1413"	"*"	"Cl Trumpler   37  1413"
"Cl Trumpler   37  1219"	"PM*"	"Cl Trumpler   37  1219"
"Cl Trumpler   37  1382"	"*"	"Cl Trumpler   37  1382"
"Cl Trumpler   37  1632"	"*"	"Cl Trumpler   37  1632"
"Cl Trumpler   37   902"	"*"	"Cl Trumpler   37   902"
"Cl Trumpler   37  1415"	"*"	"Cl Trumpler   37  1415"
"Cl Trumpler   37  1183"	"*"	"Cl Trumpler   37  1183"
"Cl Trumpler   37   918"	"*"	"Cl Trumpler   37   918"
"Cl Trumpler   37  1152"	"*"	"Cl Trumpler   37  1152"
"Cl Trumpler   37  1618"	"*"	"Cl Trumpler   37  1618"
"Cl Trumpler   37  1613"	"*"	"Cl Trumpler   37  1613"
"Cl Trumpler   37  1891"	"*"	"Cl Trumpler   37  1891"
"Cl Trumpler   37   925"	"*"	"Cl Trumpler   37   925"
"Cl Trumpler   37  1438"	"*"	"Cl Trumpler   37  1438"
"Cl Trumpler   37  1899"	"*"	"Cl Trumpler   37  1899"
"Cl Trumpler   37  1203"	"EB*"	"Cl Trumpler   37  1203"
"Cl Trumpler   37  1476"	"*"	"Cl Trumpler   37  1476"
"Cl Trumpler   37  1381"	"*"	"Cl Trumpler   37  1381"
"Cl Trumpler   37   922"	"*"	"Cl Trumpler   37   922"
"Cl Trumpler   37  1414"	"*"	"Cl Trumpler   37  1414"
"Cl Trumpler   37  1923"	"*"	"Cl Trumpler   37  1923"
"Cl Trumpler   37  1422"	"*"	"Cl Trumpler   37  1422"
"Cl Trumpler   37  1206"	"*"	"Cl Trumpler   37  1206"
"Cl Trumpler   37  1154"	"*"	"Cl Trumpler   37  1154"
"Cl Trumpler   37  1893"	"*"	"Cl Trumpler   37  1893"
"Cl Trumpler   37  1921"	"*"	"Cl Trumpler   37  1921"
"Cl Trumpler   37   914"	"*"	"Cl Trumpler   37   914"
"Cl Trumpler   37  1399"	"*"	"Cl Trumpler   37  1399"
"Cl Trumpler   37  1146"	"*"	"Cl Trumpler   37  1146"
"Cl Trumpler   37  1711"	"**"	"Cl Trumpler   37  1711"
"Cl Trumpler   37   896"	"*"	"Cl Trumpler   37   896"
"Cl Trumpler   37  1159"	"*"	"Cl Trumpler   37  1159"
"Cl Trumpler   37  1169"	"*"	"Cl Trumpler   37  1169"
"Cl Trumpler   37  1643"	"*"	"Cl Trumpler   37  1643"
"Cl Trumpler   37  1699"	"SB*"	"Cl Trumpler   37  1699"
"Cl Trumpler   37  1876"	"*"	"Cl Trumpler   37  1876"
"Cl Trumpler   37  1916"	"*"	"Cl Trumpler   37  1916"
"Cl Trumpler   37  1130"	"SB*"	"Cl Trumpler   37  1130"
"Cl Trumpler   37   897"	"*"	"Cl Trumpler   37   897"
"Cl Trumpler   37  1717"	"*"	"Cl Trumpler   37  1717"
"Cl Trumpler   37  1188"	"*"	"Cl Trumpler   37  1188"
"Cl Trumpler   37  1400"	"SB*"	"Cl Trumpler   37  1400"
"Cl Trumpler   37  1429"	"*"	"Cl Trumpler   37  1429"
"Cl Trumpler   37  1668"	"*"	"Cl Trumpler   37  1668"
"Cl Trumpler   37  1674"	"*"	"Cl Trumpler   37  1674"
"Cl Trumpler   37  1837"	"*"	"Cl Trumpler   37  1837"
"Cl Trumpler   37   910"	"*"	"Cl Trumpler   37   910"
"Cl Trumpler   37  1155"	"*"	"Cl Trumpler   37  1155"
"Cl Trumpler   37  1403"	"*"	"Cl Trumpler   37  1403"
"Cl Trumpler   37   901"	"PM*"	"Cl Trumpler   37   901"
"Cl Trumpler   37  1454"	"*"	"Cl Trumpler   37  1454"
"Cl Trumpler   37  1497"	"PM*"	"Cl Trumpler   37  1497"
"Cl Trumpler   37  1657"	"*"	"Cl Trumpler   37  1657"
"Cl Trumpler   37   618"	"*"	"Cl Trumpler   37   618"
"Cl Trumpler   37  1617"	"PM*"	"Cl Trumpler   37  1617"
"Cl Trumpler   37  1417"	"*"	"Cl Trumpler   37  1417"
"Cl Trumpler   37  1653"	"*"	"Cl Trumpler   37  1653"
"Cl Trumpler   37  1719"	"*"	"Cl Trumpler   37  1719"
"Cl Trumpler   37  1880"	"*"	"Cl Trumpler   37  1880"
"Cl Trumpler   37  1402"	"*"	"Cl Trumpler   37  1402"
"Cl Trumpler   37   927"	"*"	"Cl Trumpler   37   927"
"Cl Trumpler   37   892"	"*"	"Cl Trumpler   37   892"
"Cl Trumpler   37  1879"	"*"	"Cl Trumpler   37  1879"
"Cl Trumpler   37  1184"	"*"	"Cl Trumpler   37  1184"
"Cl Trumpler   37  1682"	"*"	"Cl Trumpler   37  1682"
"Cl Trumpler   37  1710"	"PM*"	"Cl Trumpler   37  1710"
"Cl Trumpler   37  1156"	"SB*"	"Cl Trumpler   37  1156"
"Cl Trumpler   37  1485"	"*"	"Cl Trumpler   37  1485"
"Cl Trumpler   37  1838"	"*"	"Cl Trumpler   37  1838"
"Cl Trumpler   37  1885"	"*"	"Cl Trumpler   37  1885"
"Cl Trumpler   37   888"	"*"	"Cl Trumpler   37   888"
"Cl Trumpler   37  1408"	"*"	"Cl Trumpler   37  1408"
"Cl Trumpler   37  1433"	"*"	"Cl Trumpler   37  1433"
"Cl Trumpler   37  1170"	"*"	"Cl Trumpler   37  1170"
"Cl Trumpler   37  1463"	"*"	"Cl Trumpler   37  1463"
"Cl Trumpler   37  1470"	"EB*"	"Cl Trumpler   37  1470"
"Cl Trumpler   37  1647"	"EB*"	"Cl Trumpler   37  1647"
"Cl Trumpler   37  1671"	"*"	"Cl Trumpler   37  1671"
"Cl Trumpler   37   883"	"*"	"Cl Trumpler   37   883"
"Cl Trumpler   37  1140"	"*"	"Cl Trumpler   37  1140"
"Cl Trumpler   37  1702"	"*"	"Cl Trumpler   37  1702"
"Cl Trumpler   37  1620"	"*"	"Cl Trumpler   37  1620"
"Cl Trumpler   37  1457"	"*"	"Cl Trumpler   37  1457"
"Cl Trumpler   37  1432"	"*"	"Cl Trumpler   37  1432"
"Cl Trumpler   37  1143"	"*"	"Cl Trumpler   37  1143"
"Cl Trumpler   37  1929"	"**"	"Cl Trumpler   37  1929"
"Cl Trumpler   37  1139"	"*"	"Cl Trumpler   37  1139"
"Cl Trumpler   37  1724"	"*"	"Cl Trumpler   37  1724"
"Cl Trumpler   37  1151"	"*"	"Cl Trumpler   37  1151"
"Cl Trumpler   37  1464"	"*"	"Cl Trumpler   37  1464"
"Cl Trumpler   37   903"	"*"	"Cl Trumpler   37   903"
"Cl Trumpler   37  1662"	"*"	"Cl Trumpler   37  1662"
"Cl Trumpler   37  1161"	"*"	"Cl Trumpler   37  1161"
"Cl Trumpler   37   898"	"*"	"Cl Trumpler   37   898"
"Cl Trumpler   37  1398"	"*"	"Cl Trumpler   37  1398"
"Cl Trumpler   37  1734"	"*"	"Cl Trumpler   37  1734"
"Cl Trumpler   37  1863"	"*"	"Cl Trumpler   37  1863"
"Cl Trumpler   37  1373"	"*"	"Cl Trumpler   37  1373"
"Cl Trumpler   37  1727"	"*"	"Cl Trumpler   37  1727"
"Cl Trumpler   37  1900"	"*"	"Cl Trumpler   37  1900"
"Cl Trumpler   37  1673"	"*"	"Cl Trumpler   37  1673"
"Cl Trumpler   37  1877"	"*"	"Cl Trumpler   37  1877"
"Cl Trumpler   37  1135"	"*"	"Cl Trumpler   37  1135"
"Cl Trumpler   37  1655"	"SB*"	"Cl Trumpler   37  1655"
"Cl Trumpler   37  1217"	"*"	"Cl Trumpler   37  1217"
"Cl Trumpler   37  1886"	"*"	"Cl Trumpler   37  1886"
"Cl Trumpler   37  1437"	"*"	"Cl Trumpler   37  1437"
"Cl Trumpler   37  1706"	"*"	"Cl Trumpler   37  1706"
"Cl Trumpler   37  1726"	"*"	"Cl Trumpler   37  1726"
"Cl Trumpler   37  1150"	"*"	"Cl Trumpler   37  1150"
"Cl Trumpler   37  1171"	"PM*"	"Cl Trumpler   37  1171"
"Cl Trumpler   37  1425"	"*"	"Cl Trumpler   37  1425"
"Cl Trumpler   37  1894"	"*"	"Cl Trumpler   37  1894"
"Cl Trumpler   37  1619"	"*"	"Cl Trumpler   37  1619"
"Cl Trumpler   37   908"	"*"	"Cl Trumpler   37   908"
"Cl Trumpler   37  1404"	"*"	"Cl Trumpler   37  1404"
"Cl Trumpler   37  1145"	"*"	"Cl Trumpler   37  1145"
"Cl Trumpler   37  1144"	"*"	"Cl Trumpler   37  1144"
"Cl Trumpler   37  1224"	"*"	"Cl Trumpler   37  1224"
"Cl Trumpler   37  1431"	"*"	"Cl Trumpler   37  1431"
"Cl Trumpler   37  1440"	"*"	"Cl Trumpler   37  1440"
"Cl Trumpler   37  1690"	"*"	"Cl Trumpler   37  1690"
"Cl Trumpler   37  1698"	"*"	"Cl Trumpler   37  1698"
"Cl Trumpler   37  1700"	"*"	"Cl Trumpler   37  1700"
"Cl Trumpler   37  1715"	"*"	"Cl Trumpler   37  1715"
"Cl Trumpler   37  1736"	"*"	"Cl Trumpler   37  1736"
"Cl Trumpler   37  1878"	"*"	"Cl Trumpler   37  1878"
"Cl Trumpler   37  1703"	"*"	"Cl Trumpler   37  1703"
"Cl Trumpler   37   882"	"*"	"Cl Trumpler   37   882"
"Cl Trumpler   37  1236"	"*"	"Cl Trumpler   37  1236"
"Cl Trumpler   37  1458"	"*"	"Cl Trumpler   37  1458"
"Cl Trumpler   37  1677"	"*"	"Cl Trumpler   37  1677"
"Cl Trumpler   37  1866"	"*"	"Cl Trumpler   37  1866"
"Cl Trumpler   37  1174"	"SB*"	"Cl Trumpler   37  1174"
"Cl Trumpler   37  1933"	"*"	"Cl Trumpler   37  1933"
"Cl Trumpler   37  1601"	"*"	"Cl Trumpler   37  1601"
"Cl Trumpler   37  1845"	"*"	"Cl Trumpler   37  1845"
"Cl Trumpler   37  1901"	"*"	"Cl Trumpler   37  1901"
"Cl Trumpler   37  1738"	"*"	"Cl Trumpler   37  1738"
"Cl Trumpler   37  1195"	"*"	"Cl Trumpler   37  1195"
"Cl Trumpler   37  1631"	"*"	"Cl Trumpler   37  1631"
"Cl Trumpler   37  1720"	"*"	"Cl Trumpler   37  1720"
"Cl Trumpler   37  1842"	"*"	"Cl Trumpler   37  1842"
"Cl Trumpler   37  1198"	"*"	"Cl Trumpler   37  1198"
"Cl Trumpler   37  1391"	"PM*"	"Cl Trumpler   37  1391"
"Cl Trumpler   37  1167"	"*"	"Cl Trumpler   37  1167"
"Cl Trumpler   37  1383"	"*"	"Cl Trumpler   37  1383"
"Cl Trumpler   37  1670"	"SB*"	"Cl Trumpler   37  1670"
"Cl Trumpler   37  1924"	"*"	"Cl Trumpler   37  1924"
"Cl Trumpler   37  1212"	"*"	"Cl Trumpler   37  1212"
"Cl Trumpler   37  1672"	"*"	"Cl Trumpler   37  1672"
"Cl Trumpler   37  1394"	"*"	"Cl Trumpler   37  1394"
"Cl Trumpler   37  1610"	"EB*"	"Cl Trumpler   37  1610"
"Cl Trumpler   37  1175"	"*"	"Cl Trumpler   37  1175"
"Cl Trumpler   37  1215"	"*"	"Cl Trumpler   37  1215"
"Cl Trumpler   37  1401"	"*"	"Cl Trumpler   37  1401"
"Cl Trumpler   37  1605"	"*"	"Cl Trumpler   37  1605"
"Cl Trumpler   37  1483"	"*"	"Cl Trumpler   37  1483"
"Cl Trumpler   37  1634"	"SB*"	"Cl Trumpler   37  1634"
"Cl Trumpler   37  1665"	"*"	"Cl Trumpler   37  1665"
"Cl Trumpler   37   913"	"*"	"Cl Trumpler   37   913"
"Cl Trumpler   37  1228"	"*"	"Cl Trumpler   37  1228"
"Cl Trumpler   37  1895"	"*"	"Cl Trumpler   37  1895"
"Cl Trumpler   37  1907"	"*"	"Cl Trumpler   37  1907"
"Cl Trumpler   37  1846"	"*"	"Cl Trumpler   37  1846"
"Cl Trumpler   37  1683"	"*"	"Cl Trumpler   37  1683"
"Cl Trumpler   37   919"	"*"	"Cl Trumpler   37   919"
"Cl Trumpler   37   912"	"*"	"Cl Trumpler   37   912"
"Cl Trumpler   37  1865"	"**"	"Cl Trumpler   37  1865"
"Cl Trumpler   37  1165"	"*"	"Cl Trumpler   37  1165"
"Cl Trumpler   37  1694"	"*"	"Cl Trumpler   37  1694"
"Cl Trumpler   37  1911"	"*"	"Cl Trumpler   37  1911"
"Cl Trumpler   37  1493"	"*"	"Cl Trumpler   37  1493"
"Cl Trumpler   37  1490"	"*"	"Cl Trumpler   37  1490"
"Cl Trumpler   37  1210"	"*"	"Cl Trumpler   37  1210"
"Cl Trumpler   37  1498"	"*"	"Cl Trumpler   37  1498"
"Cl Trumpler   37  1875"	"*"	"Cl Trumpler   37  1875"
"Cl Trumpler   37   905"	"*"	"Cl Trumpler   37   905"
"Cl Trumpler   37  1636"	"SB*"	"Cl Trumpler   37  1636"
"Cl Trumpler   37  1166"	"*"	"Cl Trumpler   37  1166"
"Cl Trumpler   37  1459"	"*"	"Cl Trumpler   37  1459"
"Cl Trumpler   37   926"	"*"	"Cl Trumpler   37   926"
"Cl Trumpler   37  1678"	"*"	"Cl Trumpler   37  1678"
"Cl Trumpler   37  1679"	"*"	"Cl Trumpler   37  1679"
"Cl Trumpler   37  1418"	"*"	"Cl Trumpler   37  1418"
"Cl Trumpler   37  1612"	"*"	"Cl Trumpler   37  1612"
"Cl Trumpler   37  1669"	"*"	"Cl Trumpler   37  1669"
"Cl Trumpler   37   899"	"*"	"Cl Trumpler   37   899"
"Cl Trumpler   37  1897"	"*"	"Cl Trumpler   37  1897"
"Cl Trumpler   37  1168"	"SB*"	"Cl Trumpler   37  1168"
"Cl Trumpler   37  1489"	"*"	"Cl Trumpler   37  1489"
"Cl Trumpler   37   911"	"*"	"Cl Trumpler   37   911"
"Cl Trumpler   37  1488"	"*"	"Cl Trumpler   37  1488"
"Cl Trumpler   37  1659"	"*"	"Cl Trumpler   37  1659"
"Cl Trumpler   37  1691"	"*"	"Cl Trumpler   37  1691"
"Cl Trumpler   37  1725"	"*"	"Cl Trumpler   37  1725"
"Cl Trumpler   37   895"	"*"	"Cl Trumpler   37   895"
"Cl Trumpler   37  1462"	"*"	"Cl Trumpler   37  1462"
"Cl Trumpler   37  1660"	"*"	"Cl Trumpler   37  1660"
"Cl Trumpler   37  1419"	"*"	"Cl Trumpler   37  1419"
"Cl Trumpler   37  1201"	"*"	"Cl Trumpler   37  1201"
"Cl Trumpler   37  1390"	"*"	"Cl Trumpler   37  1390"
"Cl Trumpler   37  1450"	"*"	"Cl Trumpler   37  1450"
"Cl Trumpler   37  1716"	"*"	"Cl Trumpler   37  1716"
"Cl Trumpler   37  1153"	"*"	"Cl Trumpler   37  1153"
"Cl Trumpler   37  1191"	"*"	"Cl Trumpler   37  1191"
"Cl Trumpler   37  1481"	"*"	"Cl Trumpler   37  1481"
"Cl Trumpler   37  1603"	"*"	"Cl Trumpler   37  1603"
"Cl Trumpler   37  1684"	"V*"	"Cl Trumpler   37  1684"
"Cl Trumpler   37   629"	"*"	"Cl Trumpler   37   629"
"Cl Trumpler   37  1186"	"*"	"Cl Trumpler   37  1186"
"Cl Trumpler   37  1443"	"V*"	"Cl Trumpler   37  1443"
"Cl Trumpler   37  1902"	"*"	"Cl Trumpler   37  1902"
"Cl Trumpler   37  1428"	"*"	"Cl Trumpler   37  1428"
"Cl Trumpler   37  1430"	"PM*"	"Cl Trumpler   37  1430"
"Cl Trumpler   37  1442"	"SB*"	"Cl Trumpler   37  1442"
"Cl Trumpler   37  1194"	"*"	"Cl Trumpler   37  1194"
"Cl Trumpler   37  1162"	"SB*"	"Cl Trumpler   37  1162"
"Cl Trumpler   37   916"	"*"	"Cl Trumpler   37   916"
"Cl Trumpler   37   936"	"*"	"Cl Trumpler   37   936"
"Cl Trumpler   37  1728"	"*"	"Cl Trumpler   37  1728"
"Cl Trumpler   37  1214"	"*"	"Cl Trumpler   37  1214"
"Cl Trumpler   37  1714"	"*"	"Cl Trumpler   37  1714"
"Cl Trumpler   37  1222"	"*"	"Cl Trumpler   37  1222"
"Cl Trumpler   37   939"	"*"	"Cl Trumpler   37   939"
"Cl Trumpler   37  1478"	"*"	"Cl Trumpler   37  1478"
"Cl Trumpler   37  1723"	"*"	"Cl Trumpler   37  1723"
"Cl Trumpler   37   928"	"*"	"Cl Trumpler   37   928"
"Cl Trumpler   37  1855"	"*"	"Cl Trumpler   37  1855"
"Cl Trumpler   37  1226"	"*"	"Cl Trumpler   37  1226"
"Cl Trumpler   37   920"	"*"	"Cl Trumpler   37   920"
"Cl Trumpler   37  1466"	"*"	"Cl Trumpler   37  1466"
"Cl Trumpler   37  1898"	"*"	"Cl Trumpler   37  1898"
"Cl Trumpler   37  1883"	"*"	"Cl Trumpler   37  1883"
"Cl Trumpler   37  1688"	"*"	"Cl Trumpler   37  1688"
"Cl Trumpler   37  1133"	"*"	"Cl Trumpler   37  1133"
"Cl Trumpler   37  1149"	"*"	"Cl Trumpler   37  1149"
"Cl Trumpler   37  1160"	"*"	"Cl Trumpler   37  1160"
"Cl Trumpler   37  1179"	"*"	"Cl Trumpler   37  1179"
"Cl Trumpler   37  1190"	"SB*"	"Cl Trumpler   37  1190"
"Cl Trumpler   37  1452"	"*"	"Cl Trumpler   37  1452"
"Cl Trumpler   37  1455"	"*"	"Cl Trumpler   37  1455"
"Cl Trumpler   37  1461"	"*"	"Cl Trumpler   37  1461"
"Cl Trumpler   37  1468"	"*"	"Cl Trumpler   37  1468"
"Cl Trumpler   37  1477"	"*"	"Cl Trumpler   37  1477"
"Cl Trumpler   37  1496"	"*"	"Cl Trumpler   37  1496"
"Cl Trumpler   37  1607"	"*"	"Cl Trumpler   37  1607"
"Cl Trumpler   37  1664"	"*"	"Cl Trumpler   37  1664"
"Cl Trumpler   37  1666"	"*"	"Cl Trumpler   37  1666"
"Cl Trumpler   37  1701"	"*"	"Cl Trumpler   37  1701"
"Cl Trumpler   37  1705"	"*"	"Cl Trumpler   37  1705"
"Cl Trumpler   37   626"	"*"	"Cl Trumpler   37   626"
"Cl Trumpler   37   932"	"*"	"Cl Trumpler   37   932"
"Cl Trumpler   37  1178"	"*"	"Cl Trumpler   37  1178"
"Cl Trumpler   37  1180"	"*"	"Cl Trumpler   37  1180"
"Cl Trumpler   37  1187"	"*"	"Cl Trumpler   37  1187"
"Cl Trumpler   37  1189"	"*"	"Cl Trumpler   37  1189"
"Cl Trumpler   37  1192"	"*"	"Cl Trumpler   37  1192"
"Cl Trumpler   37   937"	"*"	"Cl Trumpler   37   937"
"Cl Trumpler   37  1213"	"*"	"Cl Trumpler   37  1213"
"Cl Trumpler   37  1218"	"PM*"	"Cl Trumpler   37  1218"
"Cl Trumpler   37  1471"	"*"	"Cl Trumpler   37  1471"
"Cl Trumpler   37  1223"	"*"	"Cl Trumpler   37  1223"
"Cl Trumpler   37  1486"	"*"	"Cl Trumpler   37  1486"
"Cl Trumpler   37  1494"	"*"	"Cl Trumpler   37  1494"
"Cl Trumpler   37  1608"	"*"	"Cl Trumpler   37  1608"
"Cl Trumpler   37  1387"	"*"	"Cl Trumpler   37  1387"
"Cl Trumpler   37  1615"	"*"	"Cl Trumpler   37  1615"
"Cl Trumpler   37  1624"	"*"	"Cl Trumpler   37  1624"
"Cl Trumpler   37  1628"	"SB*"	"Cl Trumpler   37  1628"
"Cl Trumpler   37  1850"	"*"	"Cl Trumpler   37  1850"
"Cl Trumpler   37  1854"	"*"	"Cl Trumpler   37  1854"
"Cl Trumpler   37  1645"	"*"	"Cl Trumpler   37  1645"
"Cl Trumpler   37  1858"	"*"	"Cl Trumpler   37  1858"
"Cl Trumpler   37  1857"	"*"	"Cl Trumpler   37  1857"
"Cl Trumpler   37  1862"	"*"	"Cl Trumpler   37  1862"
"Cl Trumpler   37  1869"	"*"	"Cl Trumpler   37  1869"
"Cl Trumpler   37  1882"	"*"	"Cl Trumpler   37  1882"
"Cl Trumpler   37  1892"	"*"	"Cl Trumpler   37  1892"
"Cl Trumpler   37  1686"	"*"	"Cl Trumpler   37  1686"
"Cl Trumpler   37  1696"	"*"	"Cl Trumpler   37  1696"
"Cl Trumpler   37  1913"	"PM*"	"Cl Trumpler   37  1913"
"Cl Trumpler   37  1917"	"PM*"	"Cl Trumpler   37  1917"
"Cl Trumpler   37  1918"	"*"	"Cl Trumpler   37  1918"
"Cl Trumpler   37  1922"	"Pu*"	"Cl Trumpler   37  1922"
"Cl Trumpler   37  1927"	"*"	"Cl Trumpler   37  1927"
"Cl Trumpler   37  1721"	"SB*"	"Cl Trumpler   37  1721"
"Cl Trumpler   37  1730"	"*"	"Cl Trumpler   37  1730"
"Cl Trumpler   37  1864"	"*"	"Cl Trumpler   37  1864"
"Cl Trumpler   37   923"	"*"	"Cl Trumpler   37   923"
"Cl Trumpler   37  1233"	"*"	"Cl Trumpler   37  1233"
"Cl Trumpler   37   619"	"*"	"Cl Trumpler   37   619"
"Cl Trumpler   37   621"	"*"	"Cl Trumpler   37   621"
"Cl Trumpler   37   614"	"*"	"Cl Trumpler   37   614"
"Cl Trumpler   37   620"	"*"	"Cl Trumpler   37   620"
"Cl Trumpler   37  1371"	"*"	"Cl Trumpler   37  1371"
"Cl Trumpler   37  1375"	"*"	"Cl Trumpler   37  1375"
"Cl Trumpler   37  1379"	"*"	"Cl Trumpler   37  1379"
"Cl Trumpler   37  1380"	"*"	"Cl Trumpler   37  1380"
"Cl Trumpler   37  1124"	"*"	"Cl Trumpler   37  1124"
"Cl Trumpler   37   854"	"*"	"Cl Trumpler   37   854"
"Cl Trumpler   37   868"	"*"	"Cl Trumpler   37   868"
"Cl Trumpler   37   871"	"*"	"Cl Trumpler   37   871"
"Cl Trumpler   37   879"	"*"	"Cl Trumpler   37   879"
"Cl Trumpler   37   884"	"**"	"Cl Trumpler   37   884"
"Cl Trumpler   37   886"	"*"	"Cl Trumpler   37   886"
"Cl Trumpler   37  1132"	"Mi*"	"Cl Trumpler   37  1132"
"Cl Trumpler   37   875"	"*"	"Cl Trumpler   37   875"
"Cl Trumpler   37   889"	"*"	"Cl Trumpler   37   889"
"Cl Trumpler   37  1328"	"*"	"Cl Trumpler   37  1328"
"Cl Trumpler   37  1120"	"*"	"Cl Trumpler   37  1120"
"Cl Trumpler   37   617"	"*"	"Cl Trumpler   37   617"
"Cl Trumpler   37   607"	"*"	"Cl Trumpler   37   607"
"Cl Trumpler   37  1372"	"PM*"	"Cl Trumpler   37  1372"
"Cl Trumpler   37   870"	"*"	"Cl Trumpler   37   870"
"Cl Trumpler   37  1365"	"*"	"Cl Trumpler   37  1365"
"Cl Trumpler   37   867"	"*"	"Cl Trumpler   37   867"
"Cl Trumpler   37  1370"	"*"	"Cl Trumpler   37  1370"
"Cl Trumpler   37   612"	"*"	"Cl Trumpler   37   612"
"Cl Trumpler   37   605"	"*"	"Cl Trumpler   37   605"
"Cl Trumpler   37   865"	"*"	"Cl Trumpler   37   865"
"Cl Trumpler   37  1121"	"*"	"Cl Trumpler   37  1121"
"Cl Trumpler   37  1123"	"*"	"Cl Trumpler   37  1123"
"Cl Trumpler   37   873"	"*"	"Cl Trumpler   37   873"
"Cl Trumpler   37  1367"	"*"	"Cl Trumpler   37  1367"
"Cl Trumpler   37   609"	"*"	"Cl Trumpler   37   609"
"Cl Trumpler   37   864"	"PM*"	"Cl Trumpler   37   864"
"Cl Trumpler   37   866"	"*"	"Cl Trumpler   37   866"
"Cl Trumpler   37   613"	"*"	"Cl Trumpler   37   613"
"Cl Trumpler   37  1377"	"PM*"	"Cl Trumpler   37  1377"
"Cl Trumpler   37   611"	"*"	"Cl Trumpler   37   611"
"Cl Trumpler   37   862"	"*"	"Cl Trumpler   37   862"
"Cl Trumpler   37   859"	"*"	"Cl Trumpler   37   859"
"Cl Trumpler   37   851"	"*"	"Cl Trumpler   37   851"
"Cl Trumpler   37   878"	"V*"	"Cl Trumpler   37   878"
"Cl Trumpler   37   861"	"*"	"Cl Trumpler   37   861"
"Cl Trumpler   37   598"	"*"	"Cl Trumpler   37   598"
"Cl Trumpler   37  1364"	"*"	"Cl Trumpler   37  1364"
"Cl Trumpler   37   852"	"*"	"Cl Trumpler   37   852"
"Cl Trumpler   37  1141"	"*"	"Cl Trumpler   37  1141"
"Cl Trumpler   37  1137"	"gD*"	"Cl Trumpler   37  1137"
"Cl Trumpler   37  1385"	"*"	"Cl Trumpler   37  1385"
"Cl Trumpler   37  1127"	"*"	"Cl Trumpler   37  1127"
"Cl Trumpler   37   857"	"*"	"Cl Trumpler   37   857"
"Cl Trumpler   37  1366"	"*"	"Cl Trumpler   37  1366"
"Cl Trumpler   37   858"	"*"	"Cl Trumpler   37   858"
"Cl Trumpler   37  1384"	"*"	"Cl Trumpler   37  1384"
"Cl Trumpler   37   876"	"*"	"Cl Trumpler   37   876"
"Cl Trumpler   37   610"	"*"	"Cl Trumpler   37   610"
"Cl Trumpler   37   860"	"*"	"Cl Trumpler   37   860"
"Cl Trumpler   37   608"	"*"	"Cl Trumpler   37   608"
"Cl Trumpler   37   869"	"*"	"Cl Trumpler   37   869"
"Cl Trumpler   37  1125"	"*"	"Cl Trumpler   37  1125"
"Cl Trumpler   37   874"	"*"	"Cl Trumpler   37   874"
"Cl Trumpler   37   848"	"*"	"Cl Trumpler   37   848"
"Cl Trumpler   37  1122"	"PM*"	"Cl Trumpler   37  1122"
"Cl Trumpler   37  1126"	"*"	"Cl Trumpler   37  1126"
"Cl Trumpler   37  1134"	"*"	"Cl Trumpler   37  1134"
"Cl Trumpler   37  1369"	"*"	"Cl Trumpler   37  1369"
"Cl Trumpler   37  1376"	"*"	"Cl Trumpler   37  1376"
"Cl Trumpler   37  1392"	"*"	"Cl Trumpler   37  1392"
"Cl Trumpler   37   616"	"*"	"Cl Trumpler   37   616"
"Cl Trumpler   37   855"	"*"	"Cl Trumpler   37   855"
"Cl Trumpler   37  1378"	"**"	"Cl Trumpler   37  1378"
"Cl Trumpler   37  1386"	"*"	"Cl Trumpler   37  1386"
"Cl Trumpler   37  1129"	"*"	"Cl Trumpler   37  1129"
"Cl Trumpler   37  2038"	"**"	"Cl Trumpler   37  2038"
"Cl Trumpler   37  2044"	"*"	"Cl Trumpler   37  2044"
"Cl Trumpler   37  1523"	"**"	"Cl Trumpler   37  1523"
"Cl Trumpler   37  2055"	"*"	"Cl Trumpler   37  2055"
"Cl Trumpler   37  1524"	"*"	"Cl Trumpler   37  1524"
"Cl Trumpler   37  2058"	"*"	"Cl Trumpler   37  2058"
"Cl Trumpler   37  2051"	"*"	"Cl Trumpler   37  2051"
"Cl Trumpler   37  2057"	"SB*"	"Cl Trumpler   37  2057"
"Cl Trumpler   37  2040"	"SB*"	"Cl Trumpler   37  2040"
"Cl Trumpler   37  1778"	"*"	"Cl Trumpler   37  1778"
"Cl Trumpler   37  1781"	"*"	"Cl Trumpler   37  1781"
"Cl Trumpler   37  2036"	"SB*"	"Cl Trumpler   37  2036"
"Cl Trumpler   37  2047"	"*"	"Cl Trumpler   37  2047"
"Cl Trumpler   37  1943"	"*"	"Cl Trumpler   37  1943"
"Cl Trumpler   37  1958"	"*"	"Cl Trumpler   37  1958"
"Cl Trumpler   37  1965"	"*"	"Cl Trumpler   37  1965"
"Cl Trumpler   37  1972"	"*"	"Cl Trumpler   37  1972"
"Cl Trumpler   37  1973"	"*"	"Cl Trumpler   37  1973"
"Cl Trumpler   37  1977"	"*"	"Cl Trumpler   37  1977"
"Cl Trumpler   37  1979"	"*"	"Cl Trumpler   37  1979"
"Cl Trumpler   37  1992"	"**"	"Cl Trumpler   37  1992"
"Cl Trumpler   37  1994"	"**"	"Cl Trumpler   37  1994"
"Cl Trumpler   37  2027"	"*"	"Cl Trumpler   37  2027"
"Cl Trumpler   37  2030"	"*"	"Cl Trumpler   37  2030"
"Cl Trumpler   37  2018"	"PM*"	"Cl Trumpler   37  2018"
"Cl Trumpler   37  2052"	"*"	"Cl Trumpler   37  2052"
"Cl Trumpler   37  1779"	"*"	"Cl Trumpler   37  1779"
"Cl Trumpler   37  1780"	"PM*"	"Cl Trumpler   37  1780"
"Cl Trumpler   37  1978"	"**"	"Cl Trumpler   37  1978"
"Cl Trumpler   37  1762"	"*"	"Cl Trumpler   37  1762"
"Cl Trumpler   37  1991"	"*"	"Cl Trumpler   37  1991"
"Cl Trumpler   37  1769"	"*"	"Cl Trumpler   37  1769"
"Cl Trumpler   37  1944"	"*"	"Cl Trumpler   37  1944"
"Cl Trumpler   37  1976"	"Pu*"	"Cl Trumpler   37  1976"
"Cl Trumpler   37  2005"	"*"	"Cl Trumpler   37  2005"
"Cl Trumpler   37  1980"	"*"	"Cl Trumpler   37  1980"
"Cl Trumpler   37  1772"	"*"	"Cl Trumpler   37  1772"
"Cl Trumpler   37  1963"	"*"	"Cl Trumpler   37  1963"
"Cl Trumpler   37  1770"	"*"	"Cl Trumpler   37  1770"
"Cl Trumpler   37  1996"	"*"	"Cl Trumpler   37  1996"
"Cl Trumpler   37  1763"	"Pu*"	"Cl Trumpler   37  1763"
"Cl Trumpler   37  1756"	"*"	"Cl Trumpler   37  1756"
"Cl Trumpler   37  1748"	"*"	"Cl Trumpler   37  1748"
"Cl Trumpler   37  1995"	"*"	"Cl Trumpler   37  1995"
"Cl Trumpler   37  2020"	"*"	"Cl Trumpler   37  2020"
"Cl Trumpler   37  1974"	"*"	"Cl Trumpler   37  1974"
"Cl Trumpler   37  2041"	"*"	"Cl Trumpler   37  2041"
"Cl Trumpler   37  1968"	"*"	"Cl Trumpler   37  1968"
"Cl Trumpler   37  2002"	"Pu*"	"Cl Trumpler   37  2002"
"Cl Trumpler   37  1986"	"*"	"Cl Trumpler   37  1986"
"Cl Trumpler   37  1985"	"*"	"Cl Trumpler   37  1985"
"Cl Trumpler   37  2029"	"*"	"Cl Trumpler   37  2029"
"Cl Trumpler   37  1988"	"*"	"Cl Trumpler   37  1988"
"Cl Trumpler   37  1952"	"*"	"Cl Trumpler   37  1952"
"Cl Trumpler   37  1990"	"*"	"Cl Trumpler   37  1990"
"Cl Trumpler   37  2021"	"*"	"Cl Trumpler   37  2021"
"Cl Trumpler   37  2017"	"*"	"Cl Trumpler   37  2017"
"Cl Trumpler   37  2019"	"*"	"Cl Trumpler   37  2019"
"Cl Trumpler   37  1955"	"PM*"	"Cl Trumpler   37  1955"
"Cl Trumpler   37  1967"	"*"	"Cl Trumpler   37  1967"
"Cl Trumpler   37  1964"	"*"	"Cl Trumpler   37  1964"
"Cl Trumpler   37  2015"	"*"	"Cl Trumpler   37  2015"
"Cl Trumpler   37  2008"	"*"	"Cl Trumpler   37  2008"
"Cl Trumpler   37  1984"	"*"	"Cl Trumpler   37  1984"
"Cl Trumpler   37  1981"	"*"	"Cl Trumpler   37  1981"
"Cl Trumpler   37  1784"	"*"	"Cl Trumpler   37  1784"
"Cl Trumpler   37  2001"	"*"	"Cl Trumpler   37  2001"
"Cl Trumpler   37  1989"	"*"	"Cl Trumpler   37  1989"
"Cl Trumpler   37  2032"	"*"	"Cl Trumpler   37  2032"
"Cl Trumpler   37  1951"	"*"	"Cl Trumpler   37  1951"
"Cl Trumpler   37  2000"	"*"	"Cl Trumpler   37  2000"
"Cl Trumpler   37  2014"	"**"	"Cl Trumpler   37  2014"
"Cl Trumpler   37  2026"	"*"	"Cl Trumpler   37  2026"
"Cl Trumpler   37  1962"	"*"	"Cl Trumpler   37  1962"
"Cl Trumpler   37  1519"	"*"	"Cl Trumpler   37  1519"
"Cl Trumpler   37  1518"	"*"	"Cl Trumpler   37  1518"
"Cl Trumpler   37  1966"	"*"	"Cl Trumpler   37  1966"
"Cl Trumpler   37  2009"	"*"	"Cl Trumpler   37  2009"
"Cl Trumpler   37  1969"	"*"	"Cl Trumpler   37  1969"
"Cl Trumpler   37  1954"	"*"	"Cl Trumpler   37  1954"
"Cl Trumpler   37  1998"	"*"	"Cl Trumpler   37  1998"
"Cl Trumpler   37  1773"	"PM*"	"Cl Trumpler   37  1773"
"Cl Trumpler   37  1961"	"*"	"Cl Trumpler   37  1961"
"Cl Trumpler   37  1768"	"*"	"Cl Trumpler   37  1768"
"Cl Trumpler   37  2012"	"*"	"Cl Trumpler   37  2012"
"Cl Trumpler   37  1953"	"*"	"Cl Trumpler   37  1953"
"Cl Trumpler   37  1987"	"*"	"Cl Trumpler   37  1987"
"Cl Trumpler   37  1971"	"*"	"Cl Trumpler   37  1971"
"Cl Trumpler   37  2025"	"*"	"Cl Trumpler   37  2025"
"Cl Trumpler   37  2010"	"SB*"	"Cl Trumpler   37  2010"
"Cl Trumpler   37  1997"	"*"	"Cl Trumpler   37  1997"
"Cl Trumpler   37  1776"	"*"	"Cl Trumpler   37  1776"
"Cl Trumpler   37  1970"	"*"	"Cl Trumpler   37  1970"
"Cl Trumpler   37  2028"	"*"	"Cl Trumpler   37  2028"
"Cl Trumpler   37  1782"	"*"	"Cl Trumpler   37  1782"
"Cl Trumpler   37  2035"	"*"	"Cl Trumpler   37  2035"
"Cl Trumpler   37  1983"	"*"	"Cl Trumpler   37  1983"
"Cl Trumpler   37  1746"	"*"	"Cl Trumpler   37  1746"
"Cl Trumpler   37  1774"	"*"	"Cl Trumpler   37  1774"
"Cl Trumpler   37  1946"	"*"	"Cl Trumpler   37  1946"
"Cl Trumpler   37  1510"	"*"	"Cl Trumpler   37  1510"
"Cl Trumpler   37  1521"	"*"	"Cl Trumpler   37  1521"
"Cl Trumpler   37  2024"	"**"	"Cl Trumpler   37  2024"
"Cl Trumpler   37  2043"	"*"	"Cl Trumpler   37  2043"
"Cl Trumpler   37  1755"	"*"	"Cl Trumpler   37  1755"
"Cl Trumpler   37  2031"	"*"	"Cl Trumpler   37  2031"
"Cl Trumpler   37  1758"	"*"	"Cl Trumpler   37  1758"
"Cl Trumpler   37  2007"	"*"	"Cl Trumpler   37  2007"
"Cl Trumpler   37  1999"	"*"	"Cl Trumpler   37  1999"
"Cl Trumpler   37  1771"	"*"	"Cl Trumpler   37  1771"
"Cl Trumpler   37  2034"	"*"	"Cl Trumpler   37  2034"
"Cl Trumpler   37  2023"	"*"	"Cl Trumpler   37  2023"
"Cl Trumpler   37  1766"	"*"	"Cl Trumpler   37  1766"
"Cl Trumpler   37  1982"	"*"	"Cl Trumpler   37  1982"
"Cl Trumpler   37  2022"	"*"	"Cl Trumpler   37  2022"
"Cl Trumpler   37  1783"	"*"	"Cl Trumpler   37  1783"
"Cl Trumpler   37  2016"	"*"	"Cl Trumpler   37  2016"
"Cl Trumpler   37  1767"	"*"	"Cl Trumpler   37  1767"
"Cl Trumpler   37  1975"	"*"	"Cl Trumpler   37  1975"
"Cl Trumpler   37  1764"	"*"	"Cl Trumpler   37  1764"
"Cl Trumpler   37  2003"	"*"	"Cl Trumpler   37  2003"
"Cl Trumpler   37  1960"	"*"	"Cl Trumpler   37  1960"
"Cl Trumpler   37  1760"	"*"	"Cl Trumpler   37  1760"
"Cl Trumpler   37  1993"	"*"	"Cl Trumpler   37  1993"
"Cl Trumpler   37  1775"	"*"	"Cl Trumpler   37  1775"
"Cl Trumpler   37  2006"	"*"	"Cl Trumpler   37  2006"
"Cl Trumpler   37  2011"	"SB*"	"Cl Trumpler   37  2011"
"Cl Trumpler   37  2039"	"*"	"Cl Trumpler   37  2039"
"Cl Trumpler   37  2004"	"*"	"Cl Trumpler   37  2004"
"Cl Trumpler   37  2033"	"*"	"Cl Trumpler   37  2033"
"Cl Trumpler   37  1757"	"*"	"Cl Trumpler   37  1757"
"Cl Trumpler   37  1777"	"*"	"Cl Trumpler   37  1777"
"Cl Trumpler   37  2013"	"*"	"Cl Trumpler   37  2013"
"Cl Trumpler   37  1512"	"*"	"Cl Trumpler   37  1512"
"Cl Trumpler   37  1940"	"SB*"	"Cl Trumpler   37  1940"
"Cl Trumpler   37  1956"	"*"	"Cl Trumpler   37  1956"
"Cl Trumpler   37  1732"	"Em*"	"Cl Trumpler   37  1732"
"Cl Trumpler   37  1761"	"*"	"Cl Trumpler   37  1761"
"Cl Trumpler   37  1508"	"SB*"	"Cl Trumpler   37  1508"
"Cl Trumpler   37  1513"	"**"	"Cl Trumpler   37  1513"
"Cl Trumpler   37  1745"	"*"	"Cl Trumpler   37  1745"
"Cl Trumpler   37  1948"	"*"	"Cl Trumpler   37  1948"
"Cl Trumpler   37  1945"	"*"	"Cl Trumpler   37  1945"
"Cl Trumpler   37  1506"	"*"	"Cl Trumpler   37  1506"
"Cl Trumpler   37  1509"	"*"	"Cl Trumpler   37  1509"
"Cl Trumpler   37  1511"	"**"	"Cl Trumpler   37  1511"
"Cl Trumpler   37  1514"	"*"	"Cl Trumpler   37  1514"
"Cl Trumpler   37  1957"	"PM*"	"Cl Trumpler   37  1957"
"Cl Trumpler   37  1747"	"*"	"Cl Trumpler   37  1747"
"Cl Trumpler   37  1935"	"*"	"Cl Trumpler   37  1935"
"Cl Trumpler   37  1950"	"*"	"Cl Trumpler   37  1950"
"Cl Trumpler   37  1751"	"*"	"Cl Trumpler   37  1751"
"Cl Trumpler   37  1931"	"*"	"Cl Trumpler   37  1931"
"Cl Trumpler   37  1739"	"*"	"Cl Trumpler   37  1739"
"Cl Trumpler   37  1754"	"*"	"Cl Trumpler   37  1754"
"Cl Trumpler   37  1743"	"*"	"Cl Trumpler   37  1743"
"Cl Trumpler   37  1729"	"*"	"Cl Trumpler   37  1729"
"Cl Trumpler   37  1949"	"*"	"Cl Trumpler   37  1949"
"Cl Trumpler   37  1500"	"*"	"Cl Trumpler   37  1500"
"Cl Trumpler   37  1936"	"*"	"Cl Trumpler   37  1936"
"Cl Trumpler   37  1502"	"*"	"Cl Trumpler   37  1502"
"Cl Trumpler   37  1941"	"*"	"Cl Trumpler   37  1941"
"Cl Trumpler   37  1942"	"*"	"Cl Trumpler   37  1942"
"Cl Trumpler   37  1947"	"*"	"Cl Trumpler   37  1947"
"Cl Trumpler   37  1505"	"*"	"Cl Trumpler   37  1505"
"Cl Trumpler   37  1765"	"*"	"Cl Trumpler   37  1765"
"Cl Trumpler   37  1932"	"*"	"Cl Trumpler   37  1932"
"Cl Trumpler   37  1737"	"*"	"Cl Trumpler   37  1737"
"Cl Trumpler   37  1959"	"*"	"Cl Trumpler   37  1959"
"Cl Trumpler   37  1937"	"*"	"Cl Trumpler   37  1937"
"Cl Trumpler   37  1742"	"*"	"Cl Trumpler   37  1742"
"Cl Trumpler   37  1744"	"*"	"Cl Trumpler   37  1744"
"Cl Trumpler   37  1753"	"*"	"Cl Trumpler   37  1753"
"Cl Trumpler   37  1914"	"*"	"Cl Trumpler   37  1914"
"Cl Trumpler   37  1939"	"*"	"Cl Trumpler   37  1939"
"Cl Trumpler   37  1750"	"*"	"Cl Trumpler   37  1750"
"Cl Trumpler   37  1759"	"*"	"Cl Trumpler   37  1759"
"Cl Trumpler   37  1919"	"*"	"Cl Trumpler   37  1919"
"Cl Trumpler   37  1926"	"*"	"Cl Trumpler   37  1926"
"Cl Trumpler   37  1928"	"*"	"Cl Trumpler   37  1928"
"Cl Trumpler   37  1752"	"*"	"Cl Trumpler   37  1752"
"Cl Trumpler   37  1499"	"*"	"Cl Trumpler   37  1499"
"Cl Trumpler   37  1749"	"*"	"Cl Trumpler   37  1749"
"Cl Collinder   17"	"OpC"	"NGC   637"
"Cl Collinder   17"	"OpC"	"Cl Collinder   17"
"Cl Tombaugh    3"	"OpC"	"IC  166"
"Cl Stock    2   161"	"*"	"Cl Stock    2   161"
"Cl Stock    7    18"	"*"	"Cl Stock    7    18"
"Cl Stock    7"	"OpC"	"Cl Stock    7"
"Cl Stock    7     4"	"*"	"Cl Stock    7     4"
"Cl Stock    7     3"	"*"	"Cl Stock    7     3"
"Cl Stock    7     1"	"*"	"Cl Stock    7     1"
"Cl Stock    7    24"	"*"	"Cl Stock    7    24"
"Cl Stock    7    29"	"*"	"Cl Stock    7    29"
"Cl Collinder   26"	"OpC"	"LBN   654"
"Cl Melotte   15"	"OpC"	"LBN   654"
"Cl Collinder   26"	"OpC"	"LBN 134.96+00.75"
"Cl Melotte   15"	"OpC"	"LBN 134.96+00.75"
"Cl Collinder   26"	"OpC"	"IC 1805"
"Cl Melotte   15"	"OpC"	"IC 1805"
"Cl Collinder   26"	"OpC"	"Cl Collinder   26"
"Cl Melotte   15"	"OpC"	"Cl Collinder   26"
"Cl Collinder   26"	"OpC"	"Cl Melotte   15"
"Cl Melotte   15"	"OpC"	"Cl Melotte   15"
"Cl Collinder   26"	"OpC"	"NAME AFGL 333 Cloud"
"Cl Melotte   15"	"OpC"	"NAME AFGL 333 Cloud"
"Cl Collinder   26"	"OpC"	"SH  2-190"
"Cl Melotte   15"	"OpC"	"SH  2-190"
"Cl Collinder   32"	"OpC"	"IC 1848"
"Cl Collinder   32"	"OpC"	"Cl Collinder   32"
"Cl Collinder   32"	"OpC"	"LBN   667"
"Cl Collinder   32"	"OpC"	"LBN 137.24+00.77"
"Cl Collinder   32"	"OpC"	"SH  2-199"
"Cl Melotte   20   959"	"EB*"	"Cl Melotte   20   959"
"Cl Melotte   20  1123"	"*"	"Cl Melotte   20  1123"
"Cl Melotte   20  1229"	"SB*"	"Cl Melotte   20  1229"
"Cl Melotte   20  1144"	"*"	"Cl Melotte   20  1144"
"Cl Melotte   20  1032"	"*"	"Cl Melotte   20  1032"
"Cl Melotte   20  1073"	"*"	"Cl Melotte   20  1073"
"Cl Melotte   20  1020"	"PM*"	"Cl Melotte   20  1020"
"Cl Melotte   20  1191"	"**"	"Cl Melotte   20  1191"
"Cl Melotte   20  1202"	"Em*"	"Cl Melotte   20  1202"
"Cl Melotte   20  1349"	"Em*"	"Cl Melotte   20  1349"
"Cl Melotte   20  1266"	"*"	"Cl Melotte   20  1266"
"Cl Melotte   20  1234"	"SB*"	"Cl Melotte   20  1234"
"Cl Melotte   20  1252"	"*"	"Cl Melotte   20  1252"
"Cl Melotte   20  1231"	"*"	"Cl Melotte   20  1231"
"Cl Melotte   20  1163"	"*"	"Cl Melotte   20  1163"
"Cl Melotte   20  1199"	"PM*"	"Cl Melotte   20  1199"
"Cl Melotte   20  1240"	"*"	"Cl Melotte   20  1240"
"Cl Melotte   20  1079"	"*"	"Cl Melotte   20  1079"
"Cl Melotte   20  1170"	"*"	"Cl Melotte   20  1170"
"Cl Melotte   20  1258"	"PM*"	"Cl Melotte   20  1258"
"Cl Melotte   20  1271"	"*"	"Cl Melotte   20  1271"
"Cl Melotte   20  1279"	"*"	"Cl Melotte   20  1279"
"Cl Melotte   20  1309"	"*"	"Cl Melotte   20  1309"
"Cl Melotte   20  1326"	"*"	"Cl Melotte   20  1326"
"Cl Melotte   20  1341"	"*"	"Cl Melotte   20  1341"
"Cl Melotte   20  1374"	"*"	"Cl Melotte   20  1374"
"Cl Melotte   20  1321"	"*"	"Cl Melotte   20  1321"
"Cl Melotte   20  1343"	"PM*"	"Cl Melotte   20  1343"
"Cl Melotte   20  1340"	"*"	"Cl Melotte   20  1340"
"Cl Melotte   20  1345"	"SB*"	"Cl Melotte   20  1345"
"Cl Melotte  222"	"OpC"	"Cl Melotte  222"
"Cl Melotte  222"	"OpC"	"NGC  6811"
"Cl Trumpler   37  1840"	"*"	"Cl Trumpler   37  1840"
"Cl Trumpler   37  1836"	"*"	"Cl Trumpler   37  1836"
"Cl Trumpler   37  1820"	"*"	"Cl Trumpler   37  1820"
"Cl Trumpler   37  1826"	"*"	"Cl Trumpler   37  1826"
"Cl Trumpler   37  1833"	"**"	"Cl Trumpler   37  1833"
"Cl Trumpler   37  1841"	"*"	"Cl Trumpler   37  1841"
"Cl Trumpler   37  1600"	"*"	"Cl Trumpler   37  1600"
"Cl Trumpler   37  1604"	"*"	"Cl Trumpler   37  1604"
"Cl Trumpler   37  1828"	"*"	"Cl Trumpler   37  1828"
"Cl Trumpler   37  1599"	"SB*"	"Cl Trumpler   37  1599"
"Cl Trumpler   37  1598"	"*"	"Cl Trumpler   37  1598"
"Cl Trumpler   37  1815"	"*"	"Cl Trumpler   37  1815"
"Cl Trumpler   37  1827"	"SB*"	"Cl Trumpler   37  1827"
"Cl Trumpler   37  1834"	"*"	"Cl Trumpler   37  1834"
"Cl Trumpler   37  1823"	"*"	"Cl Trumpler   37  1823"
"Cl Trumpler   37  1821"	"*"	"Cl Trumpler   37  1821"
"Cl Trumpler   37  1819"	"*"	"Cl Trumpler   37  1819"
"Cl Trumpler   37  1822"	"Pu*"	"Cl Trumpler   37  1822"
"Cl Trumpler   37  1832"	"*"	"Cl Trumpler   37  1832"
"Cl Trumpler   37  1830"	"*"	"Cl Trumpler   37  1830"
"Cl Trumpler   37  1831"	"*"	"Cl Trumpler   37  1831"
"Cl Trumpler   37  1835"	"*"	"Cl Trumpler   37  1835"
"Cl Trumpler   37  1839"	"*"	"Cl Trumpler   37  1839"
"Cl Trumpler   37  1818"	"*"	"Cl Trumpler   37  1818"
"Cl Trumpler   37  1825"	"*"	"Cl Trumpler   37  1825"
"Cl Trumpler   37  1824"	"*"	"Cl Trumpler   37  1824"
"Cl Trumpler   37  1817"	"*"	"Cl Trumpler   37  1817"
"Cl Trumpler   37  1816"	"*"	"Cl Trumpler   37  1816"
"Cl Trumpler   37  1843"	"*"	"Cl Trumpler   37  1843"
"Cl Collinder  442"	"OpC"	"Cl Collinder  442"
"Cl Collinder  442"	"OpC"	"NGC  7142"
"Cl Melotte  244"	"OpC"	"Cl Collinder  457"
"Cl Collinder  457"	"OpC"	"Cl Collinder  457"
"Cl Melotte  244"	"OpC"	"NGC  7762"
"Cl Collinder  457"	"OpC"	"NGC  7762"
"Cl Melotte  244"	"OpC"	"Cl Melotte  244"
"Cl Collinder  457"	"OpC"	"Cl Melotte  244"
"Cl Stock    5"	"OpC"	"Cl Stock    5"
"Cl Stock    6"	"OpC"	"Cl Stock    6"
"Cl Collinder   33"	"Cl*"	"Cl Collinder   33"
"Cl Collinder   34"	"OpC"	"Cl Collinder   34"
"Cl Stock   23"	"OpC"	"Cl Stock   23"
"Cl Collinder   44"	"OpC"	"NGC  1496"
"Cl Collinder   44"	"OpC"	"Cl Collinder   44"
"Cl Melotte  231"	"OpC"	"Cl Melotte  231"
"Cl Melotte  231"	"OpC"	"NGC  6939"
"Cl Harvard    1"	"OpC"	"Cl Trumpler    3"
"Cl Trumpler    3"	"OpC"	"Cl Trumpler    3"
"Cl Waterloo    1"	"OpC"	"SH  2-208"
"Cl Collinder  427"	"Cl*"	"Cl Collinder  427"
"Cl Collinder  471"	"MGr"	"Cl Collinder  471"
"Cl Collinder  463    75"	"PM*"	"Cl Collinder  463    75"
"Cl Collinder  463    17"	"*"	"Cl Collinder  463    17"
"Cl Collinder  463    24"	"*"	"Cl Collinder  463    24"
"Cl Collinder  463    30"	"*"	"Cl Collinder  463    30"
"Cl Collinder  463     1"	"*"	"Cl Collinder  463     1"
"Cl Collinder  463    26"	"*"	"Cl Collinder  463    26"
"Cl Collinder  463     2"	"*"	"Cl Collinder  463     2"
"Cl Collinder  463     4"	"*"	"Cl Collinder  463     4"
"Cl Collinder  463    36"	"*"	"Cl Collinder  463    36"
"Cl Collinder  463    73"	"SB*"	"Cl Collinder  463    73"
"Cl Collinder  463    35"	"*"	"Cl Collinder  463    35"
"Cl Collinder  463    55"	"SB*"	"Cl Collinder  463    55"
"Cl Collinder  463    25"	"*"	"Cl Collinder  463    25"
"Cl Collinder  463     5"	"*"	"Cl Collinder  463     5"
"Cl Collinder  463    18"	"*"	"Cl Collinder  463    18"
"Cl Collinder  463    27"	"*"	"Cl Collinder  463    27"
"Cl Collinder  463    28"	"SB*"	"Cl Collinder  463    28"
"Cl Collinder  463    29"	"*"	"Cl Collinder  463    29"
"Cl Collinder  463    31"	"*"	"Cl Collinder  463    31"
"Cl Collinder  463    46"	"*"	"Cl Collinder  463    46"
"Cl Collinder  463    47"	"*"	"Cl Collinder  463    47"
"Cl Collinder  463    48"	"*"	"Cl Collinder  463    48"
"Cl Collinder  463    61"	"*"	"Cl Collinder  463    61"
"Cl Collinder  463    67"	"*"	"Cl Collinder  463    67"
"Cl Collinder  463    68"	"*"	"Cl Collinder  463    68"
"Cl Collinder  463    69"	"*"	"Cl Collinder  463    69"
"Cl Collinder  463    70"	"*"	"Cl Collinder  463    70"
"Cl Collinder  463    71"	"*"	"Cl Collinder  463    71"
"Cl Collinder  463    82"	"*"	"Cl Collinder  463    82"
"Cl Collinder  463    14"	"*"	"Cl Collinder  463    14"
"Cl Collinder  463    15"	"*"	"Cl Collinder  463    15"
"Cl Collinder  463    16"	"*"	"Cl Collinder  463    16"
"Cl Collinder  463    19"	"*"	"Cl Collinder  463    19"
"Cl Collinder  463    20"	"*"	"Cl Collinder  463    20"
"Cl Collinder  463    23"	"*"	"Cl Collinder  463    23"
"Cl Collinder  463    32"	"PM*"	"Cl Collinder  463    32"
"Cl Collinder  463    33"	"SB*"	"Cl Collinder  463    33"
"Cl Collinder  463    34"	"*"	"Cl Collinder  463    34"
"Cl Collinder  463    37"	"**"	"Cl Collinder  463    37"
"Cl Collinder  463    38"	"*"	"Cl Collinder  463    38"
"Cl Collinder  463    39"	"*"	"Cl Collinder  463    39"
"Cl Collinder  463    40"	"*"	"Cl Collinder  463    40"
"Cl Collinder  463    41"	"SB*"	"Cl Collinder  463    41"
"Cl Collinder  463    42"	"*"	"Cl Collinder  463    42"
"Cl Collinder  463    43"	"*"	"Cl Collinder  463    43"
"Cl Collinder  463    44"	"*"	"Cl Collinder  463    44"
"Cl Collinder  463    45"	"SB*"	"Cl Collinder  463    45"
"Cl Collinder  463    49"	"*"	"Cl Collinder  463    49"
"Cl Collinder  463    56"	"*"	"Cl Collinder  463    56"
"Cl Collinder  463    57"	"*"	"Cl Collinder  463    57"
"Cl Collinder  463    58"	"*"	"Cl Collinder  463    58"
"Cl Collinder  463    60"	"*"	"Cl Collinder  463    60"
"Cl Collinder  463    72"	"*"	"Cl Collinder  463    72"
"Cl Collinder  463    74"	"*"	"Cl Collinder  463    74"
"Cl Collinder  463    78"	"*"	"Cl Collinder  463    78"
"Cl Collinder  463    83"	"*"	"Cl Collinder  463    83"
"Cl Collinder  463     3"	"*"	"Cl Collinder  463     3"
"Cl Collinder  463"	"OpC"	"Cl Collinder  463"
"Cl Collinder  463     7"	"*"	"Cl Collinder  463     7"
"Cl Collinder  463    10"	"*"	"Cl Collinder  463    10"
"Cl Collinder  463    79"	"*"	"Cl Collinder  463    79"
"Cl Collinder  463    12"	"*"	"Cl Collinder  463    12"
"Cl Collinder  463     6"	"*"	"Cl Collinder  463     6"
"Cl Collinder  463     8"	"*"	"Cl Collinder  463     8"
"Cl Collinder  463    80"	"*"	"Cl Collinder  463    80"
"Cl Collinder  463    81"	"*"	"Cl Collinder  463    81"
"Cl Collinder  463    21"	"*"	"Cl Collinder  463    21"
"Cl Collinder  463    62"	"*"	"Cl Collinder  463    62"
"Cl Collinder  463     9"	"*"	"Cl Collinder  463     9"
"Cl Collinder  463    13"	"*"	"Cl Collinder  463    13"
"Cl Collinder  463    50"	"*"	"Cl Collinder  463    50"
"Cl Collinder  463    51"	"*"	"Cl Collinder  463    51"
"Cl Collinder  463    52"	"PM*"	"Cl Collinder  463    52"
"Cl Collinder  463    54"	"*"	"Cl Collinder  463    54"
"Cl Collinder  463    65"	"*"	"Cl Collinder  463    65"
"Cl Collinder  463    76"	"*"	"Cl Collinder  463    76"
"Cl Collinder  463    84"	"*"	"Cl Collinder  463    84"
"Cl Collinder  463    11"	"*"	"Cl Collinder  463    11"
"Cl Collinder  463    22"	"*"	"Cl Collinder  463    22"
"Cl Collinder  463    53"	"SB*"	"Cl Collinder  463    53"
"Cl Collinder  463    59"	"*"	"Cl Collinder  463    59"
"Cl Collinder  463    63"	"*"	"Cl Collinder  463    63"
"Cl Collinder  463    64"	"*"	"Cl Collinder  463    64"
"Cl Collinder  463    66"	"PM*"	"Cl Collinder  463    66"
"Cl Collinder  463    77"	"*"	"Cl Collinder  463    77"
"Cl Collinder   53"	"OpC"	"Cl Collinder   53"
"Cl Collinder   53"	"OpC"	"NGC  1624"
"Cl Berkeley   16"	"OpC"	"NGC  1798"
"Cl Platais    3"	"OpC"	"NAME HIP 21974 Cluster"
"Cl Collinder   64"	"OpC"	"NGC  1883"
"Cl Collinder   64"	"OpC"	"Cl Collinder   64"
"Cl Melotte    2"	"OpC"	"Cl Melotte    2"
"Cl Melotte    2"	"OpC"	"NGC   188"
"Cl Collinder  464"	"OpC"	"Cl Collinder  464"
"Cl Melotte   39"	"OpC"	"NGC  2126"
"Cl Collinder   78"	"OpC"	"NGC  2126"
"Cl Melotte   39"	"OpC"	"Cl Melotte   39"
"Cl Collinder   78"	"OpC"	"Cl Melotte   39"
"Cl Melotte   39"	"OpC"	"Cl Collinder   78"
"Cl Collinder   78"	"OpC"	"Cl Collinder   78"
"Cl Collinder  285"	"Cl*"	"Cl Collinder  285"
"Cl Melotte   25   133"	"PM*"	"Cl Melotte   25   133"
"Cl Melotte   25   201"	"*"	"Cl Melotte   25   201"
"Cl Melotte   25   203"	"PM*"	"Cl Melotte   25   203"
"Cl Melotte   25   202"	"TT*"	"Cl Melotte   25   202"
"Cl Melotte   25   206"	"*"	"Cl Melotte   25   206"
"Cl Melotte   25   158"	"PM*"	"Cl Melotte   25   158"
"Cl Melotte   25     1"	"PM*"	"Cl Melotte   25     1"
"Cl Melotte   25     2"	"PM*"	"Cl Melotte   25     2"
"Cl Melotte   25   204"	"PM*"	"Cl Melotte   25   204"
"Cl Melotte   25   205"	"*"	"Cl Melotte   25   205"
"Cl Melotte   25     4"	"PM*"	"Cl Melotte   25     4"
"Cl Melotte   25     3"	"PM*"	"Cl Melotte   25     3"
"Cl Melotte   25   207"	"**"	"Cl Melotte   25   207"
"Cl Collinder   41"	"OpC"	"LBN   758"
"Cl Collinder   41"	"OpC"	"NAME Gingrich 1"
"Cl Collinder   41"	"OpC"	"IC  348"
"Cl Collinder   41"	"OpC"	"Cl Collinder   41"
"Cl Collinder   41"	"OpC"	"LBN 160.47-17.86"
"Cl Collinder   41"	"OpC"	"NAME omi Per Cloud"
"Cl Collinder   41"	"OpC"	"Ced  20"
"Cl Melotte   25   209"	"PM*"	"Cl Melotte   25   209"
"Cl Melotte   22  3301"	"PM*"	"Cl Melotte   22  3301"
"Cl Melotte   22  3302"	"*"	"Cl Melotte   22  3302"
"Cl Melotte   22   173"	"Y*O"	"Cl Melotte   22   173"
"Cl Melotte   22   187"	"*"	"Cl Melotte   22   187"
"Cl Melotte   22   255"	"*"	"Cl Melotte   22   255"
"Cl Melotte   22  3305"	"PM*"	"Cl Melotte   22  3305"
"Cl Melotte   22  3308"	"gD*"	"Cl Melotte   22  3308"
"Cl Melotte   22     8"	"*"	"Cl Melotte   22     8"
"Cl Melotte   22    25"	"*"	"Cl Melotte   22    25"
"Cl Melotte   22    28"	"Em*"	"Cl Melotte   22    28"
"Cl Melotte   22    43"	"*"	"Cl Melotte   22    43"
"Cl Melotte   22    44"	"*"	"Cl Melotte   22    44"
"Cl Melotte   22    92"	"*"	"Cl Melotte   22    92"
"Cl Melotte   22   117"	"*"	"Cl Melotte   22   117"
"Cl Melotte   22   150"	"*"	"Cl Melotte   22   150"
"Cl Melotte   22   153"	"PM*"	"Cl Melotte   22   153"
"Cl Melotte   22  5013"	"*"	"Cl Melotte   22  3313"
"Cl Melotte   22  3313"	"*"	"Cl Melotte   22  3313"
"Cl Melotte   22  5013"	"*"	"Cl Melotte   22  5013"
"Cl Melotte   22  3313"	"*"	"Cl Melotte   22  5013"
"Cl Melotte   22   174"	"RS*"	"Cl Melotte   22   174"
"Cl Melotte   22   177"	"SB*"	"Cl Melotte   22   177"
"Cl Melotte   22   213"	"*"	"Cl Melotte   22   213"
"Cl Melotte   22   219"	"*"	"Cl Melotte   22   219"
"Cl Melotte   22   227"	"*"	"Cl Melotte   22   227"
"Cl Melotte   22   225"	"*"	"Cl Melotte   22   225"
"Cl Melotte   22   232"	"dS*"	"Cl Melotte   22   232"
"Cl Melotte   22   314"	"BY*"	"Cl Melotte   22   314"
"Cl Melotte   22   316"	"*"	"Cl Melotte   22   316"
"Cl Melotte   22   341"	"*"	"Cl Melotte   22   341"
"Cl Melotte   22   371"	"*"	"Cl Melotte   22   371"
"Cl Melotte   22   396"	"*"	"Cl Melotte   22   396"
"Cl Melotte   22   405"	"*"	"Cl Melotte   22   405"
"Cl Melotte   22   420"	"*"	"Cl Melotte   22   420"
"Cl Melotte   22   436"	"*"	"Cl Melotte   22   436"
"Cl Melotte   22   489"	"Y*O"	"Cl Melotte   22   489"
"Cl Melotte   22   344"	"PM*"	"Cl Melotte   22   344"
"Cl Melotte   22  9041"	"Y*O"	"Cl Melotte   22  9041"
"Cl Melotte   22  9040"	"PM*"	"Cl Melotte   22  9040"
"Cl Melotte   22  9002"	"Y*O"	"Cl Melotte   22  9002"
"Cl Melotte   22   500"	"Er*"	"Cl Melotte   22   500"
"Cl Melotte   22   347"	"Y*O"	"Cl Melotte   22   347"
"Cl Melotte   22   212"	"PM*"	"Cl Melotte   22   212"
"Cl Melotte   22   134"	"Y*O"	"Cl Melotte   22   134"
"Cl Melotte   22   293"	"BY*"	"Cl Melotte   22   293"
"Cl Melotte   22   253"	"BY*"	"Cl Melotte   22   253"
"Cl Melotte   22   263"	"BY*"	"Cl Melotte   22   263"
"Cl Melotte   22   320"	"RS*"	"Cl Melotte   22   320"
"Cl Melotte   22   430"	"Y*O"	"Cl Melotte   22   430"
"Cl Melotte   22    34"	"BY*"	"Cl Melotte   22    34"
"Cl Melotte   22    97"	"Y*O"	"Cl Melotte   22    97"
"Cl Melotte   22   456"	"Er*"	"Cl Melotte   22   456"
"Cl Melotte   22   339"	"AB?"	"Cl Melotte   22   339"
"Cl Melotte   22    27"	"*"	"Cl Melotte   22    27"
"Cl Melotte   22    81"	"*"	"Cl Melotte   22    81"
"Cl Melotte   22    88"	"*"	"Cl Melotte   22    88"
"Cl Melotte   22   126"	"*"	"Cl Melotte   22   126"
"Cl Melotte   22   156"	"*"	"Cl Melotte   22   156"
"Cl Melotte   22   206"	"*"	"Cl Melotte   22   206"
"Cl Melotte   22   299"	"TT?"	"Cl Melotte   22   299"
"Cl Melotte   22   299"	"TT?"	"NAME 1RXS J034412.1+240200SE"
"Cl Melotte   22   298"	"Y*O"	"NAME 1RXS J034412.1+240200NW"
"Cl Melotte   22   298"	"Y*O"	"Cl Melotte   22   298"
"Cl Melotte   22   302"	"*"	"Cl Melotte   22   302"
"Cl Melotte   22   303"	"Y*O"	"Cl Melotte   22   303"
"Cl Melotte   22   338"	"PM*"	"Cl Melotte   22   338"
"Cl Melotte   22   388"	"AB?"	"Cl Melotte   22   388"
"Cl Melotte   22   390"	"Y*O"	"Cl Melotte   22   390"
"Cl Melotte   22  3412"	"Y*O"	"Cl Melotte   22  3412"
"Cl Melotte   22  3459"	"Y*O"	"Cl Melotte   22  3459"
"Cl Melotte   22  4681"	"Be*"	"Cl Melotte   22  4681"
"Cl Melotte   22   468"	"Be*"	"Cl Melotte   22  4681"
"Cl Melotte   22  4681"	"Be*"	"Cl Melotte   22   468"
"Cl Melotte   22   468"	"Be*"	"Cl Melotte   22   468"
"Cl Melotte   22  4681"	"Be*"	"NAME Electra"
"Cl Melotte   22   468"	"Be*"	"NAME Electra"
"Cl Melotte   22  4681"	"Be*"	"VDB  20"
"Cl Melotte   22   468"	"Be*"	"VDB  20"
"Cl Melotte   22  3456"	"Y*O"	"Cl Melotte   22  3456"
"Cl Melotte   22   435"	"Er*"	"Cl Melotte   22   435"
"Cl Melotte   22   451"	"PM*"	"Cl Melotte   22   451"
"Cl Melotte   22   133"	"Er*"	"Cl Melotte   22   133"
"Cl Melotte   22    24"	"AB?"	"Cl Melotte   22    24"
"Cl Melotte   22    78"	"AB?"	"Cl Melotte   22    78"
"Cl Melotte   22   264"	"AB?"	"Cl Melotte   22   264"
"Cl Melotte   22   268"	"*"	"Cl Melotte   22   268"
"Cl Melotte   22   259"	"*"	"Cl Melotte   22   259"
"Cl Melotte   22   272"	"AB?"	"Cl Melotte   22   272"
"Cl Melotte   22   300"	"PM*"	"Cl Melotte   22   300"
"Cl Melotte   22   333"	"*"	"Cl Melotte   22   333"
"Cl Melotte   22   335"	"PM*"	"Cl Melotte   22   335"
"Cl Melotte   22   410"	"*"	"Cl Melotte   22   410"
"Cl Melotte   22   380"	"Y*O"	"Cl Melotte   22   380"
"Cl Melotte   22   345"	"BY*"	"Cl Melotte   22   345"
"Cl Melotte   22  3441"	"Y*O"	"Cl Melotte   22  3441"
"Cl Melotte   22   447"	"*"	"NAME Celaeno"
"Cl Melotte   22   447"	"*"	"Cl Melotte   22   447"
"Cl Melotte   22   447"	"*"	"NAME Celeno"
"Cl Melotte   22   357"	"Y*O"	"Cl Melotte   22   357"
"Cl Melotte   22   324"	"Y*O"	"Cl Melotte   22   324"
"Cl Melotte   22   322"	"SB*"	"Cl Melotte   22   322"
"Cl Melotte   22     7"	"*"	"Cl Melotte   22     7"
"Cl Melotte   22   234"	"*"	"Cl Melotte   22   234"
"Cl Melotte   22   239"	"PM*"	"Cl Melotte   22   239"
"Cl Melotte   22   294"	"Er*"	"Cl Melotte   22   294"
"Cl Melotte   22   404"	"*"	"Cl Melotte   22   404"
"Cl Melotte   22   412"	"Em*"	"Cl Melotte   22   412"
"Cl Melotte   22   285"	"Em*"	"Cl Melotte   22   285"
"Cl Melotte   22   289"	"SB*"	"Cl Melotte   22   289"
"Cl Melotte   22   330"	"*"	"Cl Melotte   22   330"
"Cl Melotte   22   360"	"*"	"Cl Melotte   22   360"
"Cl Melotte   22   417"	"*"	"Cl Melotte   22   417"
"Cl Melotte   22   438"	"Er*"	"Cl Melotte   22   438"
"Cl Melotte   22   454"	"AB?"	"Cl Melotte   22   454"
"Cl Melotte   22   455"	"Er*"	"Cl Melotte   22   455"
"Cl Melotte   22   471"	"*"	"Cl Melotte   22   471"
"Cl Melotte   22   481"	"*"	"Cl Melotte   22   481"
"Cl Melotte   22   494"	"*"	"Cl Melotte   22   494"
"Cl Melotte   22   509"	"*"	"Cl Melotte   22   509"
"Cl Melotte   22  1293"	"*"	"Cl Melotte   22  1293"
"Cl Melotte   22    52"	"*"	"Cl Melotte   22    52"
"Cl Melotte   22   191"	"Er*"	"Cl Melotte   22   191"
"Cl Melotte   22   395"	"EB*"	"Cl Melotte   22   395"
"Cl Melotte   22   318"	"*"	"Cl Melotte   22   318"
"Cl Melotte   22   453"	"Y*O"	"Cl Melotte   22   453"
"Cl Melotte   22   250"	"Y*O"	"Cl Melotte   22   250"
"Cl Melotte   22   158"	"dS*"	"Cl Melotte   22   158"
"Cl Melotte   25   208"	"PM*"	"Cl Melotte   25   208"
"Cl Melotte   22  3309"	"PM*"	"Cl Melotte   22  3309"
"Cl Melotte   22    70"	"AB?"	"Cl Melotte   22    70"
"Cl Melotte   22   105"	"*"	"Cl Melotte   22   105"
"Cl Melotte   22   108"	"*"	"Cl Melotte   22   108"
"Cl Melotte   22   145"	"*"	"Cl Melotte   22   145"
"Cl Melotte   22   157"	"**"	"Cl Melotte   22   157"
"Cl Melotte   22   164"	"SB*"	"Cl Melotte   22   164"
"Cl Melotte   22   169"	"*"	"Cl Melotte   22   169"
"Cl Melotte   22   176"	"*"	"Cl Melotte   22   176"
"Cl Melotte   22   189"	"Y*O"	"Cl Melotte   22   189"
"Cl Melotte   22   216"	"*"	"Cl Melotte   22   216"
"Cl Melotte   22   242"	"*"	"Cl Melotte   22   242"
"Cl Melotte   22   248"	"Y*O"	"Cl Melotte   22   248"
"Cl Melotte   22   310"	"*"	"Cl Melotte   22   310"
"Cl Melotte   22   313"	"*"	"Cl Melotte   22   313"
"Cl Melotte   22   364"	"*"	"Cl Melotte   22   364"
"Cl Melotte   22   365"	"*"	"Cl Melotte   22   365"
"Cl Melotte   22   457"	"*"	"Cl Melotte   22   457"
"Cl Melotte   22   508"	"*"	"Cl Melotte   22   508"
"Cl Melotte   22   513"	"Y*O"	"Cl Melotte   22   513"
"Cl Melotte   22  3304"	"*"	"Cl Melotte   22  3304"
"Cl Melotte   22  3310"	"*"	"Cl Melotte   22  3310"
"Cl Melotte   22  3312"	"**"	"Cl Melotte   22  3312"
"Cl Melotte   22   204"	"**"	"Cl Melotte   22   204"
"Cl Melotte   22   470"	"*"	"Cl Melotte   22   470"
"Cl Melotte   22  3303"	"SB*"	"Cl Melotte   22  3303"
"Cl Melotte   22   230"	"Er*"	"Cl Melotte   22   230"
"Cl Melotte   22   146"	"Er*"	"Cl Melotte   22   146"
"Cl Melotte   22   120"	"Y*O"	"Cl Melotte   22   120"
"Cl Melotte   22   129"	"Y*O"	"Cl Melotte   22   129"
"Cl Melotte   22     5"	"PM*"	"Cl Melotte   22     5"
"Cl Melotte   22   290"	"Er*"	"Cl Melotte   22   290"
"Cl Melotte   22   342"	"Er*"	"Cl Melotte   22   342"
"Cl Melotte   22   152"	"BY*"	"Cl Melotte   22   152"
"Cl Melotte   22   296"	"BY*"	"Cl Melotte   22   296"
"Cl Melotte   22  3307"	"SB*"	"Cl Melotte   22  3307"
"Cl Melotte   22  3311"	"PM*"	"Cl Melotte   22  3311"
"Cl Melotte   22  3314"	"*"	"Cl Melotte   22  3314"
"Cl Melotte   25     5"	"**"	"Cl Melotte   25     5"
"Cl Melotte   22   220"	"PM*"	"Cl Melotte   22   220"
"Cl Melotte   22   370"	"Y*O"	"Cl Melotte   22   370"
"Cl Melotte   22    29"	"Y*O"	"Cl Melotte   22    29"
"Cl Melotte   22   215"	"*"	"Cl Melotte   22   215"
"Cl Melotte   22   186"	"*"	"Cl Melotte   22   186"
"Cl Melotte   22    53"	"*"	"Cl Melotte   22    53"
"Cl Melotte   22   102"	"Em*"	"Cl Melotte   22   102"
"Cl Melotte   22   343"	"*"	"Cl Melotte   22   343"
"Cl Melotte   22   208"	"Em*"	"Cl Melotte   22   208"
"Cl Melotte   22   258"	"*"	"Cl Melotte   22   258"
"Cl Melotte   22   315"	"*"	"Cl Melotte   22   315"
"Cl Melotte   22   332"	"RG*"	"Cl Melotte   22   332"
"Cl Melotte   22   340"	"*"	"Cl Melotte   22   340"
"Cl Melotte   22   378"	"*"	"Cl Melotte   22   378"
"Cl Melotte   22   387"	"*"	"Cl Melotte   22   387"
"Cl Melotte   22   415"	"Em*"	"Cl Melotte   22   415"
"Cl Melotte   22   463"	"*"	"Cl Melotte   22   463"
"Cl Melotte   22   490"	"*"	"Cl Melotte   22   490"
"Cl Melotte   22    83"	"*"	"Cl Melotte   22    83"
"Cl Melotte   22   251"	"*"	"Cl Melotte   22   251"
"Cl Melotte   22   233"	"SB*"	"Cl Melotte   22   233"
"Cl Melotte   22  5006"	"*"	"Cl Melotte   22  3306"
"Cl Melotte   22  3306"	"*"	"Cl Melotte   22  3306"
"Cl Melotte   22  5006"	"*"	"Cl Melotte   22  5006"
"Cl Melotte   22  3306"	"*"	"Cl Melotte   22  5006"
"Cl Melotte   25   159"	"PM*"	"Cl Melotte   25   159"
"Cl Melotte   25   134"	"PM*"	"Cl Melotte   25   134"
"Cl Melotte   25   135"	"SB*"	"Cl Melotte   25   135"
"Cl Melotte   25   210"	"*"	"Cl Melotte   25   210"
"Cl Alessi   13"	"OpC"	"NAME chi1 For moving group"
"Cl Melotte   22  3442"	"*"	"Cl Melotte   22  3442"
"Cl Melotte   22  3319"	"SB*"	"Cl Melotte   22  3319"
"Cl Melotte   22   501"	"*"	"Cl Melotte   22   501"
"Cl Melotte   22   520"	"*"	"Cl Melotte   22   520"
"Cl Melotte   22   534"	"*"	"Cl Melotte   22   534"
"Cl Melotte   22   542"	"*"	"Cl Melotte   22   542"
"Cl Melotte   22   541"	"PM*"	"Cl Melotte   22   541"
"Cl Melotte   22   563"	"SB*"	"Cl Melotte   22   563"
"Cl Melotte   22  5631"	"SB*"	"Cl Melotte   22   563"
"Cl Melotte   22   563"	"SB*"	"NAME Taygete"
"Cl Melotte   22  5631"	"SB*"	"NAME Taygete"
"Cl Melotte   22   563"	"SB*"	"NAME Taygeta"
"Cl Melotte   22  5631"	"SB*"	"NAME Taygeta"
"Cl Melotte   22   563"	"SB*"	"Cl Melotte   22  5631"
"Cl Melotte   22  5631"	"SB*"	"Cl Melotte   22  5631"
"Cl Melotte   22   546"	"*"	"Cl Melotte   22   546"
"Cl Melotte   22   627"	"*"	"Cl Melotte   22   627"
"Cl Melotte   22   620"	"*"	"Cl Melotte   22   620"
"Cl Melotte   22   697"	"dS*"	"Cl Melotte   22   697"
"Cl Melotte   22   695"	"*"	"Cl Melotte   22   695"
"Cl Melotte   22   722"	"*"	"Cl Melotte   22   722"
"Cl Melotte   22   739"	"BY*"	"Cl Melotte   22   739"
"Cl Melotte   22   740"	"BY*"	"Cl Melotte   22   740"
"Cl Melotte   22   736"	"*"	"Cl Melotte   22   736"
"Cl Melotte   22   742"	"*"	"Cl Melotte   22   742"
"Cl Melotte   22   746"	"Y*O"	"Cl Melotte   22   746"
"Cl Melotte   22  8171"	"PM*"	"Cl Melotte   22  8171"
"Cl Melotte   22   817"	"PM*"	"Cl Melotte   22  8171"
"Cl Melotte   22  8171"	"PM*"	"NAME Asterope"
"Cl Melotte   22   817"	"PM*"	"NAME Asterope"
"Cl Melotte   22  8171"	"PM*"	"Cl Melotte   22   817"
"Cl Melotte   22   817"	"PM*"	"Cl Melotte   22   817"
"Cl Melotte   22  5018"	"*"	"Cl Melotte   22  5018"
"Cl Melotte   22  3458"	"*"	"Cl Melotte   22  5018"
"Cl Melotte   22  3318"	"*"	"Cl Melotte   22  5018"
"Cl Melotte   22  5018"	"*"	"Cl Melotte   22  3318"
"Cl Melotte   22  3458"	"*"	"Cl Melotte   22  3318"
"Cl Melotte   22  3318"	"*"	"Cl Melotte   22  3318"
"Cl Melotte   22  5018"	"*"	"Cl Melotte   22  3458"
"Cl Melotte   22  3458"	"*"	"Cl Melotte   22  3458"
"Cl Melotte   22  3318"	"*"	"Cl Melotte   22  3458"
"Cl Melotte   22   839"	"*"	"Cl Melotte   22   839"
"Cl Melotte   22  8591"	"**"	"Cl Melotte   22  8591"
"Cl Melotte   22   859"	"**"	"Cl Melotte   22  8591"
"Cl Melotte   22  8591"	"**"	"Cl Melotte   22   859"
"Cl Melotte   22   859"	"**"	"Cl Melotte   22   859"
"Cl Melotte   22   885"	"Y*O"	"Cl Melotte   22   885"
"Cl Melotte   22   891"	"*"	"Cl Melotte   22   891"
"Cl Melotte   22   916"	"Y*O"	"Cl Melotte   22   916"
"Cl Melotte   22   995"	"PM*"	"Cl Melotte   22   995"
"Cl Melotte   22   977"	"*"	"Cl Melotte   22   977"
"Cl Melotte   22   996"	"BY*"	"Cl Melotte   22   996"
"Cl Melotte   22  1005"	"**"	"Cl Melotte   22  1005"
"Cl Melotte   22  1032"	"BY*"	"Cl Melotte   22  1032"
"Cl Melotte   22  1058"	"*"	"Cl Melotte   22  1058"
"Cl Melotte   22  1110"	"PM*"	"Cl Melotte   22  1110"
"Cl Melotte   22  1331"	"*"	"Cl Melotte   22  1331"
"Cl Melotte   22   909"	"*"	"Cl Melotte   22   909"
"Cl Melotte   22  1384"	"dS*"	"Cl Melotte   22  1384"
"Cl Melotte   22  1399"	"*"	"Cl Melotte   22  1399"
"Cl Melotte   22  3320"	"*"	"Cl Melotte   22  3320"
"Cl Melotte   22   531"	"Pe*"	"Cl Melotte   22   531"
"Cl Melotte   22   717"	"**"	"Cl Melotte   22   717"
"Cl Melotte   22   745"	"SB*"	"Cl Melotte   22   745"
"Cl Melotte   22   938"	"*"	"Cl Melotte   22   938"
"Cl Melotte   22   939"	"*"	"Cl Melotte   22   939"
"Cl Melotte   22   956"	"**"	"Cl Melotte   22   956"
"Cl Melotte   22  1309"	"*"	"Cl Melotte   22  1309"
"Cl Melotte   22  1547"	"Er*"	"Cl Melotte   22  1547"
"Cl Melotte   22   590"	"Y*O"	"Cl Melotte   22   590"
"Cl Melotte   22   906"	"Y*O"	"Cl Melotte   22   906"
"Cl Melotte   22   484"	"PM*"	"Cl Melotte   22   484"
"Cl Melotte   22   761"	"Y*O"	"Cl Melotte   22   761"
"Cl Melotte   22   559"	"Y*O"	"Cl Melotte   22   559"
"Cl Melotte   22   686"	"Y*O"	"Cl Melotte   22   686"
"Cl Melotte   22  1100"	"Y*O"	"Cl Melotte   22  1100"
"Cl Melotte   22   101"	"Y*O"	"Cl Melotte   22   101"
"Cl Melotte   22  1015"	"Y*O"	"Cl Melotte   22   101"
"Cl Melotte   22   101"	"Y*O"	"Cl Melotte   22  1015"
"Cl Melotte   22  1015"	"Y*O"	"Cl Melotte   22  1015"
"Cl Melotte   22  1184"	"*"	"Cl Melotte   22  1184"
"Cl Melotte   22  1207"	"PM*"	"Cl Melotte   22  1207"
"Cl Melotte   22  1241"	"*"	"Cl Melotte   22  1241"
"Cl Melotte   22  1101"	"Em*"	"Cl Melotte   22  1101"
"Cl Melotte   22  1604"	"AB?"	"Cl Melotte   22  1604"
"Cl Melotte   22   652"	"PM*"	"Cl Melotte   22   652"
"Cl Melotte   22   708"	"BY*"	"Cl Melotte   22   708"
"Cl Melotte   22   804"	"*"	"Cl Melotte   22   804"
"Cl Melotte   22   930"	"BY*"	"Cl Melotte   22   930"
"Cl Melotte   22  1122"	"PM*"	"Cl Melotte   22  1122"
"Cl Melotte   22  1338"	"SB*"	"Cl Melotte   22  1338"
"Cl Melotte   22  1362"	"dS*"	"Cl Melotte   22  1362"
"Cl Melotte   22  1375"	"*"	"Cl Melotte   22  1375"
"Cl Melotte   22  1061"	"Y*O"	"Cl Melotte   22  1061"
"Cl Melotte   22   911"	"PM*"	"Cl Melotte   22   911"
"Cl Melotte   22   633"	"*"	"Cl Melotte   22   633"
"Cl Melotte   22  1123"	"*"	"Cl Melotte   22  1123"
"Cl Melotte   22   554"	"Y*O"	"Cl Melotte   22   554"
"Cl Melotte   22   673"	"PM*"	"Cl Melotte   22   673"
"Cl Melotte   22   813"	"Y*O"	"Cl Melotte   22   813"
"Cl Melotte   22  1348"	"Y*O"	"Cl Melotte   22  1348"
"Cl Melotte   22   749"	"Er*"	"Cl Melotte   22   749"
"Cl Melotte   22  1551"	"Er*"	"Cl Melotte   22  1551"
"Cl Melotte   22  1266"	"dS*"	"Cl Melotte   22  1266"
"Cl Melotte   22  3542"	"Y*O"	"Cl Melotte   22  3542"
"Cl Melotte   22   785"	"PM*"	"Cl Melotte   22  7851"
"Cl Melotte   22  7851"	"PM*"	"Cl Melotte   22  7851"
"Cl Melotte   22   785"	"PM*"	"Cl Melotte   22   785"
"Cl Melotte   22  7851"	"PM*"	"Cl Melotte   22   785"
"Cl Melotte   22   785"	"PM*"	"VDB  21"
"Cl Melotte   22  7851"	"PM*"	"VDB  21"
"Cl Melotte   22   785"	"PM*"	"NAME Maia"
"Cl Melotte   22  7851"	"PM*"	"NAME Maia"
"Cl Melotte   22  1234"	"**"	"Cl Melotte   22  1234"
"Cl Melotte   22   514"	"Y*O"	"Cl Melotte   22   514"
"Cl Melotte   22   566"	"Y*O"	"Cl Melotte   22   566"
"Cl Melotte   22   890"	"BY*"	"Cl Melotte   22   890"
"Cl Melotte   22  1491"	"Er*"	"Cl Melotte   22  1491"
"Cl Melotte   22  1583"	"Er*"	"Cl Melotte   22  1583"
"Cl Melotte   22  1114"	"Y*O"	"Cl Melotte   22  1114"
"Cl Melotte   22   605"	"SB*"	"Cl Melotte   22   605"
"Cl Melotte   22  1454"	"PM*"	"Cl Melotte   22  1454"
"Cl Melotte   22   823"	"S*?"	"Cl Melotte   22   823"
"Cl Melotte   22   901"	"LP*"	"Cl Melotte   22   901"
"Cl Melotte   22  1144"	"*"	"Cl Melotte   22  1144"
"Cl Melotte   22  1594"	"PM*"	"Cl Melotte   22  1594"
"Cl Melotte   22   571"	"Y*O"	"Cl Melotte   22   571"
"Cl Melotte   22  1172"	"Y*O"	"Cl Melotte   22  1172"
"Cl Melotte   22  1289"	"Er*"	"Cl Melotte   22  1289"
"Cl Melotte   22  9127"	"Er*"	"Cl Melotte   22  9127"
"Cl Melotte   22   762"	"Y*O"	"Cl Melotte   22   762"
"Cl Melotte   22   883"	"Y*O"	"Cl Melotte   22   883"
"Cl Melotte   22  1516"	"PM*"	"Cl Melotte   22  1516"
"Cl Melotte   22   879"	"BY*"	"Cl Melotte   22   879"
"Cl Melotte   22  1149"	"*"	"Cl Melotte   22  1149"
"Cl Melotte   22   609"	"*"	"Cl Melotte   22   609"
"Cl Melotte   22   704"	"*"	"Cl Melotte   22   704"
"Cl Melotte   22   750"	"*"	"Cl Melotte   22   750"
"Cl Melotte   22   784"	"*"	"Cl Melotte   22   784"
"Cl Melotte   22   873"	"PM*"	"Cl Melotte   22   873"
"Cl Melotte   22   903"	"*"	"Cl Melotte   22   903"
"Cl Melotte   22   727"	"Y*O"	"Cl Melotte   22   727"
"Cl Melotte   22   517"	"*"	"Cl Melotte   22   517"
"Cl Melotte   22   533"	"Pe*"	"Cl Melotte   22   533"
"Cl Melotte   22   537"	"*"	"Cl Melotte   22   537"
"Cl Melotte   22   570"	"*"	"Cl Melotte   22   570"
"Cl Melotte   22   589"	"Em*"	"Cl Melotte   22   589"
"Cl Melotte   22   593"	"*"	"Cl Melotte   22   593"
"Cl Melotte   22   602"	"*"	"Cl Melotte   22   602"
"Cl Melotte   22   610"	"*"	"Cl Melotte   22   610"
"Cl Melotte   22   614"	"*"	"Cl Melotte   22   614"
"Cl Melotte   22   648"	"Em*"	"Cl Melotte   22   648"
"Cl Melotte   22   667"	"AB?"	"Cl Melotte   22   667"
"Cl Melotte   22   706"	"EB*"	"Cl Melotte   22   706"
"Cl Melotte   22   716"	"*"	"Cl Melotte   22   716"
"Cl Melotte   22   775"	"*"	"Cl Melotte   22   775"
"Cl Melotte   22   812"	"*"	"Cl Melotte   22   812"
"Cl Melotte   22   838"	"*"	"Cl Melotte   22   838"
"Cl Melotte   22   854"	"*"	"Cl Melotte   22   854"
"Cl Melotte   22   855"	"*"	"Cl Melotte   22   855"
"Cl Melotte   22   874"	"*"	"Cl Melotte   22   874"
"Cl Melotte   22   875"	"*"	"Cl Melotte   22   875"
"Cl Melotte   22   880"	"Y*O"	"Cl Melotte   22   880"
"Cl Melotte   22   881"	"*"	"Cl Melotte   22   881"
"Cl Melotte   22   902"	"*"	"Cl Melotte   22   902"
"Cl Melotte   22   963"	"*"	"Cl Melotte   22   963"
"Cl Melotte   22   964"	"*"	"Cl Melotte   22   964"
"Cl Melotte   22  1028"	"**"	"Cl Melotte   22  1028"
"Cl Melotte   22  1053"	"*"	"Cl Melotte   22  1053"
"Cl Melotte   22  1071"	"*"	"Cl Melotte   22  1071"
"Cl Melotte   22  1075"	"PM*"	"Cl Melotte   22  1075"
"Cl Melotte   22  1085"	"*"	"Cl Melotte   22  1085"
"Cl Melotte   22  1116"	"*"	"Cl Melotte   22  1116"
"Cl Melotte   22  1151"	"*"	"Cl Melotte   22  1151"
"Cl Melotte   22  1159"	"*"	"Cl Melotte   22  1159"
"Cl Melotte   22  1169"	"Em*"	"Cl Melotte   22  1169"
"Cl Melotte   22  1199"	"*"	"Cl Melotte   22  1199"
"Cl Melotte   22  1242"	"*"	"Cl Melotte   22  1242"
"Cl Melotte   22  1247"	"*"	"Cl Melotte   22  1247"
"Cl Melotte   22  1272"	"*"	"Cl Melotte   22  1272"
"Cl Melotte   22  1295"	"*"	"Cl Melotte   22  1295"
"Cl Melotte   22  1313"	"*"	"Cl Melotte   22  1313"
"Cl Melotte   22  1327"	"*"	"Cl Melotte   22  1327"
"Cl Melotte   22  1335"	"*"	"Cl Melotte   22  1335"
"Cl Melotte   22  1337"	"Em*"	"Cl Melotte   22  1337"
"Cl Melotte   22  1351"	"*"	"Cl Melotte   22  1351"
"Cl Melotte   22  1353"	"*"	"Cl Melotte   22  1353"
"Cl Melotte   22  1361"	"**"	"Cl Melotte   22  1361"
"Cl Melotte   22  1411"	"*"	"Cl Melotte   22  1411"
"Cl Melotte   22  1428"	"*"	"Cl Melotte   22  1428"
"Cl Melotte   22  1459"	"*"	"Cl Melotte   22  1459"
"Cl Melotte   22  1474"	"*"	"Cl Melotte   22  1474"
"Cl Melotte   22  1477"	"*"	"Cl Melotte   22  1477"
"Cl Melotte   22  1519"	"Em*"	"Cl Melotte   22  1519"
"Cl Melotte   22  1522"	"*"	"Cl Melotte   22  1522"
"Cl Melotte   22  1526"	"*"	"Cl Melotte   22  1526"
"Cl Melotte   22  1538"	"*"	"Cl Melotte   22  1538"
"Cl Melotte   22  1552"	"*"	"Cl Melotte   22  1552"
"Cl Melotte   22  1587"	"*"	"Cl Melotte   22  1587"
"Cl Melotte   22  1588"	"*"	"Cl Melotte   22  1588"
"Cl Melotte   22  1597"	"*"	"Cl Melotte   22  1597"
"Cl Melotte   22  1608"	"*"	"Cl Melotte   22  1608"
"Cl Melotte   22  1615"	"*"	"Cl Melotte   22  1615"
"Cl Melotte   22  1627"	"*"	"Cl Melotte   22  1627"
"Cl Melotte   22  1632"	"*"	"Cl Melotte   22  1632"
"Cl Melotte   22  1642"	"*"	"Cl Melotte   22  1642"
"Cl Melotte   22   624"	"**"	"Cl Melotte   22   624"
"Cl Melotte   22  1766"	"*"	"Cl Melotte   22  1766"
"Cl Melotte   22  3324"	"*"	"Cl Melotte   22  3324"
"Cl Melotte   22  3550"	"*"	"Cl Melotte   22  3324"
"Cl Melotte   22  3324"	"*"	"Cl Melotte   22  3550"
"Cl Melotte   22  3550"	"*"	"Cl Melotte   22  3550"
"Cl Melotte   22  3473"	"*"	"Cl Melotte   22  3473"
"Cl Melotte   22  3328"	"PM*"	"Cl Melotte   22  3328"
"Cl Melotte   22  3330"	"*"	"Cl Melotte   22  3330"
"Cl Melotte   22  3333"	"Em*"	"Cl Melotte   22  3333"
"Cl Melotte   22  1705"	"*"	"Cl Melotte   22  1705"
"Cl Melotte   22  1829"	"PM*"	"Cl Melotte   22  1829"
"Cl Melotte   22  2027"	"Y*O"	"Cl Melotte   22  2027"
"Cl Melotte   22  2329"	"*"	"Cl Melotte   22  2329"
"Cl Melotte   22  2366"	"Y*O"	"Cl Melotte   22  2366"
"Cl Melotte   22  2601"	"Y*O"	"Cl Melotte   22  2601"
"Cl Melotte   22  3326"	"*"	"Cl Melotte   22  3326"
"Cl Melotte   22  5026"	"*"	"Cl Melotte   22  3326"
"Cl Melotte   22  3326"	"*"	"Cl Melotte   22  5026"
"Cl Melotte   22  5026"	"*"	"Cl Melotte   22  5026"
"Cl Melotte   22  2617"	"*"	"Cl Melotte   22  2617"
"Cl Melotte   22  2690"	"*"	"Cl Melotte   22  2690"
"Cl Melotte   22  2735"	"*"	"Cl Melotte   22  2735"
"Cl Melotte   22  3327"	"*"	"Cl Melotte   22  3327"
"Cl Melotte   22  2960"	"*"	"Cl Melotte   22  2960"
"Cl Melotte   22  3036"	"*"	"Cl Melotte   22  3036"
"Cl Melotte   22  3010"	"SB*"	"Cl Melotte   22  3010"
"Cl Melotte   22  3031"	"*"	"Cl Melotte   22  3031"
"Cl Melotte   22  3144"	"*"	"Cl Melotte   22  3144"
"Cl Melotte   22  3222"	"PM*"	"Cl Melotte   22  3222"
"Cl Melotte   22  3253"	"*"	"Cl Melotte   22  3253"
"Cl Melotte   22  5029"	"*"	"Cl Melotte   22  3470"
"Cl Melotte   22  3470"	"*"	"Cl Melotte   22  3470"
"Cl Melotte   22  5029"	"*"	"Cl Melotte   22  5029"
"Cl Melotte   22  3470"	"*"	"Cl Melotte   22  5029"
"Cl Melotte   22   693"	"SB*"	"Cl Melotte   22   693"
"Cl Melotte   22  1762"	"SB*"	"Cl Melotte   22   693"
"Cl Melotte   22   693"	"SB*"	"Cl Melotte   22  1762"
"Cl Melotte   22  1762"	"SB*"	"Cl Melotte   22  1762"
"Cl Melotte   22  1912"	"**"	"Cl Melotte   22  1912"
"Cl Melotte   22  2220"	"*"	"Cl Melotte   22  2220"
"Cl Melotte   22  2263"	"*"	"Cl Melotte   22  2263"
"Cl Melotte   22  2289"	"PM*"	"Cl Melotte   22  2289"
"Cl Melotte   22  2411"	"PM*"	"Cl Melotte   22  2411"
"Cl Melotte   22  2082"	"Y*O"	"Cl Melotte   22  2082"
"Cl Melotte   22  1785"	"Y*O"	"Cl Melotte   22  1785"
"Cl Melotte   22  3163"	"BY*"	"Cl Melotte   22  3163"
"Cl Melotte   22  3096"	"Y*O"	"Cl Melotte   22  3096"
"Cl Melotte   22  2588"	"BY*"	"Cl Melotte   22  2588"
"Cl Melotte   22  2927"	"Y*O"	"Cl Melotte   22  2927"
"Cl Melotte   22  1900"	"**"	"Cl Melotte   22  1900"
"Cl Melotte   22  2020"	"*"	"Cl Melotte   22  2020"
"Cl Melotte   22  2278"	"**"	"Cl Melotte   22  2278"
"Cl Melotte   22  2736"	"*"	"Cl Melotte   22  2736"
"Cl Melotte   22  2739"	"*"	"Cl Melotte   22  2739"
"Cl Melotte   22  2172"	"SB*"	"Cl Melotte   22  2172"
"Cl Melotte   22  3197"	"TT*"	"Cl Melotte   22  3197"
"Cl Melotte   22  3097"	"Y*O"	"Cl Melotte   22  3097"
"Cl Melotte   22  1806"	"*"	"Cl Melotte   22  1806"
"Cl Melotte   22  2351"	"*"	"Cl Melotte   22  2351"
"Cl Melotte   22  3050"	"*"	"Cl Melotte   22  3050"
"Cl Melotte   22  1929"	"RR*"	"Cl Melotte   22  1929"
"Cl Melotte   22  2323"	"*"	"Cl Melotte   22  2323"
"Cl Melotte   22  2407"	"SB*"	"Cl Melotte   22  2407"
"Cl Melotte   22  2741"	"Y*O"	"Cl Melotte   22  2741"
"Cl Melotte   22  1963"	"Er*"	"Cl Melotte   22  1963"
"Cl Melotte   22  1971"	"Er*"	"Cl Melotte   22  1971"
"Cl Melotte   22  1776"	"Y*O"	"Cl Melotte   22  1776"
"Cl Melotte   22  2695"	"Er*"	"Cl Melotte   22  2695"
"Cl Melotte   22  2892"	"Er*"	"Cl Melotte   22  2892"
"Cl Melotte   22  2940"	"PM*"	"Cl Melotte   22  2940"
"Cl Melotte   22  2244"	"BY*"	"Cl Melotte   22  2244"
"Cl Melotte   22  2830"	"AB?"	"Cl Melotte   22  2830"
"Cl Melotte   22  3123"	"AB?"	"Cl Melotte   22  3123"
"Cl Melotte   22  2644"	"Y*O"	"Cl Melotte   22  2644"
"Cl Melotte   22  2185"	"*"	"Cl Melotte   22  2185"
"Cl Melotte   22  2662"	"Er*"	"Cl Melotte   22  2662"
"Cl Melotte   22  1736"	"Er*"	"Cl Melotte   22  1736"
"Cl Melotte   22  2731"	"Er*"	"Cl Melotte   22  2731"
"Cl Melotte   22  1719"	"Er*"	"Cl Melotte   22  1719"
"Cl Melotte   22  1731"	"*"	"Cl Melotte   22  1731"
"Cl Melotte   22  1743"	"Em*"	"Cl Melotte   22  1743"
"Cl Melotte   22  1786"	"Em*"	"Cl Melotte   22  1786"
"Cl Melotte   22  1800"	"*"	"Cl Melotte   22  1800"
"Cl Melotte   22  1804"	"*"	"Cl Melotte   22  1804"
"Cl Melotte   22  1824"	"*"	"Cl Melotte   22  1824"
"Cl Melotte   22  1855"	"*"	"Cl Melotte   22  1855"
"Cl Melotte   22  1875"	"*"	"Cl Melotte   22  1875"
"Cl Melotte   22  1878"	"*"	"Cl Melotte   22  1878"
"Cl Melotte   22  1890"	"*"	"Cl Melotte   22  1890"
"Cl Melotte   22  1896"	"*"	"Cl Melotte   22  1896"
"Cl Melotte   22  1921"	"*"	"Cl Melotte   22  1921"
"Cl Melotte   22  1930"	"*"	"Cl Melotte   22  1930"
"Cl Melotte   22  1942"	"*"	"Cl Melotte   22  1942"
"Cl Melotte   22  1949"	"*"	"Cl Melotte   22  1949"
"Cl Melotte   22  1950"	"*"	"Cl Melotte   22  1950"
"Cl Melotte   22  1972"	"*"	"Cl Melotte   22  1972"
"Cl Melotte   22  1981"	"*"	"Cl Melotte   22  1981"
"Cl Melotte   22  1991"	"*"	"Cl Melotte   22  1991"
"Cl Melotte   22  2012"	"*"	"Cl Melotte   22  2012"
"Cl Melotte   22  2023"	"*"	"Cl Melotte   22  2023"
"Cl Melotte   22  2036"	"*"	"Cl Melotte   22  2036"
"Cl Melotte   22  2046"	"*"	"Cl Melotte   22  2046"
"Cl Melotte   22  2056"	"*"	"Cl Melotte   22  2056"
"Cl Melotte   22  2104"	"*"	"Cl Melotte   22  2104"
"Cl Melotte   22  2134"	"Er*"	"Cl Melotte   22  2134"
"Cl Melotte   22  2150"	"*"	"Cl Melotte   22  2150"
"Cl Melotte   22  2179"	"*"	"Cl Melotte   22  2179"
"Cl Melotte   22  2204"	"*"	"Cl Melotte   22  2204"
"Cl Melotte   22  2229"	"Em*"	"Cl Melotte   22  2229"
"Cl Melotte   22  2241"	"*"	"Cl Melotte   22  2241"
"Cl Melotte   22  2255"	"*"	"Cl Melotte   22  2255"
"Cl Melotte   22  2275"	"*"	"Cl Melotte   22  2275"
"Cl Melotte   22  2279"	"*"	"Cl Melotte   22  2279"
"Cl Melotte   22  2304"	"Er*"	"Cl Melotte   22  2304"
"Cl Melotte   22  2310"	"*"	"Cl Melotte   22  2310"
"Cl Melotte   22  2312"	"*"	"Cl Melotte   22  2312"
"Cl Melotte   22  2314"	"*"	"Cl Melotte   22  2314"
"Cl Melotte   22  2320"	"*"	"Cl Melotte   22  2320"
"Cl Melotte   22  2326"	"*"	"Cl Melotte   22  2326"
"Cl Melotte   22  2340"	"*"	"Cl Melotte   22  2340"
"Cl Melotte   22  2361"	"*"	"Cl Melotte   22  2361"
"Cl Melotte   22  2364"	"*"	"Cl Melotte   22  2364"
"Cl Melotte   22  2384"	"*"	"Cl Melotte   22  2384"
"Cl Melotte   22  2399"	"*"	"Cl Melotte   22  2399"
"Cl Melotte   22  2400"	"*"	"Cl Melotte   22  2400"
"Cl Melotte   22  2427"	"*"	"Cl Melotte   22  2427"
"Cl Melotte   22  2430"	"*"	"Cl Melotte   22  2430"
"Cl Melotte   22  2466"	"SB*"	"Cl Melotte   22  2466"
"Cl Melotte   22  2468"	"*"	"Cl Melotte   22  2468"
"Cl Melotte   22  2490"	"*"	"Cl Melotte   22  2490"
"Cl Melotte   22  2517"	"*"	"Cl Melotte   22  2517"
"Cl Melotte   22  2532"	"PM*"	"Cl Melotte   22  2532"
"Cl Melotte   22  2538"	"*"	"Cl Melotte   22  2538"
"Cl Melotte   22  2539"	"*"	"Cl Melotte   22  2539"
"Cl Melotte   22  2563"	"*"	"Cl Melotte   22  2563"
"Cl Melotte   22  2598"	"*"	"Cl Melotte   22  2598"
"Cl Melotte   22  2600"	"*"	"Cl Melotte   22  2600"
"Cl Melotte   22  2608"	"*"	"Cl Melotte   22  2608"
"Cl Melotte   22  2643"	"*"	"Cl Melotte   22  2643"
"Cl Melotte   22  2651"	"*"	"Cl Melotte   22  2651"
"Cl Melotte   22  2675"	"*"	"Cl Melotte   22  2675"
"Cl Melotte   22  2693"	"*"	"Cl Melotte   22  2693"
"Cl Melotte   22  1876"	"*"	"Cl Melotte   22  1876"
"Cl Melotte   22   979"	"Er*"	"Cl Melotte   22   979"
"Cl Melotte   22  3065"	"Er*"	"Cl Melotte   22  3065"
"Cl Melotte   22  1173"	"Er*"	"Cl Melotte   22  1173"
"Cl Melotte   22  2208"	"PM*"	"Cl Melotte   22  2208"
"Cl Melotte   22  2908"	"Er*"	"Cl Melotte   22  2908"
"Cl Melotte   22  2697"	"*"	"Cl Melotte   22  2697"
"Cl Melotte   22  1451"	"*"	"Cl Melotte   22  1451"
"Cl Melotte   22  3122"	"Er*"	"Cl Melotte   22  3122"
"Cl Melotte   22  1261"	"*"	"Cl Melotte   22  1261"
"Cl Melotte   22   656"	"Em*"	"Cl Melotte   22   656"
"Cl Melotte   22   741"	"**"	"Cl Melotte   22   741"
"Cl Melotte   22   968"	"*"	"Cl Melotte   22   968"
"Cl Melotte   22  1041"	"*"	"Cl Melotte   22  1041"
"Cl Melotte   22  1062"	"*"	"Cl Melotte   22  1062"
"Cl Melotte   22  1063"	"*"	"Cl Melotte   22  1063"
"Cl Melotte   22  1147"	"*"	"Cl Melotte   22  1147"
"Cl Melotte   22  1155"	"*"	"Cl Melotte   22  1155"
"Cl Melotte   22  1647"	"*"	"Cl Melotte   22  1647"
"Cl Melotte   22  1648"	"*"	"Cl Melotte   22  1648"
"Cl Melotte   22  1689"	"Pe*"	"Cl Melotte   22  1689"
"Cl Melotte   22  1826"	"*"	"Cl Melotte   22  1826"
"Cl Melotte   22  1970"	"*"	"Cl Melotte   22  1970"
"Cl Melotte   22  1975"	"*"	"Cl Melotte   22  1975"
"Cl Melotte   22  2097"	"Y*O"	"Cl Melotte   22  2097"
"Cl Melotte   22  2272"	"*"	"Cl Melotte   22  2272"
"Cl Melotte   22  2482"	"*"	"Cl Melotte   22  2482"
"Cl Melotte   22   752"	"BY*"	"Cl Melotte   22   752"
"Cl Melotte   22  2597"	"SB*"	"Cl Melotte   22  2597"
"Cl Melotte   22  1653"	"Y*O"	"Cl Melotte   22  1653"
"Cl Melotte   22   628"	"Er*"	"Cl Melotte   22   628"
"Cl Melotte   22  1009"	"EB*"	"Cl Melotte   22  1009"
"Cl Melotte   22   556"	"EB*"	"Cl Melotte   22   556"
"Cl Melotte   22  1280"	"Y*O"	"Cl Melotte   22  1280"
"Cl Melotte   22  1485"	"Y*O"	"Cl Melotte   22  1485"
"Cl Melotte   22  2591"	"Er*"	"Cl Melotte   22  2591"
"Cl Melotte   22  1651"	"PM*"	"Cl Melotte   22  1651"
"Cl Melotte   22   974"	"Y*O"	"Cl Melotte   22   974"
"Cl Melotte   22  1029"	"Y*O"	"Cl Melotte   22  1029"
"Cl Melotte   22  1095"	"Y*O"	"Cl Melotte   22  1095"
"Cl Melotte   22  2488"	"*"	"Cl Melotte   22  2488"
"Cl Melotte   22  1431"	"SB*"	"Cl Melotte   22  1431"
"Cl Melotte   22"	"OpC"	"NAME Seven Sisters"
"Cl Melotte   22"	"OpC"	"NAME Pleiades"
"Cl Melotte   22"	"OpC"	"M  45"
"Cl Melotte   22"	"OpC"	"Cl Melotte   22"
"Cl Melotte   22   510"	"*"	"Cl Melotte   22   510"
"Cl Melotte   22   540"	"*"	"Cl Melotte   22   540"
"Cl Melotte   22   792"	"*"	"Cl Melotte   22   792"
"Cl Melotte   22   799"	"Y*O"	"Cl Melotte   22   799"
"Cl Melotte   22   870"	"Y*O"	"Cl Melotte   22   870"
"Cl Melotte   22   910"	"*"	"Cl Melotte   22   910"
"Cl Melotte   22   975"	"*"	"Cl Melotte   22   975"
"Cl Melotte   22  1084"	"PM*"	"Cl Melotte   22  1084"
"Cl Melotte   22  1117"	"Y*O"	"Cl Melotte   22  1117"
"Cl Melotte   22  1215"	"Er*"	"Cl Melotte   22  1215"
"Cl Melotte   22  1284"	"gD*"	"Cl Melotte   22  1284"
"Cl Melotte   22  1325"	"*"	"Cl Melotte   22  1325"
"Cl Melotte   22  1332"	"BY*"	"Cl Melotte   22  1332"
"Cl Melotte   22  1346"	"Em*"	"Cl Melotte   22  1346"
"Cl Melotte   22  1357"	"*"	"Cl Melotte   22  1357"
"Cl Melotte   22  1380"	"*"	"Cl Melotte   22  1380"
"Cl Melotte   22  1397"	"SB*"	"Cl Melotte   22  1397"
"Cl Melotte   22  1392"	"SB*"	"Cl Melotte   22  1392"
"Cl Melotte   22  1425"	"dS*"	"Cl Melotte   22  1425"
"Cl Melotte   22  1498"	"PM*"	"Cl Melotte   22  1498"
"Cl Melotte   22  1521"	"*"	"Cl Melotte   22  1521"
"Cl Melotte   22  1549"	"*"	"Cl Melotte   22  1549"
"Cl Melotte   22  1613"	"PM*"	"Cl Melotte   22  1613"
"Cl Melotte   22   591"	"PM*"	"Cl Melotte   22   591"
"Cl Melotte   22   643"	"PM*"	"Cl Melotte   22   643"
"Cl Melotte   22  3329"	"*"	"Cl Melotte   22  3317"
"Cl Melotte   22  3317"	"*"	"Cl Melotte   22  3317"
"Cl Melotte   22  3329"	"*"	"Cl Melotte   22  3329"
"Cl Melotte   22  3317"	"*"	"Cl Melotte   22  3329"
"Cl Melotte   22   801"	"PM*"	"Cl Melotte   22   801"
"Cl Melotte   22   904"	"*"	"Cl Melotte   22   904"
"Cl Melotte   22   923"	"Y*O"	"Cl Melotte   22   923"
"Cl Melotte   22   948"	"PM*"	"Cl Melotte   22   948"
"Cl Melotte   22  1003"	"*"	"Cl Melotte   22  1003"
"Cl Melotte   22  1132"	"*"	"Cl Melotte   22  1132"
"Cl Melotte   22  1139"	"PM*"	"Cl Melotte   22  1139"
"Cl Melotte   22  1182"	"Y*O"	"Cl Melotte   22  1182"
"Cl Melotte   22  1200"	"*"	"Cl Melotte   22  1200"
"Cl Melotte   22  1211"	"SB*"	"Cl Melotte   22  1211"
"Cl Melotte   22  1407"	"SB*"	"Cl Melotte   22  1407"
"Cl Melotte   22  3315"	"PM*"	"Cl Melotte   22  3315"
"Cl Melotte   22   924"	"Er*"	"Cl Melotte   22   924"
"Cl Melotte   22  1531"	"Y*O"	"Cl Melotte   22  1531"
"Cl Melotte   22  1286"	"Er*"	"Cl Melotte   22  1286"
"Cl Melotte   22  1103"	"Er*"	"Cl Melotte   22  1103"
"Cl Melotte   22   793"	"Y*O"	"Cl Melotte   22   793"
"Cl Melotte   22   676"	"Y*O"	"Cl Melotte   22   676"
"Cl Melotte   22  1124"	"BY*"	"Cl Melotte   22  1124"
"Cl Melotte   22   738"	"Y*O"	"Cl Melotte   22   738"
"Cl Melotte   22   659"	"Y*O"	"Cl Melotte   22   659"
"Cl Melotte   22   522"	"Y*O"	"Cl Melotte   22   522"
"Cl Melotte   22  1298"	"Y*O"	"Cl Melotte   22  1298"
"Cl Melotte   22  1220"	"Y*O"	"Cl Melotte   22  1220"
"Cl Melotte   22  1038"	"Er*"	"Cl Melotte   22  1038"
"Cl Melotte   22  1201"	"*"	"Cl Melotte   22  1201"
"Cl Melotte   22  1121"	"*"	"Cl Melotte   22  1121"
"Cl Melotte   22  1131"	"*"	"Cl Melotte   22  1131"
"Cl Melotte   22  1170"	"*"	"Cl Melotte   22  1170"
"Cl Melotte   22  1282"	"*"	"Cl Melotte   22  1282"
"Cl Melotte   22  1545"	"*"	"Cl Melotte   22  1545"
"Cl Melotte   22  1570"	"*"	"Cl Melotte   22  1570"
"Cl Melotte   22  1506"	"*"	"Cl Melotte   22  1506"
"Cl Melotte   22   636"	"Y*O"	"Cl Melotte   22   636"
"Cl Melotte   22  1275"	"Y*O"	"Cl Melotte   22  1275"
"Cl Melotte   22  1593"	"Y*O"	"Cl Melotte   22  1593"
"Cl Melotte   22   539"	"Er*"	"Cl Melotte   22   539"
"Cl Melotte   22   564"	"Er*"	"Cl Melotte   22   564"
"Cl Melotte   22  1512"	"BY*"	"Cl Melotte   22  1512"
"Cl Melotte   22   892"	"Y*O"	"Cl Melotte   22   892"
"Cl Melotte   22   703"	"Er*"	"Cl Melotte   22   703"
"Cl Melotte   22  1128"	"Er*"	"Cl Melotte   22  1128"
"Cl Melotte   22  1553"	"Y*O"	"Cl Melotte   22  1553"
"Cl Melotte   22  1566"	"Er*"	"Cl Melotte   22  1566"
"Cl Melotte   22  1355"	"Y*O"	"Cl Melotte   22  1355"
"Cl Melotte   22   530"	"PM*"	"Cl Melotte   22   530"
"Cl Melotte   22  1113"	"*"	"Cl Melotte   22  1113"
"Cl Melotte   22  1370"	"*"	"Cl Melotte   22  1370"
"Cl Melotte   22  1367"	"PM*"	"Cl Melotte   22  1367"
"Cl Melotte   22  1069"	"PM*"	"Cl Melotte   22  1069"
"Cl Melotte   22   980"	"Be*"	"VDB  22"
"Cl Melotte   22   980"	"Be*"	"Cl Melotte   22   980"
"Cl Melotte   22   980"	"Be*"	"NAME Merope"
"Cl Melotte   22  1645"	"*"	"Cl Melotte   22  1645"
"Cl Melotte   22   945"	"*"	"Cl Melotte   22   945"
"Cl Melotte   22  1094"	"Y*O"	"Cl Melotte   22  1094"
"Cl Melotte   22   915"	"Er*"	"Cl Melotte   22   915"
"Cl Melotte   22  1606"	"Er*"	"Cl Melotte   22  1606"
"Cl Melotte   22   660"	"Em*"	"Cl Melotte   22   660"
"Cl Melotte   22  1349"	"*"	"Cl Melotte   22  1349"
"Cl Melotte   22  1638"	"HB*"	"Cl Melotte   22  1638"
"Cl Melotte   22  1657"	"AB?"	"Cl Melotte   22  1657"
"Cl Melotte   22   525"	"*"	"Cl Melotte   22   525"
"Cl Melotte   22   560"	"*"	"Cl Melotte   22   560"
"Cl Melotte   22   649"	"Em*"	"Cl Melotte   22   649"
"Cl Melotte   22   671"	"*"	"Cl Melotte   22   671"
"Cl Melotte   22   685"	"*"	"Cl Melotte   22   685"
"Cl Melotte   22   688"	"Em*"	"Cl Melotte   22   688"
"Cl Melotte   22   705"	"Pe*"	"Cl Melotte   22   705"
"Cl Melotte   22   712"	"*"	"Cl Melotte   22   712"
"Cl Melotte   22   719"	"*"	"Cl Melotte   22   719"
"Cl Melotte   22   780"	"Pe*"	"Cl Melotte   22   780"
"Cl Melotte   22   802"	"*"	"Cl Melotte   22   802"
"Cl Melotte   22   803"	"*"	"Cl Melotte   22   803"
"Cl Melotte   22   815"	"*"	"Cl Melotte   22   815"
"Cl Melotte   22   957"	"*"	"Cl Melotte   22   957"
"Cl Melotte   22   992"	"*"	"Cl Melotte   22   992"
"Cl Melotte   22  1021"	"*"	"Cl Melotte   22  1021"
"Cl Melotte   22  1043"	"*"	"Cl Melotte   22  1043"
"Cl Melotte   22  1056"	"*"	"Cl Melotte   22  1056"
"Cl Melotte   22  1070"	"*"	"Cl Melotte   22  1070"
"Cl Melotte   22  1077"	"HB*"	"Cl Melotte   22  1077"
"Cl Melotte   22  1083"	"*"	"Cl Melotte   22  1083"
"Cl Melotte   22  1087"	"*"	"Cl Melotte   22  1087"
"Cl Melotte   22  1088"	"*"	"Cl Melotte   22  1088"
"Cl Melotte   22  1150"	"*"	"Cl Melotte   22  1150"
"Cl Melotte   22  1163"	"*"	"Cl Melotte   22  1163"
"Cl Melotte   22  1228"	"*"	"Cl Melotte   22  1228"
"Cl Melotte   22  1259"	"*"	"Cl Melotte   22  1259"
"Cl Melotte   22  1294"	"*"	"Cl Melotte   22  1294"
"Cl Melotte   22  1374"	"*"	"Cl Melotte   22  1374"
"Cl Melotte   22  1391"	"*"	"Cl Melotte   22  1391"
"Cl Melotte   22  1415"	"*"	"Cl Melotte   22  1415"
"Cl Melotte   22  1420"	"*"	"Cl Melotte   22  1420"
"Cl Melotte   22  1438"	"PM*"	"Cl Melotte   22  1438"
"Cl Melotte   22  1458"	"*"	"Cl Melotte   22  1458"
"Cl Melotte   22  1464"	"*"	"Cl Melotte   22  1464"
"Cl Melotte   22  1495"	"*"	"Cl Melotte   22  1495"
"Cl Melotte   22  1607"	"*"	"Cl Melotte   22  1607"
"Cl Melotte   22  1616"	"*"	"Cl Melotte   22  1616"
"Cl Melotte   22  1643"	"*"	"Cl Melotte   22  1643"
"Cl Melotte   22  1646"	"*"	"Cl Melotte   22  1646"
"Cl Melotte   22  1656"	"*"	"Cl Melotte   22  1656"
"Cl Melotte   22  1658"	"*"	"Cl Melotte   22  1658"
"Cl Melotte   22  1668"	"*"	"Cl Melotte   22  1668"
"Cl Melotte   22  2554"	"**"	"Cl Melotte   22  2554"
"Cl Melotte   22  2484"	"*"	"Cl Melotte   22  2484"
"Cl Melotte   22  1667"	"**"	"Cl Melotte   22  1666"
"Cl Melotte   22  1666"	"**"	"Cl Melotte   22  1666"
"Cl Melotte   22  1667"	"**"	"Cl Melotte   22  1667"
"Cl Melotte   22  1666"	"**"	"Cl Melotte   22  1667"
"Cl Melotte   22  1680"	"*"	"Cl Melotte   22  1680"
"Cl Melotte   22  1856"	"PM*"	"Cl Melotte   22  1856"
"Cl Melotte   22  1924"	"Y*O"	"Cl Melotte   22  1924"
"Cl Melotte   22  2147"	"RS*"	"Cl Melotte   22  2147"
"Cl Melotte   22  2168"	"SB*"	"Cl Melotte   22  2168"
"Cl Melotte   22  2168"	"SB*"	"NAME Atlas"
"Cl Melotte   22  2195"	"*"	"Cl Melotte   22  2195"
"Cl Melotte   22  2341"	"BY*"	"Cl Melotte   22  2341"
"Cl Melotte   22  2507"	"SB*"	"Cl Melotte   22  2507"
"Cl Melotte   22  2500"	"SB*"	"Cl Melotte   22  2500"
"Cl Melotte   22  2503"	"PM*"	"Cl Melotte   22  2503"
"Cl Melotte   22  2866"	"*"	"Cl Melotte   22  2866"
"Cl Melotte   25   211"	"PM*"	"Cl Melotte   25   170"
"Cl Melotte   25   170"	"PM*"	"Cl Melotte   25   170"
"Cl Melotte   25   211"	"PM*"	"Cl Melotte   25   211"
"Cl Melotte   25   170"	"PM*"	"Cl Melotte   25   211"
"Cl Melotte   22  2983"	"*"	"Cl Melotte   22  2983"
"Cl Melotte   22  3179"	"PM*"	"Cl Melotte   22  3179"
"Cl Melotte   22  3217"	"*"	"Cl Melotte   22  3217"
"Cl Melotte   22  1823"	"PM*"	"Cl Melotte   22  1823"
"Cl Melotte   22  1993"	"*"	"Cl Melotte   22  1993"
"Cl Melotte   22  2197"	"AB?"	"Cl Melotte   22  2197"
"Cl Melotte   22  1938"	"*"	"Cl Melotte   22  1938"
"Cl Melotte   22  2207"	"*"	"Cl Melotte   22  2207"
"Cl Melotte   22  3322"	"PM*"	"Cl Melotte   22  3322"
"Cl Melotte   22  2345"	"Pe*"	"Cl Melotte   22  2345"
"Cl Melotte   22  5023"	"*"	"Cl Melotte   22  3323"
"Cl Melotte   22  3323"	"*"	"Cl Melotte   22  3323"
"Cl Melotte   22  5023"	"*"	"Cl Melotte   22  5023"
"Cl Melotte   22  3323"	"*"	"Cl Melotte   22  5023"
"Cl Melotte   22  2415"	"*"	"Cl Melotte   22  2415"
"Cl Melotte   22  2417"	"*"	"Cl Melotte   22  2417"
"Cl Melotte   22  2506"	"*"	"Cl Melotte   22  2506"
"Cl Melotte   22  2890"	"**"	"Cl Melotte   22  2890"
"Cl Melotte   22  2929"	"gD*"	"Cl Melotte   22  2929"
"Cl Melotte   22  3093"	"*"	"Cl Melotte   22  3093"
"Cl Melotte   22  3331"	"*"	"Cl Melotte   22  3331"
"Cl Melotte   22  3332"	"PM*"	"Cl Melotte   22  3332"
"Cl Melotte   22  2017"	"LP*"	"Cl Melotte   22  2017"
"Cl Melotte  221  1485"	"Y*O"	"Cl Melotte  221  1485"
"Cl Melotte   22  1827"	"PM*"	"Cl Melotte   22  1827"
"Cl Melotte   22  3104"	"SB*"	"Cl Melotte   22  3104"
"Cl Melotte   22  2879"	"EB*"	"Cl Melotte   22  2879"
"Cl Melotte   22  2193"	"BY*"	"Cl Melotte   22  2193"
"Cl Melotte   22  1883"	"Er*"	"Cl Melotte   22  1883"
"Cl Melotte   22  3180"	"Er*"	"Cl Melotte   22  3180"
"Cl Melotte   22  2087"	"PM*"	"Cl Melotte   22  2087"
"Cl Melotte   22  2786"	"BY*"	"Cl Melotte   22  2786"
"Cl Melotte   22  2499"	"*"	"Cl Melotte   22  2499"
"Cl Melotte   22  5021"	"PM*"	"Cl Melotte   22  5021"
"Cl Melotte   22  3321"	"PM*"	"Cl Melotte   22  5021"
"Cl Melotte   22  5021"	"PM*"	"Cl Melotte   22  3321"
"Cl Melotte   22  3321"	"PM*"	"Cl Melotte   22  3321"
"Cl Melotte   22  1733"	"*"	"Cl Melotte   22  1733"
"Cl Melotte   22  1948"	"*"	"Cl Melotte   22  1948"
"Cl Melotte   22  1784"	"*"	"Cl Melotte   22  1784"
"Cl Melotte   22  1695"	"PM*"	"Cl Melotte   22  1695"
"Cl Melotte   22  1805"	"Y*O"	"Cl Melotte   22  1805"
"Cl Melotte   22  2126"	"Y*O"	"Cl Melotte   22  2126"
"Cl Melotte   22  2209"	"PM*"	"Cl Melotte   22  2209"
"Cl Melotte   22  2548"	"BY*"	"Cl Melotte   22  2548"
"Cl Melotte   22  2655"	"*"	"Cl Melotte   22  2655"
"Cl Melotte   22  2870"	"Y*O"	"Cl Melotte   22  2870"
"Cl Melotte   22  2881"	"Er*"	"Cl Melotte   22  2881"
"Cl Melotte   22  2880"	"Y*O"	"Cl Melotte   22  2880"
"Cl Melotte   22  2984"	"Y*O"	"Cl Melotte   22  2984"
"Cl Melotte   22  3187"	"Y*O"	"Cl Melotte   22  3187"
"Cl Melotte   22  1756"	"Y*O"	"Cl Melotte   22  1756"
"Cl Melotte   22  2337"	"Er*"	"Cl Melotte   22  2337"
"Cl Melotte   22  3146"	"Er*"	"Cl Melotte   22  3146"
"Cl Melotte   22  8036"	"PM*"	"Cl Melotte   22  8036"
"Cl Melotte   22  2406"	"Y*O"	"Cl Melotte   22  2406"
"Cl Melotte   22  2381"	"PM*"	"Cl Melotte   22  2381"
"Cl Melotte   22    69"	"Er*"	"Cl Melotte   22    69"
"Cl Melotte   22  2144"	"Y*O"	"Cl Melotte   22  2144"
"Cl Melotte   22  2106"	"Y*O"	"Cl Melotte   22  2106"
"Cl Melotte   22  3101"	"*"	"Cl Melotte   22  3101"
"Cl Melotte   22  2462"	"Y*O"	"Cl Melotte   22  2462"
"Cl Melotte   22  1926"	"Er*"	"Cl Melotte   22  1926"
"Cl Melotte   22  2441"	"Er*"	"Cl Melotte   22  2441"
"Cl Melotte   22  2284"	"BY*"	"Cl Melotte   22  2284"
"Cl Melotte   22  2294"	"S*?"	"Cl Melotte   22  2294"
"Cl Melotte   22  2658"	"PM*"	"Cl Melotte   22  2658"
"Cl Melotte   22  2855"	"*"	"Cl Melotte   22  2855"
"Cl Melotte   22  3063"	"BY*"	"Cl Melotte   22  3063"
"Cl Melotte   22  2665"	"Y*O"	"Cl Melotte   22  2665"
"Cl Melotte   22  3133"	"Er*"	"Cl Melotte   22  3133"
"Cl Melotte   22  2109"	"Er*"	"Cl Melotte   22  2109"
"Cl Melotte   22  2412"	"*"	"Cl Melotte   22  2412"
"Cl Melotte   22  1721"	"*"	"Cl Melotte   22  1721"
"Cl Melotte   22  2485"	"HB*"	"Cl Melotte   22  2485"
"Cl Melotte   22  2181"	"Be*"	"NAME Pleione"
"Cl Melotte   22   878"	"Be*"	"NAME Pleione"
"Cl Melotte   22  2181"	"Be*"	"Cl Melotte   22   878"
"Cl Melotte   22   878"	"Be*"	"Cl Melotte   22   878"
"Cl Melotte   22  2181"	"Be*"	"Cl Melotte   22  2181"
"Cl Melotte   22   878"	"Be*"	"Cl Melotte   22  2181"
"Cl Melotte   22  2425"	"*"	"Cl Melotte   22  2425"
"Cl Melotte   22  1673"	"*"	"Cl Melotte   22  1673"
"Cl Melotte   22  1676"	"*"	"Cl Melotte   22  1676"
"Cl Melotte   22  1683"	"Em*"	"Cl Melotte   22  1683"
"Cl Melotte   22  1713"	"*"	"Cl Melotte   22  1713"
"Cl Melotte   22  1734"	"*"	"Cl Melotte   22  1734"
"Cl Melotte   22  1737"	"*"	"Cl Melotte   22  1737"
"Cl Melotte   22  1759"	"*"	"Cl Melotte   22  1759"
"Cl Melotte   22  1783"	"HB*"	"Cl Melotte   22  1783"
"Cl Melotte   22  1809"	"*"	"Cl Melotte   22  1809"
"Cl Melotte   22  1813"	"*"	"Cl Melotte   22  1813"
"Cl Melotte   22  1836"	"*"	"Cl Melotte   22  1836"
"Cl Melotte   22  1852"	"*"	"Cl Melotte   22  1852"
"Cl Melotte   22  1857"	"Em*"	"Cl Melotte   22  1857"
"Cl Melotte   22  1874"	"*"	"Cl Melotte   22  1874"
"Cl Melotte   22  1888"	"*"	"Cl Melotte   22  1888"
"Cl Melotte   22  1901"	"*"	"Cl Melotte   22  1901"
"Cl Melotte   22  1906"	"RG*"	"Cl Melotte   22  1906"
"Cl Melotte   22  1909"	"*"	"Cl Melotte   22  1909"
"Cl Melotte   22  1925"	"*"	"Cl Melotte   22  1925"
"Cl Melotte   22  1954"	"*"	"Cl Melotte   22  1954"
"Cl Melotte   22  1967"	"*"	"Cl Melotte   22  1967"
"Cl Melotte   22  1987"	"*"	"Cl Melotte   22  1987"
"Cl Melotte   22  1996"	"*"	"Cl Melotte   22  1996"
"Cl Melotte   22  2035"	"Em*"	"Cl Melotte   22  2035"
"Cl Melotte   22  2068"	"*"	"Cl Melotte   22  2068"
"Cl Melotte   22  2069"	"*"	"Cl Melotte   22  2069"
"Cl Melotte   22  2070"	"*"	"Cl Melotte   22  2070"
"Cl Melotte   22  2073"	"*"	"Cl Melotte   22  2073"
"Cl Melotte   22  2079"	"*"	"Cl Melotte   22  2079"
"Cl Melotte   22  2091"	"*"	"Cl Melotte   22  2091"
"Cl Melotte   22  2102"	"Er*"	"Cl Melotte   22  2102"
"Cl Melotte   22  2120"	"*"	"Cl Melotte   22  2120"
"Cl Melotte   22  2138"	"*"	"Cl Melotte   22  2138"
"Cl Melotte   22  2148"	"*"	"Cl Melotte   22  2148"
"Cl Melotte   22  2152"	"*"	"Cl Melotte   22  2152"
"Cl Melotte   22  2155"	"*"	"Cl Melotte   22  2155"
"Cl Melotte   22  2166"	"*"	"Cl Melotte   22  2166"
"Cl Melotte   22  2173"	"Em*"	"Cl Melotte   22  2173"
"Cl Melotte   22  2175"	"*"	"Cl Melotte   22  2175"
"Cl Melotte   22  2182"	"Em*"	"Cl Melotte   22  2182"
"Cl Melotte   22  2190"	"*"	"Cl Melotte   22  2190"
"Cl Melotte   22  2206"	"*"	"Cl Melotte   22  2206"
"Cl Melotte   22  2253"	"*"	"Cl Melotte   22  2253"
"Cl Melotte   22  2257"	"**"	"Cl Melotte   22  2257"
"Cl Melotte   22  2266"	"*"	"Cl Melotte   22  2266"
"Cl Melotte   22  2290"	"RG*"	"Cl Melotte   22  2290"
"Cl Melotte   22  2296"	"*"	"Cl Melotte   22  2296"
"Cl Melotte   22  2313"	"*"	"Cl Melotte   22  2313"
"Cl Melotte   22  2342"	"*"	"Cl Melotte   22  2342"
"Cl Melotte   22  2353"	"*"	"Cl Melotte   22  2353"
"Cl Melotte   22  2378"	"*"	"Cl Melotte   22  2378"
"Cl Melotte   22  2390"	"*"	"Cl Melotte   22  2390"
"Cl Melotte   22  2401"	"*"	"Cl Melotte   22  2401"
"Cl Melotte   22  2404"	"*"	"Cl Melotte   22  2404"
"Cl Melotte   22  2408"	"Em*"	"Cl Melotte   22  2408"
"Cl Melotte   22  2439"	"*"	"Cl Melotte   22  2439"
"Cl Melotte   22  2443"	"Em*"	"Cl Melotte   22  2443"
"Cl Melotte   22  2445"	"*"	"Cl Melotte   22  2445"
"Cl Melotte   22  2477"	"*"	"Cl Melotte   22  2477"
"Cl Melotte   22  2564"	"*"	"Cl Melotte   22  2564"
"Cl Melotte   22  2571"	"*"	"Cl Melotte   22  2571"
"Cl Melotte   22  2581"	"*"	"Cl Melotte   22  2581"
"Cl Melotte   22  2605"	"*"	"Cl Melotte   22  2605"
"Cl Melotte   22  2648"	"*"	"Cl Melotte   22  2648"
"Cl Melotte   22  2650"	"PM*"	"Cl Melotte   22  2650"
"Cl Melotte   22  2659"	"*"	"Cl Melotte   22  2659"
"Cl Melotte   22  1129"	"*"	"Cl Melotte   22  1129"
"Cl Melotte   22   943"	"Er*"	"Cl Melotte   22   943"
"Cl Melotte   22  1352"	"PM*"	"Cl Melotte   22  1352"
"Cl Melotte   22  1432"	"Be*"	"VDB  23"
"Cl Melotte   22  1432"	"Be*"	"NAME Alcyone"
"Cl Melotte   22  1432"	"Be*"	"Cl Melotte   22  1432"
"Cl Melotte   22   983"	"*"	"Cl Melotte   22   983"
"Cl Melotte   22  1377"	"Em*"	"Cl Melotte   22  1377"
"Cl Melotte   22  1398"	"*"	"Cl Melotte   22  1398"
"Cl Melotte   22  2435"	"*"	"Cl Melotte   22  2435"
"Cl Melotte   22  3064"	"Er*"	"Cl Melotte   22  3064"
"Cl Melotte   22   681"	"**"	"Cl Melotte   22  1726"
"Cl Melotte   22  1726"	"**"	"Cl Melotte   22  1726"
"Cl Melotte   22   681"	"**"	"Cl Melotte   22   681"
"Cl Melotte   22  1726"	"**"	"Cl Melotte   22   681"
"Cl Melotte   22  2387"	"*"	"Cl Melotte   22  2387"
"Cl Melotte   22  1576"	"Em*"	"Cl Melotte   22  1576"
"Cl Melotte   22  1644"	"*"	"Cl Melotte   22  1644"
"Cl Melotte   22  2281"	"*"	"Cl Melotte   22  2281"
"Cl Melotte   22  2602"	"Y*O"	"Cl Melotte   22  2602"
"Cl Melotte   22  1696"	"LM*"	"Cl Melotte   22  1696"
"Cl Melotte   22  1033"	"*"	"Cl Melotte   22  1033"
"Cl Melotte   22   580"	"Em*"	"Cl Melotte   22   580"
"Cl Melotte   22   884"	"*"	"Cl Melotte   22   884"
"Cl Melotte   22   989"	"*"	"Cl Melotte   22   989"
"Cl Melotte   22  1233"	"*"	"Cl Melotte   22  1233"
"Cl Melotte   22  1303"	"*"	"Cl Melotte   22  1303"
"Cl Melotte   22  1368"	"*"	"Cl Melotte   22  1368"
"Cl Melotte   22  1617"	"*"	"Cl Melotte   22  1617"
"Cl Melotte   22  1619"	"*"	"Cl Melotte   22  1619"
"Cl Melotte   22  1624"	"*"	"Cl Melotte   22  1624"
"Cl Melotte   22  1635"	"*"	"Cl Melotte   22  1635"
"Cl Melotte   22  1640"	"*"	"Cl Melotte   22  1640"
"Cl Melotte   22  1955"	"RG*"	"Cl Melotte   22  1955"
"Cl Melotte   22  1969"	"*"	"Cl Melotte   22  1969"
"Cl Melotte   22  1974"	"*"	"Cl Melotte   22  1974"
"Cl Melotte   22  2004"	"*"	"Cl Melotte   22  2004"
"Cl Melotte   22  2191"	"*"	"Cl Melotte   22  2191"
"Cl Melotte   22  2202"	"*"	"Cl Melotte   22  2202"
"Cl Melotte   22  2365"	"*"	"Cl Melotte   22  2365"
"Cl Melotte   22  2497"	"*"	"Cl Melotte   22  2497"
"Cl Melotte   22  2521"	"*"	"Cl Melotte   22  2521"
"Cl Melotte   22  2522"	"*"	"Cl Melotte   22  2522"
"Cl Melotte   22  2580"	"*"	"Cl Melotte   22  2580"
"Cl Melotte   22  2612"	"*"	"Cl Melotte   22  2612"
"Cl Melotte   22  2623"	"*"	"Cl Melotte   22  2623"
"Cl Melotte   22  2652"	"*"	"Cl Melotte   22  2652"
"Cl Melotte   22  1797"	"*"	"Cl Melotte   22  1797"
"Cl Melotte   22  2016"	"Y*O"	"Cl Melotte   22  2016"
"Cl Melotte   22  1403"	"EB*"	"Cl Melotte   22  1403"
"Cl Melotte   22   882"	"BY*"	"Cl Melotte   22   882"
"Cl Melotte   22  2966"	"BY*"	"Cl Melotte   22  2966"
"Cl Melotte   22   625"	"BY*"	"Cl Melotte   22   625"
"Cl Melotte   22  1306"	"Y*O"	"Cl Melotte   22  1306"
"Cl Melotte   22  1305"	"Er*"	"Cl Melotte   22  1305"
"Cl Melotte   22  3019"	"Y*O"	"Cl Melotte   22  3019"
"Cl Melotte   22  1321"	"Y*O"	"Cl Melotte   22  1321"
"Cl Melotte   22  1532"	"Er*"	"Cl Melotte   22  1532"
"Cl Melotte   22  2368"	"Y*O"	"Cl Melotte   22  1268"
"Cl Melotte   22  1268"	"Y*O"	"Cl Melotte   22  1268"
"Cl Melotte   22  2368"	"Y*O"	"Cl Melotte   22  2368"
"Cl Melotte   22  1268"	"Y*O"	"Cl Melotte   22  2368"
"Cl Melotte   22  1039"	"Y*O"	"Cl Melotte   22  1039"
"Cl Melotte   22  1081"	"Er*"	"Cl Melotte   22  1081"
"Cl Melotte   22  3325"	"*"	"Cl Melotte   22  5025"
"Cl Melotte   22  5025"	"*"	"Cl Melotte   22  5025"
"Cl Melotte   22  3325"	"*"	"Cl Melotte   22  3325"
"Cl Melotte   22  5025"	"*"	"Cl Melotte   22  3325"
"Cl Melotte   22  2034"	"Y*O"	"Cl Melotte   22  2034"
"Cl Melotte   22  3030"	"BY*"	"Cl Melotte   22  3030"
"Cl Melotte   22  3316"	"PM*"	"Cl Melotte   22  5016"
"Cl Melotte   22  5016"	"PM*"	"Cl Melotte   22  5016"
"Cl Melotte   22  3316"	"PM*"	"Cl Melotte   22  3316"
"Cl Melotte   22  5016"	"PM*"	"Cl Melotte   22  3316"
"Cl Melotte   22  1136"	"RS*"	"Cl Melotte   22  1136"
"Cl Melotte   25     6"	"PM*"	"Cl Melotte   25     6"
"Cl Melotte   25     7"	"PM*"	"Cl Melotte   25     7"
"Cl Melotte   25   136"	"PM*"	"Cl Melotte   25   136"
"Cl Melotte   25   225"	"WD*"	"Cl Melotte   25   225"
"Cl Melotte   25   161"	"PM*"	"Cl Melotte   25   161"
"Cl Melotte   25   216"	"**"	"Cl Melotte   25   216"
"Cl Melotte   25   223"	"PM*"	"Cl Melotte   25   223"
"Cl Melotte   22  3335"	"SB*"	"Cl Melotte   22  3335"
"Cl Melotte   22  3334"	"*"	"Cl Melotte   22  3334"
"Cl Melotte   25   221"	"PM*"	"Cl Melotte   25   221"
"Cl Melotte   25   270"	"SB*"	"Cl Melotte   25   270"
"Cl Melotte   25     9"	"SB*"	"Cl Melotte   25     9"
"Cl Melotte   25   220"	"PM*"	"Cl Melotte   25   220"
"Cl Melotte   25   222"	"PM*"	"Cl Melotte   25   222"
"Cl Melotte   25  1371"	"PM*"	"Cl Melotte   25  1371"
"Cl Melotte   25   137"	"PM*"	"Cl Melotte   25  1371"
"Cl Melotte   25  1371"	"PM*"	"Cl Melotte   25   137"
"Cl Melotte   25   137"	"PM*"	"Cl Melotte   25   137"
"Cl Melotte   25   218"	"PM*"	"Cl Melotte   25   218"
"Cl Melotte   25   228"	"PM*"	"Cl Melotte   25   228"
"Cl Melotte   25   219"	"PM*"	"Cl Melotte   25   219"
"Cl Melotte   25   226"	"PM*"	"Cl Melotte   25   226"
"Cl Melotte   25   230"	"SB*"	"Cl Melotte   25   230"
"Cl Melotte   25   217"	"PM*"	"Cl Melotte   25   217"
"Cl Melotte   25   231"	"PM*"	"Cl Melotte   25   231"
"Cl Melotte   25    10"	"PM*"	"Cl Melotte   25    10"
"Cl Melotte   25     8"	"SB*"	"Cl Melotte   25     8"
"Cl Melotte   25   160"	"PM*"	"Cl Melotte   25   160"
"Cl Melotte   25   235"	"*"	"Cl Melotte   25   235"
"Cl Melotte   25   138"	"PM*"	"Cl Melotte   25   138"
"Cl Melotte   25   244"	"PM*"	"Cl Melotte   25   244"
"Cl Melotte   25   238"	"**"	"Cl Melotte   25   238"
"Cl Melotte   25    15"	"BY*"	"Cl Melotte   25    15"
"Cl Melotte   25   248"	"PM*"	"Cl Melotte   25   248"
"Cl Melotte   25   234"	"PM*"	"Cl Melotte   25   234"
"Cl Melotte   25    16"	"PM*"	"Cl Melotte   25    16"
"Cl Melotte   25   246"	"PM*"	"Cl Melotte   25   246"
"Cl Melotte   25    21"	"BY*"	"Cl Melotte   25    21"
"Cl Melotte   25    24 A"	"SB*"	"Cl Melotte   25    24 A"
"Cl Melotte   25    24"	"SB*"	"Cl Melotte   25    24 A"
"Cl Melotte   25    24 B"	"SB*"	"Cl Melotte   25    24 A"
"Cl Melotte   25    24 A"	"SB*"	"Cl Melotte   25    24"
"Cl Melotte   25    24"	"SB*"	"Cl Melotte   25    24"
"Cl Melotte   25    24 B"	"SB*"	"Cl Melotte   25    24"
"Cl Melotte   25    24 A"	"SB*"	"Cl Melotte   25    24 B"
"Cl Melotte   25    24"	"SB*"	"Cl Melotte   25    24 B"
"Cl Melotte   25    24 B"	"SB*"	"Cl Melotte   25    24 B"
"Cl Melotte   25   162"	"SB*"	"Cl Melotte   25   162"
"Cl Melotte   25   252"	"PM*"	"Cl Melotte   25   252"
"Cl Melotte   25   265"	"*"	"Cl Melotte   25   265"
"Cl Melotte   25   242"	"PM*"	"Cl Melotte   25   242"
"Cl Melotte   25   236"	"PM*"	"Cl Melotte   25   236"
"Cl Melotte   25   240"	"PM*"	"Cl Melotte   25   240"
"Cl Melotte   25    13"	"PM*"	"Cl Melotte   25    13"
"Cl Melotte   25    23"	"RS*"	"Cl Melotte   25    23"
"Cl Melotte   25   251"	"PM*"	"Cl Melotte   25   251"
"Cl Melotte   25    12"	"PM*"	"Cl Melotte   25    12"
"Cl Melotte   25   229"	"PM*"	"Cl Melotte   25   229"
"Cl Melotte   25    22"	"SB*"	"Cl Melotte   25    22 A"
"Cl Melotte   25    22 A"	"SB*"	"Cl Melotte   25    22 A"
"Cl Melotte   25    22"	"SB*"	"Cl Melotte   25    22"
"Cl Melotte   25    22 A"	"SB*"	"Cl Melotte   25    22"
"Cl Melotte   25   253"	"PM*"	"Cl Melotte   25   253"
"Cl Melotte   25    20"	"El*"	"Cl Melotte   25    20"
"Cl Melotte   25    25"	"BY*"	"Cl Melotte   25    25"
"Cl Melotte   25   239"	"PM*"	"Cl Melotte   25   239"
"Cl Melotte   25   243"	"PM*"	"Cl Melotte   25   243"
"Cl Melotte   25   249"	"PM*"	"Cl Melotte   25   249"
"Cl Melotte   25    17"	"PM*"	"Cl Melotte   25    17"
"Cl Melotte   25   241"	"PM*"	"Cl Melotte   25   241"
"Cl Melotte   25   237"	"PM*"	"Cl Melotte   25   237"
"Cl Melotte   25   245"	"PM*"	"Cl Melotte   25   245"
"Cl Melotte   25   233"	"PM*"	"Cl Melotte   25   233"
"Cl Melotte   25    18"	"BY*"	"Cl Melotte   25    18"
"Cl Melotte   25    19"	"PM*"	"Cl Melotte   25    19"
"Cl Melotte   25    14"	"PM*"	"Cl Melotte   25    14"
"Cl Melotte   25   139"	"PM*"	"Cl Melotte   25   139"
"Cl Melotte   25    76"	"PM*"	"Cl Melotte   25    76"
"Cl Melotte   25   272"	"PM*"	"Cl Melotte   25   272"
"Cl Melotte   25    44"	"PM*"	"Cl Melotte   25    44"
"Cl Melotte   25    35"	"PM*"	"Cl Melotte   25    35"
"Cl Melotte   25    54"	"PM*"	"Cl Melotte   25    54"
"Cl Melotte   25   541"	"PM*"	"Cl Melotte   25    54"
"Cl Melotte   25    54"	"PM*"	"Cl Melotte   25   541"
"Cl Melotte   25   541"	"PM*"	"Cl Melotte   25   541"
"Cl Melotte   25   551"	"dS*"	"Cl Melotte   25    55"
"Cl Melotte   25    55"	"dS*"	"Cl Melotte   25    55"
"Cl Melotte   25   551"	"dS*"	"Cl Melotte   25   551"
"Cl Melotte   25    55"	"dS*"	"Cl Melotte   25   551"
"Cl Melotte   25    42"	"SB*"	"Cl Melotte   25    42"
"Cl Melotte   25    48"	"PM*"	"Cl Melotte   25    48"
"Cl Melotte   25    62"	"SB*"	"Cl Melotte   25    62"
"Cl Melotte   25   671"	"PM*"	"Cl Melotte   25    67"
"Cl Melotte   25    67"	"PM*"	"Cl Melotte   25    67"
"Cl Melotte   25   671"	"PM*"	"Cl Melotte   25   671"
"Cl Melotte   25    67"	"PM*"	"Cl Melotte   25   671"
"Cl Melotte   25   277"	"PM*"	"Cl Melotte   25   277"
"Cl Melotte   25   601"	"dS*"	"Cl Melotte   25   601"
"Cl Melotte   25    60"	"dS*"	"Cl Melotte   25   601"
"Cl Melotte   25   601"	"dS*"	"Cl Melotte   25    60"
"Cl Melotte   25    60"	"dS*"	"Cl Melotte   25    60"
"Cl Melotte   25   256"	"*"	"Cl Melotte   25   256"
"Cl Melotte   25   263"	"PM*"	"Cl Melotte   25   263"
"Cl Melotte   25   266"	"PM*"	"Cl Melotte   25   266"
"Cl Melotte   25   254"	"PM*"	"Cl Melotte   25   254"
"Cl Melotte   25    26"	"BY*"	"Cl Melotte   25    26"
"Cl Melotte   25    31"	"BY*"	"Cl Melotte   25    31"
"Cl Melotte   25    32"	"PM*"	"Cl Melotte   25    32"
"Cl Melotte   25   321"	"PM*"	"Cl Melotte   25    32"
"Cl Melotte   25    32"	"PM*"	"Cl Melotte   25   321"
"Cl Melotte   25   321"	"PM*"	"Cl Melotte   25   321"
"Cl Melotte   25    36"	"PM*"	"Cl Melotte   25    36"
"Cl Melotte   25   258"	"SB*"	"Cl Melotte   25   258"
"Cl Melotte   25    69"	"BY*"	"Cl Melotte   25    69"
"Cl Melotte   25   531"	"PM*"	"Cl Melotte   25   531"
"Cl Melotte   25    53"	"PM*"	"Cl Melotte   25   531"
"Cl Melotte   25   531"	"PM*"	"Cl Melotte   25    53"
"Cl Melotte   25    53"	"PM*"	"Cl Melotte   25    53"
"Cl Melotte   25    58"	"BY*"	"Cl Melotte   25    58"
"Cl Melotte   25    70"	"**"	"Cl Melotte   25    70"
"Cl Melotte   25   701"	"**"	"Cl Melotte   25    70"
"Cl Melotte   25    70"	"**"	"NAME Ain"
"Cl Melotte   25   701"	"**"	"NAME Ain"
"Cl Melotte   25    70"	"**"	"Cl Melotte   25   701"
"Cl Melotte   25   701"	"**"	"Cl Melotte   25   701"
"Cl Melotte   25   278"	"BY*"	"Cl Melotte   25   278"
"Cl Melotte   25   267"	"PM*"	"Cl Melotte   25   267"
"Cl Melotte   25   275"	"SB*"	"Cl Melotte   25   275"
"Cl Melotte   25    43"	"BY*"	"Cl Melotte   25    43"
"Cl Melotte   25    27"	"PM*"	"Cl Melotte   25    27"
"Cl Melotte   25    28"	"**"	"NAME Prima Hyadum"
"Cl Melotte   25    28"	"**"	"Cl Melotte   25    28"
"Cl Melotte   25   411"	"SB*"	"Cl Melotte   25    41"
"Cl Melotte   25    41"	"SB*"	"Cl Melotte   25    41"
"Cl Melotte   25   411"	"SB*"	"NAME Secunda Hyadum"
"Cl Melotte   25    41"	"SB*"	"NAME Secunda Hyadum"
"Cl Melotte   25   411"	"SB*"	"Cl Melotte   25   411"
"Cl Melotte   25    41"	"SB*"	"Cl Melotte   25   411"
"Cl Melotte   25    47"	"PM*"	"Cl Melotte   25   471"
"Cl Melotte   25   471"	"PM*"	"Cl Melotte   25   471"
"Cl Melotte   25    47"	"PM*"	"Cl Melotte   25    47"
"Cl Melotte   25   471"	"PM*"	"Cl Melotte   25    47"
"Cl Melotte   25   561"	"a2*"	"Cl Melotte   25   561"
"Cl Melotte   25    56"	"a2*"	"Cl Melotte   25   561"
"Cl Melotte   25   561"	"a2*"	"Cl Melotte   25    56"
"Cl Melotte   25    56"	"a2*"	"Cl Melotte   25    56"
"Cl Melotte   25    77"	"SB*"	"Cl Melotte   25    77"
"Cl Melotte   25    78"	"PM*"	"Cl Melotte   25    78"
"Cl Melotte   25    79"	"BY*"	"Cl Melotte   25    79"
"Cl Melotte   25    39"	"SB*"	"Cl Melotte   25    39"
"Cl Melotte   25    49"	"PM*"	"Cl Melotte   25    49"
"Cl Melotte   25    51"	"PM*"	"Cl Melotte   25    51"
"Cl Melotte   25    52"	"BY*"	"Cl Melotte   25    52"
"Cl Melotte   25   175"	"BY*"	"Cl Melotte   25   175"
"Cl Melotte   25    63"	"BY*"	"Cl Melotte   25    63"
"Cl Melotte   25   189"	"PM*"	"Cl Melotte   25   189"
"Cl Melotte   25    73"	"BY*"	"Cl Melotte   25    73"
"Cl Melotte   25   180"	"PM*"	"Cl Melotte   25   180"
"Cl Melotte   25    75"	"**"	"Cl Melotte   25    75"
"Cl Melotte   25   181"	"BY*"	"Cl Melotte   25   181"
"Cl Melotte   25   363"	"PM*"	"Cl Melotte   25   363"
"Cl Melotte   25   190"	"BY*"	"Cl Melotte   25   190"
"Cl Melotte   25   173"	"BY*"	"Cl Melotte   25   173"
"Cl Melotte   25    57"	"SB*"	"Cl Melotte   25    57"
"Cl Melotte   25   571"	"SB*"	"Cl Melotte   25    57"
"Cl Melotte   25    57"	"SB*"	"Cl Melotte   25   571"
"Cl Melotte   25   571"	"SB*"	"Cl Melotte   25   571"
"Cl Melotte   25    71"	"SB*"	"Cl Melotte   25    71"
"Cl Melotte   25   264"	"PM*"	"Cl Melotte   25   264"
"Cl Melotte   25   176"	"SB*"	"Cl Melotte   25   176"
"Cl Melotte   25    64"	"BY*"	"Cl Melotte   25    64"
"Cl Melotte   25   451"	"SB*"	"Cl Melotte   25   451"
"Cl Melotte   25    45"	"SB*"	"Cl Melotte   25   451"
"Cl Melotte   25   451"	"SB*"	"Cl Melotte   25    45"
"Cl Melotte   25    45"	"SB*"	"Cl Melotte   25    45"
"Cl Melotte   25   141"	"dS*"	"Cl Melotte   25  1411"
"Cl Melotte   25  1411"	"dS*"	"Cl Melotte   25  1411"
"Cl Melotte   25   141"	"dS*"	"Cl Melotte   25   141"
"Cl Melotte   25  1411"	"dS*"	"Cl Melotte   25   141"
"Cl Melotte   25   721"	"dS*"	"Cl Melotte   25   721"
"Cl Melotte   25    72"	"dS*"	"Cl Melotte   25   721"
"Cl Melotte   25   721"	"dS*"	"Cl Melotte   25    72"
"Cl Melotte   25    72"	"dS*"	"Cl Melotte   25    72"
"Cl Melotte   25   268"	"PM*"	"Cl Melotte   25   268"
"Cl Melotte   25   260"	"PM*"	"Cl Melotte   25   260"
"Cl Melotte   25   174"	"BY*"	"Cl Melotte   25   174"
"Cl Collinder   50"	"OpC"	"NAME Hyades"
"Cl Melotte   25"	"OpC"	"NAME Hyades"
"Cl Collinder   50"	"OpC"	"Cl Melotte   25"
"Cl Melotte   25"	"OpC"	"Cl Melotte   25"
"Cl Collinder   50"	"OpC"	"NAME Hyades Cluster"
"Cl Melotte   25"	"OpC"	"NAME Hyades Cluster"
"Cl Collinder   50"	"OpC"	"Cl Collinder   50"
"Cl Melotte   25"	"OpC"	"Cl Collinder   50"
"Cl Melotte   25    29"	"**"	"Cl Melotte   25    29"
"Cl Melotte   25    33"	"dS*"	"Cl Melotte   25    33"
"Cl Melotte   25   171"	"PM*"	"Cl Melotte   25   171"
"Cl Melotte   25    30"	"dS*"	"Cl Melotte   25    30"
"Cl Melotte   25    34"	"**"	"Cl Melotte   25    34"
"Cl Melotte   25   255"	"PM*"	"Cl Melotte   25   255"
"Cl Melotte   25    59"	"PM*"	"Cl Melotte   25    59"
"Cl Melotte   25   188"	"PM*"	"Cl Melotte   25   188"
"Cl Melotte   25    65"	"BY*"	"Cl Melotte   25    65"
"Cl Melotte   25    37"	"PM*"	"Cl Melotte   25    37"
"Cl Melotte   25    40"	"**"	"Cl Melotte   25    40"
"Cl Melotte   25    46"	"PM*"	"Cl Melotte   25    46"
"Cl Melotte   25   274"	"Em*"	"Cl Melotte   25   274"
"Cl Melotte   25   179"	"Em*"	"Cl Melotte   25   274"
"Cl Melotte   25   274"	"Em*"	"Cl Melotte   25   179"
"Cl Melotte   25   179"	"Em*"	"Cl Melotte   25   179"
"Cl Melotte   25    68"	"SB*"	"Cl Melotte   25    68"
"Cl Melotte   25   681"	"SB*"	"Cl Melotte   25    68"
"Cl Melotte   25    68"	"SB*"	"Cl Melotte   25   681"
"Cl Melotte   25   681"	"SB*"	"Cl Melotte   25   681"
"Cl Melotte   25   172"	"PM*"	"Cl Melotte   25   172"
"Cl Melotte   25   381"	"dS*"	"Cl Melotte   25    38"
"Cl Melotte   25    38"	"dS*"	"Cl Melotte   25    38"
"Cl Melotte   25   381"	"dS*"	"Cl Melotte   25   381"
"Cl Melotte   25    38"	"dS*"	"Cl Melotte   25   381"
"Cl Melotte   25   178"	"PM*"	"Cl Melotte   25   178"
"Cl Melotte   25   276"	"PM*"	"Cl Melotte   25   178"
"Cl Melotte   25   178"	"PM*"	"Cl Melotte   25   276"
"Cl Melotte   25   276"	"PM*"	"Cl Melotte   25   276"
"Cl Melotte   25   262"	"PM*"	"Cl Melotte   25   262"
"Cl Melotte   25   273"	"SB*"	"Cl Melotte   25   177"
"Cl Melotte   25   177"	"SB*"	"Cl Melotte   25   177"
"Cl Melotte   25   273"	"SB*"	"Cl Melotte   25   273"
"Cl Melotte   25   177"	"SB*"	"Cl Melotte   25   273"
"Cl Melotte   25   741"	"PM*"	"Cl Melotte   25   741"
"Cl Melotte   25    74"	"PM*"	"Cl Melotte   25   741"
"Cl Melotte   25   741"	"PM*"	"Cl Melotte   25    74"
"Cl Melotte   25    74"	"PM*"	"Cl Melotte   25    74"
"Cl Melotte   25    50"	"BY*"	"Cl Melotte   25    50"
"Cl Melotte   25    66"	"PM*"	"Cl Melotte   25    66"
"Cl Melotte   25   259"	"PM*"	"Cl Melotte   25   259"
"Cl Melotte   25   271"	"**"	"Cl Melotte   25   271"
"Cl Melotte   25   269"	"**"	"Cl Melotte   25   269"
"Cl Melotte   25   140"	"SB*"	"Cl Melotte   25   140"
"Cl Melotte   25    61"	"PM*"	"Cl Melotte   25    61"
"Cl Melotte   25   287"	"PM*"	"Cl Melotte   25   287"
"Cl Melotte   25   279"	"Y*O"	"Cl Melotte   25   279"
"Cl Melotte   25    98"	"PM*"	"Cl Melotte   25    98"
"Cl Melotte   25   301"	"BY*"	"Cl Melotte   25   301"
"Cl Melotte   25   282"	"Y*O"	"Cl Melotte   25   282"
"Cl Melotte   25   293"	"PM*"	"Cl Melotte   25   293"
"Cl Melotte   25   100"	"dS*"	"Cl Melotte   25   100"
"Cl Melotte   25   109"	"PM*"	"Cl Melotte   25   109"
"Cl Melotte   25   110"	"PM*"	"Cl Melotte   25   110"
"Cl Melotte   25   105"	"PM*"	"Cl Melotte   25   105"
"Cl Melotte   25   309"	"PM*"	"Cl Melotte   25   309"
"Cl Melotte   25   306"	"PM*"	"Cl Melotte   25   306"
"Cl Melotte   25   290"	"PM*"	"Cl Melotte   25   290"
"Cl Melotte   25    87"	"PM*"	"Cl Melotte   25    87"
"Cl Melotte   25    81"	"PM*"	"Cl Melotte   25    81"
"Cl Melotte   25   289"	"PM*"	"Cl Melotte   25   289"
"Cl Melotte   25   280"	"PM*"	"Cl Melotte   25   280"
"Cl Melotte   25   310"	"PM*"	"Cl Melotte   25   310"
"Cl Melotte   25   314"	"PM*"	"Cl Melotte   25   314"
"Cl Melotte   25   295"	"PM*"	"Cl Melotte   25   295"
"Cl Melotte   25   300"	"PM*"	"Cl Melotte   25   300"
"Cl Melotte   25   313"	"PM*"	"Cl Melotte   25   313"
"Cl Melotte   25   291"	"PM*"	"Cl Melotte   25   291"
"Cl Melotte   25   302"	"PM*"	"Cl Melotte   25   302"
"Cl Melotte   25   831"	"SB*"	"Cl Melotte   25   831"
"Cl Melotte   25    83"	"SB*"	"Cl Melotte   25   831"
"Cl Melotte   25   831"	"SB*"	"Cl Melotte   25    83"
"Cl Melotte   25    83"	"SB*"	"Cl Melotte   25    83"
"Cl Melotte   25   108"	"PM*"	"Cl Melotte   25   108"
"Cl Melotte   25  1081"	"PM*"	"Cl Melotte   25   108"
"Cl Melotte   25   108"	"PM*"	"Cl Melotte   25  1081"
"Cl Melotte   25  1081"	"PM*"	"Cl Melotte   25  1081"
"Cl Melotte   25   285"	"SB*"	"Cl Melotte   25   285"
"Cl Melotte   25    82"	"dS*"	"Cl Melotte   25   821"
"Cl Melotte   25   821"	"dS*"	"Cl Melotte   25   821"
"Cl Melotte   25    82"	"dS*"	"Cl Melotte   25    82"
"Cl Melotte   25   821"	"dS*"	"Cl Melotte   25    82"
"Cl Melotte   25   891"	"PM*"	"Cl Melotte   25   891"
"Cl Melotte   25    89"	"PM*"	"Cl Melotte   25   891"
"Cl Melotte   25   891"	"PM*"	"Cl Melotte   25    89"
"Cl Melotte   25    89"	"PM*"	"Cl Melotte   25    89"
"Cl Melotte   25    91"	"BY*"	"Cl Melotte   25    91"
"Cl Melotte   25    85"	"PM*"	"Cl Melotte   25    85"
"Cl Melotte   25    93"	"PM*"	"Cl Melotte   25    93"
"Cl Melotte   25   299"	"PM*"	"Cl Melotte   25   299"
"Cl Melotte   25   304"	"**"	"Cl Melotte   25   304"
"Cl Melotte   25   184"	"**"	"Cl Melotte   25   184"
"Cl Melotte   25    92"	"BY*"	"Cl Melotte   25    92"
"Cl Melotte   25   183"	"PM*"	"Cl Melotte   25   183"
"Cl Melotte   25   101"	"PM*"	"Cl Melotte   25   101"
"Cl Melotte   25   103"	"**"	"Cl Melotte   25  1031"
"Cl Melotte   25  1031"	"**"	"Cl Melotte   25  1031"
"Cl Melotte   25   103"	"**"	"Cl Melotte   25   103"
"Cl Melotte   25  1031"	"**"	"Cl Melotte   25   103"
"Cl Melotte   25   182"	"SB*"	"Cl Melotte   25   182"
"Cl Melotte   25   312"	"**"	"Cl Melotte   25   312"
"Cl Melotte   25   185"	"**"	"Cl Melotte   25   312"
"Cl Melotte   25   312"	"**"	"Cl Melotte   25   185"
"Cl Melotte   25   185"	"**"	"Cl Melotte   25   185"
"Cl Melotte   25   288"	"PM*"	"Cl Melotte   25   288"
"Cl Melotte   25    80"	"**"	"Cl Melotte   25   801"
"Cl Melotte   25   801"	"**"	"Cl Melotte   25   801"
"Cl Melotte   25    80"	"**"	"Cl Melotte   25    80"
"Cl Melotte   25   801"	"**"	"Cl Melotte   25    80"
"Cl Melotte   25   286"	"Em*"	"Cl Melotte   25   191"
"Cl Melotte   25   191"	"Em*"	"Cl Melotte   25   191"
"Cl Melotte   25   286"	"Em*"	"Cl Melotte   25   286"
"Cl Melotte   25   191"	"Em*"	"Cl Melotte   25   286"
"Cl Melotte   25   841"	"**"	"Cl Melotte   25   841"
"Cl Melotte   25    84"	"**"	"Cl Melotte   25   841"
"Cl Melotte   25   841"	"**"	"Cl Melotte   25    84"
"Cl Melotte   25    84"	"**"	"Cl Melotte   25    84"
"Cl Melotte   25    88"	"SB*"	"Cl Melotte   25    88"
"Cl Melotte   25   283"	"**"	"Cl Melotte   25   283"
"Cl Melotte   25    97"	"BY*"	"Cl Melotte   25    97"
"Cl Melotte   25    99"	"Em*"	"Cl Melotte   25    99"
"Cl Melotte   25    96"	"SB*"	"Cl Melotte   25    96"
"Cl Melotte   25   102"	"BY*"	"Cl Melotte   25   102"
"Cl Melotte   25    94"	"PM*"	"Cl Melotte   25    94"
"Cl Melotte   25   106"	"SB*"	"Cl Melotte   25   106"
"Cl Melotte   25   951"	"dS*"	"Cl Melotte   25   951"
"Cl Melotte   25    95"	"dS*"	"Cl Melotte   25   951"
"Cl Melotte   25   951"	"dS*"	"Cl Melotte   25    95"
"Cl Melotte   25    95"	"dS*"	"Cl Melotte   25    95"
"Cl Melotte   25   104"	"BS?"	"Cl Melotte   25  1041"
"Cl Melotte   25  1041"	"BS?"	"Cl Melotte   25  1041"
"Cl Melotte   25   104"	"BS?"	"Cl Melotte   25   104"
"Cl Melotte   25  1041"	"BS?"	"Cl Melotte   25   104"
"Cl Melotte   25   311"	"Em*"	"Cl Melotte   25   311"
"Cl Melotte   25   307"	"Em*"	"Cl Melotte   25   307"
"Cl Melotte   25   362"	"PM*"	"Cl Melotte   25   294"
"Cl Melotte   25   294"	"PM*"	"Cl Melotte   25   294"
"Cl Melotte   25   362"	"PM*"	"Cl Melotte   25   362"
"Cl Melotte   25   294"	"PM*"	"Cl Melotte   25   362"
"Cl Melotte   25    86"	"PM*"	"Cl Melotte   25    86"
"Cl Melotte   25    90"	"PM*"	"Cl Melotte   25    90"
"Cl Melotte   25   901"	"PM*"	"Cl Melotte   25    90"
"Cl Melotte   25    90"	"PM*"	"Cl Melotte   25   901"
"Cl Melotte   25   901"	"PM*"	"Cl Melotte   25   901"
"Cl Melotte   25   107"	"PM*"	"Cl Melotte   25   107"
"Cl Melotte   25  1071"	"PM*"	"Cl Melotte   25   107"
"Cl Melotte   25   107"	"PM*"	"Cl Melotte   25  1071"
"Cl Melotte   25  1071"	"PM*"	"Cl Melotte   25  1071"
"Cl Melotte   25   296"	"PM*"	"Cl Melotte   25   296"
"Cl Melotte   25   303"	"PM*"	"Cl Melotte   25   303"
"Cl Melotte   25   337"	"PM*"	"Cl Melotte   25   337"
"Cl Melotte   25   334"	"PM*"	"Cl Melotte   25   334"
"Cl Melotte   25   117"	"RS*"	"Cl Melotte   25   117"
"Cl Melotte   25   315"	"PM*"	"Cl Melotte   25   315"
"Cl Melotte   25   165"	"PM*"	"Cl Melotte   25   165"
"Cl Melotte   25   330"	"PM*"	"Cl Melotte   25   330"
"Cl Melotte   25   186"	"*"	"Cl Melotte   25   186"
"Cl Melotte   25   318"	"SB*"	"Cl Melotte   25   318"
"Cl Melotte   25   115"	"PM*"	"Cl Melotte   25   115"
"Cl Melotte   25   335"	"PM*"	"Cl Melotte   25   335"
"Cl Melotte   25   338"	"*"	"Cl Melotte   25   338"
"Cl Melotte   25   324"	"PM*"	"Cl Melotte   25   324"
"Cl Melotte   25   323"	"PM*"	"Cl Melotte   25   323"
"Cl Melotte   25   323"	"PM*"	"NGC  1647   180"
"Cl Melotte   25   319"	"SB*"	"Cl Melotte   25   319"
"Cl Melotte   25   320"	"SB*"	"Cl Melotte   25   319"
"Cl Melotte   25   319"	"SB*"	"Cl Melotte   25   320"
"Cl Melotte   25   320"	"SB*"	"Cl Melotte   25   320"
"Cl Melotte   25   164"	"SB*"	"NGC  1647     1"
"Cl Melotte   25   164"	"SB*"	"Cl Melotte   25   164"
"Cl Melotte   25   116"	"**"	"Cl Melotte   25   116"
"Cl Melotte   25   123"	"dS*"	"Cl Melotte   25   123"
"Cl Melotte   25  1231"	"dS*"	"Cl Melotte   25   123"
"Cl Melotte   25   123"	"dS*"	"Cl Melotte   25  1231"
"Cl Melotte   25  1231"	"dS*"	"Cl Melotte   25  1231"
"Cl Melotte   25   114"	"PM*"	"Cl Melotte   25   114"
"Cl Melotte   25   328"	"**"	"Cl Melotte   25   328"
"Cl Melotte   25   119"	"SB*"	"Cl Melotte   25   119"
"Cl Melotte   25   121"	"SB*"	"Cl Melotte   25   121"
"Cl Melotte   25   331"	"SB*"	"Cl Melotte   25   331"
"Cl Melotte   25   322"	"PM*"	"Cl Melotte   25   322"
"Cl Melotte   25   317"	"PM*"	"Cl Melotte   25   317"
"Cl Melotte   25   142"	"**"	"Cl Melotte   25   142"
"Cl Melotte   25   325"	"**"	"Cl Melotte   25   142"
"Cl Melotte   25   142"	"**"	"Cl Melotte   25   325"
"Cl Melotte   25   325"	"**"	"Cl Melotte   25   325"
"Cl Melotte   25   118"	"PM*"	"Cl Melotte   25   118"
"Cl Melotte   25   143"	"PM*"	"Cl Melotte   25   143"
"Cl Melotte   25   120"	"SB*"	"Cl Melotte   25   120"
"Cl Melotte   25   124"	"**"	"Cl Melotte   25   124"
"Cl Melotte   25   327"	"PM*"	"Cl Melotte   25   327"
"Cl Melotte   25   333"	"PM*"	"Cl Melotte   25   333"
"Cl Melotte   25   339"	"PM*"	"Cl Melotte   25   339"
"Cl Melotte   25   332"	"Em*"	"Cl Melotte   25   332"
"Cl Melotte   25   144"	"Em*"	"Cl Melotte   25   144"
"Cl Melotte   25   316"	"SB*"	"Cl Melotte   25   316"
"Cl Melotte   25   336"	"SB*"	"Cl Melotte   25   336"
"Cl Melotte   25   112"	"PM*"	"Cl Melotte   25  1121"
"Cl Melotte   25  1121"	"PM*"	"Cl Melotte   25  1121"
"Cl Melotte   25   112"	"PM*"	"Cl Melotte   25   112"
"Cl Melotte   25  1121"	"PM*"	"Cl Melotte   25   112"
"Cl Melotte   25  1111"	"PM*"	"Cl Melotte   25   111"
"Cl Melotte   25   111"	"PM*"	"Cl Melotte   25   111"
"Cl Melotte   25  1111"	"PM*"	"Cl Melotte   25  1111"
"Cl Melotte   25   111"	"PM*"	"Cl Melotte   25  1111"
"Cl Melotte   25   122"	"**"	"Cl Melotte   25   122"
"Cl Melotte   25   113"	"PM*"	"Cl Melotte   25   113"
"Cl Melotte   25   326"	"PM*"	"Cl Melotte   25   326"
"Cl Melotte   25   163"	"PM*"	"Cl Melotte   25   163"
"Cl Melotte   25   148"	"PM*"	"Cl Melotte   25   148"
"Cl Melotte   25   347"	"**"	"Cl Melotte   25   347"
"Cl Melotte   25   125"	"PM*"	"Cl Melotte   25   125"
"Cl Melotte   25   145"	"**"	"Cl Melotte   25   145"
"Cl Melotte   25   145 B"	"PM*"	"Cl Melotte   25   145 B"
"Cl Melotte   25   340"	"*"	"Cl Melotte   25   340"
"Cl Melotte   25  1261"	"PM*"	"Cl Melotte   25  1261"
"Cl Melotte   25   126"	"PM*"	"Cl Melotte   25  1261"
"Cl Melotte   25  1261"	"PM*"	"Cl Melotte   25   126"
"Cl Melotte   25   126"	"PM*"	"Cl Melotte   25   126"
"Cl Melotte   25  1291"	"**"	"Cl Melotte   25  1291"
"Cl Melotte   25   129"	"**"	"Cl Melotte   25  1291"
"Cl Melotte   25  1291"	"**"	"Cl Melotte   25   129"
"Cl Melotte   25   129"	"**"	"Cl Melotte   25   129"
"Cl Melotte   25   350"	"*"	"Cl Melotte   25   350"
"Cl Melotte   25   349"	"*"	"Cl Melotte   25   349"
"Cl Melotte   25   166"	"SB*"	"Cl Melotte   25   166"
"Cl Melotte   25   146"	"PM*"	"Cl Melotte   25   146"
"Cl Melotte   25   341"	"PM*"	"Cl Melotte   25   341"
"Cl Melotte   25   342"	"PM*"	"Cl Melotte   25   342"
"Cl Melotte   25   346"	"PM*"	"Cl Melotte   25   346"
"Cl Melotte   25   128"	"PM*"	"Cl Melotte   25   128"
"Cl Melotte   25   127"	"Em*"	"Cl Melotte   25   127"
"Cl Melotte   25   187"	"PM*"	"Cl Melotte   25   351"
"Cl Melotte   25   351"	"PM*"	"Cl Melotte   25   351"
"Cl Melotte   25   187"	"PM*"	"Cl Melotte   25   187"
"Cl Melotte   25   351"	"PM*"	"Cl Melotte   25   187"
"Cl Melotte   25   344"	"PM*"	"Cl Melotte   25   344"
"Cl Melotte   25   343"	"*"	"Cl Melotte   25   343"
"Cl Melotte   25   345"	"*"	"Cl Melotte   25   345"
"Cl Melotte   25   147"	"PM*"	"Cl Melotte   25   147"
"Cl Melotte   25   149"	"**"	"Cl Melotte   25   149"
"Cl Melotte   25   132"	"**"	"Cl Melotte   25   132"
"Cl Melotte   25  1311"	"SB*"	"Cl Melotte   25  1311"
"Cl Melotte   25   131"	"SB*"	"Cl Melotte   25  1311"
"Cl Melotte   25  1311"	"SB*"	"Cl Melotte   25   131"
"Cl Melotte   25   131"	"SB*"	"Cl Melotte   25   131"
"Cl Melotte   25   152"	"SB*"	"Cl Melotte   25   152"
"Cl Platais    4"	"OpC"	"NAME HIP 23784 Cluster"
"Cl Melotte   25   150"	"PM*"	"Cl Melotte   25   150"
"Cl Collinder   60"	"OpC"	"Cl Collinder   60"
"Cl Collinder   60"	"OpC"	"NGC  1817"
"Cl Collinder   61"	"OpC"	"NGC  1807"
"Cl Melotte   29"	"OpC"	"NGC  1807"
"Cl Collinder   61"	"OpC"	"Cl Melotte   29"
"Cl Melotte   29"	"OpC"	"Cl Melotte   29"
"Cl Collinder   61"	"OpC"	"Cl Collinder   61"
"Cl Melotte   29"	"OpC"	"Cl Collinder   61"
"Cl Melotte   25   352"	"*"	"Cl Melotte   25   352"
"Cl Melotte   25   355"	"PM*"	"Cl Melotte   25   355"
"Cl Melotte   25   353"	"PM*"	"Cl Melotte   25   353"
"Cl Melotte   25   130"	"SB*"	"Cl Melotte   25   130"
"Cl Melotte   25   151"	"**"	"Cl Melotte   25   151"
"Cl Melotte   25   356"	"*"	"Cl Melotte   25   356"
"Cl Melotte   25   354"	"*"	"Cl Melotte   25   354"
"Cl Collinder   62"	"OpC"	"Cl Collinder   62"
"Cl Melotte   25   167"	"PM*"	"Cl Melotte   25   167"
"Cl Melotte   25   357"	"PM*"	"Cl Melotte   25   357"
"Cl Melotte   25   361"	"PM*"	"Cl Melotte   25   361"
"Cl Collinder   65"	"OpC"	"Cl Collinder   65"
"Cl Stock    8     8"	"*"	"Cl Stock    8     8"
"Cl Stock    8     9"	"*"	"Cl Stock    8     9"
"Cl Stock    8    14"	"*"	"Cl Stock    8    14"
"Cl Stock    8    17"	"*"	"Cl Stock    8    17"
"Cl Stock    8"	"OpC"	"Cl Stock    8"
"Cl Stock    8    20"	"*"	"Cl Stock    8    20"
"Cl Melotte   25   156"	"PM*"	"Cl Melotte   25   156"
"Cl Melotte   25   155"	"PM*"	"Cl Melotte   25   155"
"Cl Melotte   25   358"	"PM*"	"Cl Melotte   25   358"
"Cl Melotte   25   359"	"*"	"Cl Melotte   25   359"
"Cl Melotte   25   168"	"PM*"	"Cl Melotte   25   168"
"Cl Melotte   25   360"	"*"	"Cl Melotte   25   360"
"Cl Collinder   69"	"OpC"	"NAME lam Ori Cluster"
"Cl Collinder   69"	"OpC"	"NAME lam Ori Group"
"Cl Collinder   69"	"OpC"	"Cl Collinder   69"
"Cl Collinder   69"	"OpC"	"NAME lambda Ori Cluster"
"Cl Collinder   69"	"OpC"	"NAME lambda Ori Association"
"Cl Dolidze   21"	"OpC"	"Cl Collinder  458"
"Cl Collinder  458"	"OpC"	"Cl Collinder  458"
"Cl Collinder   70"	"OpC"	"Cl Collinder   70"
"Cl Stock   10"	"OpC"	"Cl Stock   10"
"Cl Collinder   74"	"OpC"	"Cl Collinder   74"
"Cl Basel   11  B"	"OpC"	"NAME Basel 11B"
"Cl Collinder   76"	"OpC"	"Cl Collinder   76"
"Cl Collinder   76"	"OpC"	"NGC  2112"
"Cl Melotte   40"	"OpC"	"NGC  2158"
"Cl Melotte   40"	"OpC"	"Cl Melotte   40"
"Cl Trumpler    4"	"OpC"	"Cl Collinder   80"
"Cl Collinder   80"	"OpC"	"Cl Collinder   80"
"Cl Trumpler    4"	"OpC"	"IC 2157"
"Cl Collinder   80"	"OpC"	"IC 2157"
"Cl Trumpler    4"	"OpC"	"Cl Trumpler    4"
"Cl Collinder   80"	"OpC"	"Cl Trumpler    4"
"Cl Pismis   27"	"OpC"	"NGC  2175s"
"Cl Melotte   25  1692"	"SB*"	"Cl Melotte   25   169"
"Cl Melotte   25   169"	"SB*"	"Cl Melotte   25   169"
"Cl Melotte   25  1692"	"SB*"	"Cl Melotte   25  1692"
"Cl Melotte   25   169"	"SB*"	"Cl Melotte   25  1692"
"Cl Collinder   79"	"OpC"	"NGC  2141"
"Cl Collinder   79"	"OpC"	"Cl Collinder   79"
"Cl Platais    5"	"MGr"	"NAME HIP 28944 Cluster"
"Cl Melotte   42"	"OpC"	"NGC  2192"
"Cl Melotte   42"	"OpC"	"Cl Melotte   42"
"Cl Collinder   89"	"OpC"	"Cl Collinder   89"
"Cl Collinder   87"	"OpC"	"NGC  2194"
"Cl Melotte   43"	"OpC"	"NGC  2194"
"Cl Collinder   87"	"OpC"	"Cl Collinder   87"
"Cl Melotte   43"	"OpC"	"Cl Collinder   87"
"Cl Collinder   87"	"OpC"	"Cl Melotte   43"
"Cl Melotte   43"	"OpC"	"Cl Melotte   43"
"Cl Platais    6"	"MGr"	"NAME HIP 29713 Cluster"
"Cl Collinder   91"	"OpC"	"Cl Collinder   91"
"Cl Melotte   44"	"OpC"	"NGC  2204"
"Cl Melotte   44"	"OpC"	"Cl Melotte   44"
"Cl Collinder   95"	"OpC"	"Cl Collinder   95"
"Cl Collinder   94"	"OpC"	"Cl Collinder   94"
"Cl Ruprecht  501"	"OpC"	"Cl Collinder   94"
"Cl Collinder   94"	"OpC"	"NGC  2236"
"Cl Ruprecht  501"	"OpC"	"NGC  2236"
"Cl Collinder   97"	"OpC"	"Cl Collinder   97"
"Cl Collinder   92"	"OpC"	"Cl Collinder   92"
"Cl Collinder   96     2"	"*"	"Cl Collinder   96     2"
"Cl Collinder   96     1"	"Be*"	"Cl Collinder   96     1"
"Cl Collinder   96     6"	"*"	"Cl Collinder   96     6"
"Cl Collinder   96"	"OpC"	"Cl Collinder   96"
"Cl Collinder   96     4"	"Be*"	"Cl Collinder   96     4"
"Cl Collinder   96     5"	"**"	"Cl Collinder   96     5"
"Cl Collinder   96     7"	"*"	"Cl Collinder   96     7"
"Cl Collinder   96     8"	"*"	"Cl Collinder   96     8"
"Cl Collinder   96     9"	"*"	"Cl Collinder   96     9"
"Cl Collinder   96    10"	"*"	"Cl Collinder   96    10"
"Cl Collinder   96    12"	"*"	"Cl Collinder   96    12"
"Cl Collinder   96    13"	"*"	"Cl Collinder   96    13"
"Cl Collinder   96     3"	"*"	"Cl Collinder   96     3"
"Cl Collinder   96    14"	"*"	"Cl Collinder   96    14"
"Cl Collinder   96    11"	"*"	"Cl Collinder   96    11"
"Cl Melotte   46"	"OpC"	"Cl Melotte   46"
"Cl Melotte   46"	"OpC"	"NGC  2243"
"Cl Melotte   50"	"OpC"	"NGC  2266"
"Cl Melotte   50"	"OpC"	"Cl Melotte   50"
"Cl Collinder  105"	"OpC"	"Cl Trumpler    5"
"Cl Trumpler    5"	"OpC"	"Cl Trumpler    5"
"Cl Collinder  105"	"OpC"	"Cl Collinder  105"
"Cl Trumpler    5"	"OpC"	"Cl Collinder  105"
"Cl Collinder  111"	"OpC"	"Cl Collinder  111"
"Cl Collinder  106"	"OpC"	"Cl Collinder  106"
"Cl Collinder  104"	"OpC"	"Cl Collinder  104"
"Cl Collinder  107"	"OpC"	"Cl Collinder  107"
"Cl Collinder  110"	"OpC"	"Cl Collinder  110"
"Cl Collinder  109"	"OpC"	"NGC  2262"
"Cl Collinder  109"	"OpC"	"Cl Collinder  109"
"Cl Collinder  110  A"	"Cl*"	"NAME Collinder 110A"
"Cl Collinder  110  A"	"Cl*"	"Cl Collinder  110  A"
"Cl Collinder  116"	"OpC"	"Cl Melotte   51"
"Cl Melotte   51"	"OpC"	"Cl Melotte   51"
"Cl Collinder  116"	"OpC"	"Cl Collinder  116"
"Cl Melotte   51"	"OpC"	"Cl Collinder  116"
"Cl Collinder  116"	"OpC"	"NGC  2281"
"Cl Melotte   51"	"OpC"	"NGC  2281"
"Cl Berkeley   29"	"OpC"	"UGC  3583"
"Cl Collinder  115"	"OpC"	"Cl Collinder  115"
"Cl Collinder  117"	"OpC"	"NGC  2286"
"Cl Collinder  117"	"OpC"	"Cl Collinder  117"
"Cl Collinder  121    20"	"*"	"Cl Collinder  121    20"
"Cl Collinder  121    18"	"*"	"Cl Collinder  121    18"
"Cl Collinder  121    11"	"*"	"Cl Collinder  121    11"
"Cl Collinder  121     6"	"*"	"Cl Collinder  121     6"
"Cl Collinder  121    15"	"*"	"Cl Collinder  121    15"
"Cl Collinder  121     3"	"*"	"Cl Collinder  121     3"
"Cl Collinder  121    19"	"SB*"	"Cl Collinder  121    19"
"Cl Collinder  121     7"	"PM*"	"Cl Collinder  121     7"
"Cl Collinder  121     5"	"*"	"Cl Collinder  121     5"
"Cl Collinder  121     2"	"*"	"Cl Collinder  121     2"
"Cl Collinder  121     1"	"s*r"	"Cl Collinder  121     1"
"Cl Collinder  121    10"	"*"	"Cl Collinder  121    10"
"Cl Collinder  121    16"	"*"	"Cl Collinder  121    16"
"Cl Collinder  121    17"	"*"	"Cl Collinder  121    17"
"Cl Collinder  121    21"	"*"	"Cl Collinder  121    21"
"Cl Collinder  121"	"OpC"	"Cl Collinder  121"
"Cl Collinder  121     8"	"*"	"Cl Collinder  121     8"
"Cl Collinder  121    12"	"*"	"Cl Collinder  121    12"
"Cl Collinder  121     4"	"WR*"	"LBN  1052"
"Cl Collinder  121     4"	"WR*"	"Cl Collinder  121     4"
"Cl Collinder  121     4"	"WR*"	"SH  2-308"
"Cl Collinder  121     4"	"WR*"	"LBN 234.57-10.00"
"Cl Collinder  121    13"	"*"	"Cl Collinder  121    13"
"Cl Collinder  121     9"	"a2*"	"Cl Collinder  121     9"
"Cl Collinder  121    14"	"*"	"Cl Collinder  121    14"
"Cl Collinder  126"	"OpC"	"NGC  2331"
"Cl Collinder  126"	"OpC"	"Cl Collinder  126"
"Cl Melotte   59"	"OpC"	"Cl Melotte   59"
"Cl Melotte   59"	"OpC"	"NGC  2324"
"Cl Collinder  123"	"OpC"	"NGC  2311"
"Cl Collinder  123"	"OpC"	"Cl Collinder  123"
"Cl Collinder  465"	"OpC"	"Cl Collinder  465"
"Cl Collinder  466"	"OpC"	"Cl Collinder  466"
"Cl Collinder  121    29"	"s*b"	"Cl Collinder  121    29"
"Cl Collinder  121    28"	"s*r"	"Cl Collinder  121    28"
"Cl Melotte   63"	"OpC"	"Cl Collinder  133"
"Cl Collinder  133"	"OpC"	"Cl Collinder  133"
"Cl Melotte   63"	"OpC"	"Cl Melotte   63"
"Cl Collinder  133"	"OpC"	"Cl Melotte   63"
"Cl Melotte   63"	"OpC"	"NGC  2355"
"Cl Collinder  133"	"OpC"	"NGC  2355"
"Cl Basel   11"	"OpC"	"NAME Basel 11A"
"Cl Basel   11  A"	"OpC"	"NAME Basel 11A"
"Cl Melotte   64"	"OpC"	"NAME Caroline's Cluster"
"Cl Melotte   64"	"OpC"	"Cl Melotte   64"
"Cl Melotte   64"	"OpC"	"NGC  2360"
"Cl Collinder  121    31"	"s*y"	"NAME Wezen"
"Cl Collinder  121    31"	"s*y"	"Cl Collinder  121    31"
"Cl Collinder  131"	"OpC"	"Cl Collinder  131"
"Cl Collinder  131"	"OpC"	"NGC  2354"
"Cl Collinder  132    26"	"*"	"Cl Collinder  132    26"
"Cl Collinder  132    16"	"*"	"Cl Collinder  132    16"
"Cl Collinder  132     2"	"*"	"Cl Collinder  132     2"
"Cl Collinder  132    20"	"*"	"Cl Collinder  132    20"
"Cl Collinder  132     5"	"El*"	"Cl Collinder  132     5"
"Cl Collinder  132     4"	"*"	"Cl Collinder  132     4"
"Cl Collinder  132     6"	"PM*"	"Cl Collinder  132     6"
"Cl Collinder  132     1"	"*"	"Cl Collinder  132     1"
"Cl Collinder  132    30"	"*"	"Cl Collinder  132    30"
"Cl Collinder  132     8"	"EB*"	"Cl Collinder  132     8"
"Cl Collinder  132    14"	"*"	"Cl Collinder  132    14"
"Cl Collinder  132     3"	"*"	"Cl Collinder  132     3"
"Cl Collinder  132    17"	"*"	"Cl Collinder  132    17"
"Cl Collinder  132    13"	"*"	"Cl Collinder  132    13"
"Cl Collinder  132    31"	"*"	"Cl Collinder  132    31"
"Cl Collinder  132     7"	"**"	"Cl Collinder  132     7"
"Cl Collinder  132    10"	"*"	"Cl Collinder  132    10"
"Cl Collinder  132    12"	"**"	"Cl Collinder  132    12"
"Cl Collinder  132    27"	"*"	"Cl Collinder  132    27"
"Cl Collinder  132    21"	"*"	"Cl Collinder  132    21"
"Cl Collinder  132    22"	"Y*O"	"Cl Collinder  132    22"
"Cl Collinder  132    19"	"*"	"Cl Collinder  132    19"
"Cl Collinder  132     9"	"EB*"	"Cl Collinder  132     9"
"Cl Collinder  132"	"OpC"	"Cl Collinder  132"
"Cl Collinder  132    29"	"*"	"Cl Collinder  132    29"
"Cl Collinder  132    33"	"*"	"Cl Collinder  132    33"
"Cl Collinder  132    15"	"*"	"Cl Collinder  132    15"
"Cl Collinder  132    18"	"*"	"Cl Collinder  132    18"
"Cl Collinder  132    23"	"PM*"	"Cl Collinder  132    23"
"Cl Collinder  132    28"	"*"	"Cl Collinder  132    28"
"Cl Collinder  132    32"	"*"	"Cl Collinder  132    32"
"Cl Collinder  132  A"	"OpC"	"Cl Collinder  132  A"
"Cl Collinder  132  B"	"OpC"	"Cl Collinder  132  B"
"Cl Collinder  135     5"	"**"	"Cl Collinder  135     5"
"Cl Collinder  135"	"OpC"	"Cl Collinder  135"
"Cl Collinder  135     1"	"LP*"	"Cl Collinder  135     1"
"Cl Collinder  135     1"	"LP*"	"NAME Ahadi"
"Cl Collinder  144"	"OpC"	"Cl Collinder  144"
"Cl Collinder  144"	"OpC"	"NGC  2395"
"Cl Collinder  138"	"OpC"	"Cl Collinder  138"
"Cl Collinder  138"	"OpC"	"NGC  2368"
"Cl Collinder  140    21"	"*"	"Cl Collinder  140    21"
"Cl Trumpler    7    12"	"*"	"Cl Trumpler    7    12"
"Cl Trumpler    7     1"	"*"	"Cl Trumpler    7     1"
"Cl Trumpler    7    13"	"*"	"Cl Trumpler    7    13"
"Cl Trumpler    7    16"	"*"	"Cl Trumpler    7    16"
"Cl Trumpler    7     4"	"*"	"Cl Trumpler    7     4"
"Cl Trumpler    7    15"	"*"	"Cl Trumpler    7    15"
"Cl Trumpler    7     2"	"*"	"Cl Trumpler    7     2"
"Cl Trumpler    7    14"	"*"	"Cl Trumpler    7    14"
"Cl Trumpler    7     5"	"*"	"Cl Trumpler    7     5"
"Cl Trumpler    7     6"	"Pu*"	"Cl Trumpler    7     6"
"Cl Trumpler    7     9"	"*"	"Cl Trumpler    7     9"
"Cl Trumpler    7    11"	"*"	"Cl Trumpler    7    11"
"Cl Trumpler    7     8"	"*"	"Cl Trumpler    7     8"
"Cl Trumpler    7    10"	"*"	"Cl Trumpler    7    10"
"Cl Trumpler    7     7"	"*"	"Cl Trumpler    7     7"
"Cl Trumpler    7"	"OpC"	"Cl Trumpler    7"
"Cl Collinder  145"	"OpC"	"Cl Trumpler    6"
"Cl Trumpler    6"	"OpC"	"Cl Trumpler    6"
"Cl Collinder  145"	"OpC"	"Cl Collinder  145"
"Cl Trumpler    6"	"OpC"	"Cl Collinder  145"
"Cl Collinder  140    17"	"*"	"Cl Collinder  140    17"
"Cl Collinder  140    31"	"*"	"Cl Collinder  140    31"
"Cl Collinder  140    29"	"*"	"Cl Collinder  140    29"
"Cl Collinder  140    44"	"*"	"Cl Collinder  140    44"
"Cl Collinder  140    13"	"*"	"Cl Collinder  140    13"
"Cl Collinder  140     3"	"Be*"	"Cl Collinder  140     3"
"Cl Collinder  140    40"	"*"	"Cl Collinder  140    40"
"Cl Collinder  140    22"	"PM*"	"Cl Collinder  140    22"
"Cl Collinder  140    23"	"*"	"Cl Collinder  140    23"
"Cl Collinder  140    10"	"PM*"	"Cl Collinder  140    10"
"Cl Collinder  140    32"	"*"	"Cl Collinder  140    32"
"Cl Collinder  140     9"	"*"	"Cl Collinder  140     9"
"Cl Collinder  140     1"	"*"	"Cl Collinder  140     1"
"Cl Collinder  140     4"	"*"	"Cl Collinder  140     4"
"Cl Collinder  140     8"	"*"	"Cl Collinder  140     8"
"Cl Collinder  140    16"	"*"	"Cl Collinder  140    16"
"Cl Collinder  140    35"	"*"	"Cl Collinder  140    35"
"Cl Collinder  140    60"	"*"	"Cl Collinder  140    60"
"Cl Collinder  140    53"	"SB*"	"Cl Collinder  140    53"
"Cl Collinder  140    56"	"SB*"	"Cl Collinder  140    56"
"Cl Collinder  140    66"	"*"	"Cl Collinder  140    66"
"Cl Collinder  140    41"	"*"	"Cl Collinder  140    41"
"Cl Collinder  140    54"	"*"	"Cl Collinder  140    54"
"Cl Collinder  140    37"	"*"	"Cl Collinder  140    37"
"Cl Collinder  121    34"	"s*b"	"NAME Aludra"
"Cl Collinder  121    34"	"s*b"	"Cl Collinder  121    34"
"Cl Collinder  140    70"	"*"	"Cl Collinder  140    70"
"Cl Collinder  140    42"	"*"	"Cl Collinder  140    42"
"Cl Collinder  140     2"	"Pu*"	"Cl Collinder  140     2"
"Cl Collinder  140    12"	"*"	"Cl Collinder  140    12"
"Cl Collinder  140    26"	"**"	"Cl Collinder  140    26"
"Cl Collinder  140    27"	"*"	"Cl Collinder  140    27"
"Cl Collinder  140    14"	"*"	"Cl Collinder  140    14"
"Cl Collinder  140     7"	"*"	"Cl Collinder  140     7"
"Cl Collinder  140     6"	"*"	"Cl Collinder  140     6"
"Cl Collinder  140    45"	"*"	"Cl Collinder  140    45"
"Cl Collinder  140    20"	"*"	"Cl Collinder  140    20"
"Cl Collinder  140    15"	"*"	"Cl Collinder  140    15"
"Cl Collinder  140    64"	"*"	"Cl Collinder  140    64"
"Cl Collinder  140"	"OpC"	"Cl Collinder  140"
"Cl Collinder  140    46"	"*"	"Cl Collinder  140    46"
"Cl Collinder  140    30"	"*"	"Cl Collinder  140    30"
"Cl Collinder  140    25"	"SB*"	"Cl Collinder  140    25"
"Cl Collinder  140    24"	"*"	"Cl Collinder  140    24"
"Cl Collinder  140     5"	"Pu*"	"Cl Collinder  140     5"
"Cl Collinder  140    11"	"*"	"Cl Collinder  140    11"
"Cl Collinder  140    36"	"*"	"Cl Collinder  140    36"
"Cl Collinder  140    38"	"*"	"Cl Collinder  140    38"
"Cl Collinder  140    28"	"*"	"Cl Collinder  140    28"
"Cl Collinder  140    19"	"*"	"Cl Collinder  140    19"
"Cl Collinder  140    43"	"*"	"Cl Collinder  140    43"
"Cl Collinder  140    50"	"*"	"Cl Collinder  140    50"
"Cl Collinder  140    47"	"*"	"Cl Collinder  140    47"
"Cl Collinder  140    68"	"*"	"Cl Collinder  140    68"
"Cl Collinder  140    62"	"*"	"Cl Collinder  140    62"
"Cl Collinder  140    39"	"*"	"Cl Collinder  140    39"
"Cl Collinder  140    67"	"*"	"Cl Collinder  140    67"
"Cl Collinder  140    69"	"*"	"Cl Collinder  140    69"
"Cl Collinder  140    52"	"*"	"Cl Collinder  140    52"
"Cl Collinder  140    33"	"*"	"Cl Collinder  140    33"
"Cl Collinder  140    49"	"*"	"Cl Collinder  140    49"
"Cl Collinder  140    72"	"*"	"Cl Collinder  140    72"
"Cl Collinder  140    48"	"*"	"Cl Collinder  140    48"
"Cl Collinder  140    58"	"*"	"Cl Collinder  140    58"
"Cl Collinder  140    73"	"*"	"Cl Collinder  140    73"
"Cl Collinder  140    34"	"*"	"Cl Collinder  140    34"
"Cl Collinder  140    65"	"*"	"Cl Collinder  140    65"
"Cl Collinder  140    61"	"*"	"Cl Collinder  140    61"
"Cl Collinder  140    63"	"*"	"Cl Collinder  140    63"
"Cl Collinder  140    71"	"*"	"Cl Collinder  140    71"
"Cl Collinder  140    55"	"*"	"Cl Collinder  140    55"
"Cl Collinder  140    18"	"*"	"Cl Collinder  140    18"
"Cl Collinder  140    59"	"*"	"Cl Collinder  140    59"
"Cl Collinder  154"	"OpC"	"NGC  2420"
"Cl Melotte   69"	"OpC"	"NGC  2420"
"Cl Collinder  154"	"OpC"	"Cl Melotte   69"
"Cl Melotte   69"	"OpC"	"Cl Melotte   69"
"Cl Collinder  154"	"OpC"	"Cl Collinder  154"
"Cl Melotte   69"	"OpC"	"Cl Collinder  154"
"Cl Collinder  155"	"OpC"	"Cl Melotte   71"
"Cl Melotte   71"	"OpC"	"Cl Melotte   71"
"Cl Collinder  155"	"OpC"	"Cl Collinder  155"
"Cl Melotte   71"	"OpC"	"Cl Collinder  155"
"Cl Melotte   72"	"OpC"	"Cl Melotte   72"
"Cl Collinder  467"	"Cl*"	"Cl Collinder  467"
"Cl Melotte   70"	"OpC"	"Cl Melotte   70"
"Cl Melotte   70"	"OpC"	"NGC  2423"
"Cl Bochum    4"	"OpC"	"NAME FIRSSE 213"
"Cl Bochum    4"	"OpC"	"NGC  2409"
"Cl Collinder  157"	"OpC"	"Cl Collinder  157"
"Cl Melotte   73"	"OpC"	"Cl Collinder  157"
"Cl Collinder  157"	"OpC"	"NGC  2432"
"Cl Melotte   73"	"OpC"	"NGC  2432"
"Cl Collinder  157"	"OpC"	"Cl Melotte   73"
"Cl Melotte   73"	"OpC"	"Cl Melotte   73"
"Cl Collinder  160"	"OpC"	"Cl Collinder  160"
"Cl Collinder  160"	"OpC"	"M  93"
"Cl Collinder  160"	"OpC"	"NGC  2447"
"Cl Collinder  161"	"Cl*"	"NGC  2451"
"Cl Collinder  161"	"Cl*"	"Cl Collinder  161"
"Cl Melotte   78"	"OpC"	"Cl Melotte   78"
"Cl Melotte   78"	"OpC"	"NGC  2477"
"Cl Melotte   80"	"OpC"	"Cl Melotte   80"
"Cl Collinder  170"	"OpC"	"Cl Melotte   80"
"Cl Melotte   80"	"OpC"	"NGC  2506"
"Cl Collinder  170"	"OpC"	"NGC  2506"
"Cl Melotte   80"	"OpC"	"Cl Collinder  170"
"Cl Collinder  170"	"OpC"	"Cl Collinder  170"
"Cl Trumpler    8"	"OpC"	"Cl Trumpler    8"
"Cl Trumpler    8"	"OpC"	"NGC  2479"
"Cl Melotte   81"	"OpC"	"Cl Melotte   81"
"Cl Melotte   81"	"OpC"	"NGC  2509"
"Cl Ruprecht  509     2"	"*"	"Cl Trumpler    9     2"
"Cl Trumpler    9     2"	"*"	"Cl Trumpler    9     2"
"Cl Trumpler    9    19"	"*"	"Cl Trumpler    9    19"
"Cl Ruprecht  509    19"	"*"	"Cl Trumpler    9    19"
"Cl Trumpler    9     1"	"BS*"	"Cl Trumpler    9     1"
"Cl Trumpler    9"	"OpC"	"Cl Trumpler    9"
"Cl Trumpler    9     4"	"*"	"Cl Trumpler    9     4"
"Cl Trumpler    9    18"	"PM*"	"Cl Trumpler    9    18"
"Cl Trumpler    9     3"	"*"	"Cl Trumpler    9     3"
"Cl Trumpler    9    21"	"*"	"Cl Trumpler    9    21"
"Cl Trumpler    9    29"	"*"	"Cl Trumpler    9    29"
"Cl Trumpler    9    31"	"**"	"Cl Trumpler    9    31"
"Cl Trumpler    9     5"	"*"	"Cl Trumpler    9     5"
"Cl Trumpler    9     6"	"Pu*"	"Cl Trumpler    9     6"
"Cl Trumpler    9     7"	"*"	"Cl Trumpler    9     7"
"Cl Trumpler    9     8"	"*"	"Cl Trumpler    9     8"
"Cl Trumpler    9     9"	"*"	"Cl Trumpler    9     9"
"Cl Trumpler    9    10"	"*"	"Cl Trumpler    9    10"
"Cl Trumpler    9    11"	"EB*"	"Cl Trumpler    9    11"
"Cl Trumpler    9    13"	"*"	"Cl Trumpler    9    13"
"Cl Trumpler    9    14"	"*"	"Cl Trumpler    9    14"
"Cl Trumpler    9    15"	"*"	"Cl Trumpler    9    15"
"Cl Trumpler    9    16"	"*"	"Cl Trumpler    9    16"
"Cl Trumpler    9    17"	"*"	"Cl Trumpler    9    17"
"Cl Trumpler    9    20"	"Pu*"	"Cl Trumpler    9    20"
"Cl Trumpler    9    22"	"Pu*"	"Cl Trumpler    9    22"
"Cl Trumpler    9    23"	"*"	"Cl Trumpler    9    23"
"Cl Trumpler    9    24"	"*"	"Cl Trumpler    9    24"
"Cl Trumpler    9    26"	"*"	"Cl Trumpler    9    26"
"Cl Trumpler    9    27"	"*"	"Cl Trumpler    9    27"
"Cl Trumpler    9    28"	"*"	"Cl Trumpler    9    28"
"Cl Trumpler    9    30"	"V*"	"Cl Trumpler    9    30"
"Cl Trumpler    9    32"	"*"	"Cl Trumpler    9    32"
"Cl Trumpler    9    33"	"*"	"Cl Trumpler    9    33"
"Cl Trumpler    9    34"	"*"	"Cl Trumpler    9    34"
"Cl Trumpler    9    35"	"*"	"Cl Trumpler    9    35"
"Cl Trumpler    9    36"	"*"	"Cl Trumpler    9    36"
"Cl Trumpler    9    37"	"SB*"	"Cl Trumpler    9    37"
"Cl Trumpler    9    38"	"*"	"Cl Trumpler    9    38"
"Cl Trumpler    9    39"	"*"	"Cl Trumpler    9    39"
"Cl Trumpler    9    40"	"EB*"	"Cl Trumpler    9    40"
"Cl Trumpler    9    41"	"*"	"Cl Trumpler    9    41"
"Cl Trumpler    9    42"	"*"	"Cl Trumpler    9    42"
"Cl Trumpler    9    43"	"*"	"Cl Trumpler    9    43"
"Cl Trumpler    9    44"	"*"	"Cl Trumpler    9    44"
"Cl Trumpler    9    45"	"*"	"Cl Trumpler    9    45"
"Cl Trumpler    9    53"	"*"	"Cl Trumpler    9    53"
"Cl Trumpler    9    54"	"V*"	"Cl Trumpler    9    54"
"Cl Trumpler    9    55"	"*"	"Cl Trumpler    9    55"
"Cl Melotte   83"	"OpC"	"NGC  2539"
"Cl Melotte   83"	"OpC"	"Cl Melotte   83"
"Cl Collinder  174"	"OpC"	"NGC  2527"
"Cl Collinder  174"	"OpC"	"Cl Collinder  174"
"Cl Collinder  175"	"OpC"	"Cl Collinder  175"
"Cl Collinder  175"	"OpC"	"NGC  2533"
"Cl Collinder  184"	"OpC"	"Cl Collinder  184"
"Cl Collinder  184"	"OpC"	"NGC  2587"
"Cl Collinder  187"	"OpC"	"Cl Collinder  187"
"Cl Collinder  185"	"OpC"	"Cl Collinder  185"
"Cl Collinder  188"	"OpC"	"NGC  2627"
"Cl Melotte   87"	"OpC"	"NGC  2627"
"Cl Collinder  188"	"OpC"	"Cl Melotte   87"
"Cl Melotte   87"	"OpC"	"Cl Melotte   87"
"Cl Collinder  188"	"OpC"	"Cl Collinder  188"
"Cl Melotte   87"	"OpC"	"Cl Collinder  188"
"Cl Melotte   88"	"OpC"	"NGC  2632"
"Cl Melotte   88"	"OpC"	"NAME Praesepe"
"Cl Melotte   88"	"OpC"	"M  44"
"Cl Melotte   88"	"OpC"	"Cl Melotte   88"
"Cl Melotte   88"	"OpC"	"NAME Beehive"
"Cl Melotte   88"	"OpC"	"NAME Praesepe Cluster"
"Cl Collinder  196"	"OpC"	"Cl Collinder  196"
"Cl Collinder  190"	"OpC"	"NGC  2635"
"Cl Melotte   89"	"OpC"	"NGC  2635"
"Cl Collinder  190"	"OpC"	"Cl Collinder  190"
"Cl Melotte   89"	"OpC"	"Cl Collinder  190"
"Cl Collinder  190"	"OpC"	"Cl Melotte   89"
"Cl Melotte   89"	"OpC"	"Cl Melotte   89"
"Cl Collinder  198"	"OpC"	"Cl Collinder  198"
"Cl Blanco    1"	"OpC"	"NAME dze Scl Cluster"
"Cl Blanco    1"	"OpC"	"NAME zet Scl Cluster"
"Cl Melotte    3"	"GlC"	"Cl Melotte    3"
"Cl Melotte    3"	"GlC"	"NGC   288"
"Cl Melotte  242"	"GlC"	"NGC  7492"
"Cl Melotte  242"	"GlC"	"Cl Melotte  242"
"Cl Melotte   25   154"	"PM*"	"Cl Melotte   25   154"
"Cl Collinder   21"	"Cl*"	"Cl Collinder   21"
"Cl Melotte   25   157"	"PM*"	"Cl Melotte   25   157"
"Cl Platais    2"	"OpC"	"NAME HIP 5671 Cluster"
"Cl Melotte   25   153"	"BY*"	"Cl Melotte   25   153"
"Cl Melotte   12"	"OpC"	"Cl Melotte   12"
"Cl Melotte   12"	"OpC"	"NGC   752"
"Cl Melotte  106"	"OpC"	"Cl Melotte  106"
"Cl Melotte  106"	"OpC"	"NGC  3680"
"Cl Melotte  111    10"	"Em*"	"Cl Melotte  111    10"
"Cl Melotte  111     3"	"PM*"	"Cl Melotte  111     3"
"Cl Melotte  111     5"	"*"	"Cl Melotte  111     5"
"Cl Melotte  111     7"	"AB?"	"Cl Melotte  111     7"
"Cl Melotte  111    12"	"*"	"Cl Melotte  111    12"
"Cl Melotte  111     1"	"PM*"	"Cl Melotte  111     1"
"Cl Melotte  111     9"	"PM*"	"Cl Melotte  111     9"
"Cl Melotte  111     8"	"*"	"Cl Melotte  111     8"
"Cl Melotte  111     2"	"Em*"	"Cl Melotte  111     2"
"Cl Melotte  111     4"	"*"	"Cl Melotte  111     4"
"Cl Melotte  111     6"	"Em*"	"Cl Melotte  111     6"
"Cl Melotte  111    11"	"PM*"	"Cl Melotte  111    11"
"Cl Melotte  111    22"	"*"	"Cl Melotte  111    22"
"Cl Melotte  111    26"	"*"	"Cl Melotte  111    26"
"Cl Melotte  111    30"	"*"	"Cl Melotte  111    30"
"Cl Melotte  111    34"	"*"	"Cl Melotte  111    34"
"Cl Melotte  111    37"	"PM*"	"Cl Melotte  111    37"
"Cl Melotte  111    46"	"Em*"	"Cl Melotte  111    46"
"Cl Melotte  111    47"	"PM*"	"Cl Melotte  111    47"
"Cl Melotte  111    68"	"Em*"	"Cl Melotte  111    68"
"Cl Melotte  111    59"	"SB*"	"Cl Melotte  111    59"
"Cl Melotte  111    66"	"PM*"	"Cl Melotte  111    66"
"Cl Melotte  111    19"	"dS*"	"Cl Melotte  111    19"
"Cl Melotte  111    20"	"Em*"	"Cl Melotte  111    20"
"Cl Melotte  111    24"	"Em*"	"Cl Melotte  111    24"
"Cl Melotte  111    25"	"AB?"	"Cl Melotte  111    25"
"Cl Melotte  111    15"	"PM*"	"Cl Melotte  111    15"
"Cl Melotte  111    16"	"SB*"	"Cl Melotte  111    16"
"Cl Melotte  111    17"	"Em*"	"Cl Melotte  111    17"
"Cl Melotte  111    18"	"*"	"Cl Melotte  111    18"
"Cl Melotte  111    28"	"Em*"	"Cl Melotte  111    28"
"Cl Melotte  111    32"	"Em*"	"Cl Melotte  111    32"
"Cl Melotte  111    35"	"SB*"	"Cl Melotte  111    35"
"Cl Melotte  111    63"	"Em*"	"Cl Melotte  111    63"
"Cl Melotte  111    69"	"PM*"	"Cl Melotte  111    69"
"Cl Melotte  111    43"	"LP*"	"Cl Melotte  111    43"
"Cl Melotte  111    41"	"*"	"Cl Melotte  111    41"
"Cl Melotte  111    86"	"Em*"	"Cl Melotte  111    86"
"Cl Melotte  111    27"	"SB*"	"Cl Melotte  111    27"
"Cl Melotte  111    33"	"*"	"Cl Melotte  111    33"
"Cl Melotte  111    38"	"*"	"Cl Melotte  111    38"
"Cl Melotte  111    42"	"*"	"Cl Melotte  111    42"
"Cl Melotte  111   714"	"SB*"	"Cl Melotte  111   714"
"Cl Melotte  111    71"	"SB*"	"Cl Melotte  111   714"
"Cl Melotte  111   714"	"SB*"	"Cl Melotte  111    71"
"Cl Melotte  111    71"	"SB*"	"Cl Melotte  111    71"
"Cl Melotte  111    73"	"PM*"	"Cl Melotte  111    73"
"Cl Melotte  111    72"	"PM*"	"Cl Melotte  111    72"
"Cl Melotte  111    84"	"*"	"Cl Melotte  111    84"
"Cl Melotte  111    85"	"Em*"	"Cl Melotte  111    85"
"Cl Melotte  111    36"	"Em*"	"Cl Melotte  111    36"
"Cl Melotte  111    55"	"Em*"	"Cl Melotte  111    55"
"Cl Melotte  111   280"	"RG*"	"Cl Melotte  111   280"
"Cl Melotte  111   269"	"*"	"Cl Melotte  111   269"
"Cl Melotte  111   281"	"PM*"	"Cl Melotte  111   281"
"Cl Melotte  111    76"	"Em*"	"Cl Melotte  111    76"
"Cl Melotte  111    79"	"Em*"	"Cl Melotte  111    79"
"Cl Melotte  111   227"	"Em*"	"Cl Melotte  111   227"
"Cl Melotte  111    60"	"dS*"	"Cl Melotte  111   604"
"Cl Melotte  111   604"	"dS*"	"Cl Melotte  111   604"
"Cl Melotte  111    60"	"dS*"	"Cl Melotte  111    60"
"Cl Melotte  111   604"	"dS*"	"Cl Melotte  111    60"
"Cl Melotte  111    49"	"Em*"	"Cl Melotte  111    49"
"Cl Melotte  111   205"	"*"	"Cl Melotte  111   205"
"Cl Melotte  111    87"	"*"	"Cl Melotte  111    87"
"Cl Melotte  111   203"	"*"	"Cl Melotte  111   203"
"Cl Melotte  111   208"	"*"	"Cl Melotte  111   208"
"Cl Melotte  111   282"	"Em*"	"Cl Melotte  111   282"
"Cl Melotte  111   228"	"SB*"	"Cl Melotte  111   228"
"Cl Melotte  111    52"	"**"	"Cl Melotte  111    52"
"Cl Melotte  111   207"	"*"	"Cl Melotte  111   207"
"Cl Melotte  111   329"	"*"	"Cl Melotte  111   329"
"Cl Melotte  111   307"	"*"	"Cl Melotte  111   307"
"Cl Melotte  111   347"	"*"	"Cl Melotte  111   347"
"Cl Melotte  111   319"	"*"	"Cl Melotte  111   319"
"Cl Melotte  111   345"	"*"	"Cl Melotte  111   345"
"Cl Melotte  111    80"	"EB*"	"Cl Melotte  111    80"
"Cl Melotte  111   291"	"Em*"	"Cl Melotte  111   291"
"Cl Melotte  111   201"	"*"	"Cl Melotte  111   201"
"Cl Melotte  111   204"	"*"	"Cl Melotte  111   204"
"Cl Melotte  111   254"	"*"	"Cl Melotte  111   254"
"Cl Melotte  111   260"	"PM*"	"Cl Melotte  111   260"
"Cl Melotte  111   261"	"*"	"Cl Melotte  111   261"
"Cl Melotte  111   262"	"*"	"Cl Melotte  111   262"
"Cl Melotte  111   264"	"*"	"Cl Melotte  111   264"
"Cl Melotte  111   270"	"*"	"Cl Melotte  111   270"
"Cl Melotte  111   271"	"*"	"Cl Melotte  111   271"
"Cl Melotte  111   275"	"SB*"	"Cl Melotte  111   275"
"Cl Melotte  111   279"	"*"	"Cl Melotte  111   279"
"Cl Melotte  111   283"	"*"	"Cl Melotte  111   283"
"Cl Melotte  111   298"	"*"	"Cl Melotte  111   298"
"Cl Melotte  111   305"	"*"	"Cl Melotte  111   305"
"Cl Melotte  111   306"	"*"	"Cl Melotte  111   306"
"Cl Melotte  111   308"	"*"	"Cl Melotte  111   308"
"Cl Melotte  111   309"	"*"	"Cl Melotte  111   309"
"Cl Melotte  111   310"	"*"	"Cl Melotte  111   310"
"Cl Melotte  111   320"	"*"	"Cl Melotte  111   320"
"Cl Melotte  111   323"	"*"	"Cl Melotte  111   323"
"Cl Melotte  111   324"	"*"	"Cl Melotte  111   324"
"Cl Melotte  111   325"	"*"	"Cl Melotte  111   325"
"Cl Melotte  111   331"	"*"	"Cl Melotte  111   331"
"Cl Melotte  111   333"	"*"	"Cl Melotte  111   333"
"Cl Melotte  111   346"	"PM*"	"Cl Melotte  111   346"
"Cl Melotte  111   348"	"PM*"	"Cl Melotte  111   348"
"Cl Melotte  111   222"	"RG*"	"Cl Melotte  111   222"
"Cl Melotte  111   293"	"HB*"	"Cl Melotte  111   293"
"Cl Melotte  111   322"	"RG*"	"Cl Melotte  111   322"
"Cl Melotte  111   334"	"RG*"	"Cl Melotte  111   334"
"Cl Melotte  111   328"	"PM*"	"Cl Melotte  111   328"
"Cl Melotte  111   704"	"PM*"	"Cl Melotte  111   704"
"Cl Melotte  111    70"	"PM*"	"Cl Melotte  111   704"
"Cl Melotte  111   704"	"PM*"	"Cl Melotte  111    70"
"Cl Melotte  111    70"	"PM*"	"Cl Melotte  111    70"
"Cl Melotte  111    13"	"RG*"	"Cl Melotte  111    13"
"Cl Melotte  111    14"	"*"	"Cl Melotte  111    14"
"Cl Melotte  111    23"	"SB*"	"Cl Melotte  111    23"
"Cl Melotte  111    48"	"SB*"	"Cl Melotte  111    48"
"Cl Melotte  111   350"	"*"	"Cl Melotte  111   350"
"Cl Melotte  111   351"	"*"	"Cl Melotte  111   351"
"Cl Melotte  111    61"	"*"	"Cl Melotte  111    61"
"Cl Melotte  111    81"	"PM*"	"Cl Melotte  111    81"
"Cl Melotte  111   226"	"*"	"Cl Melotte  111   226"
"Cl Melotte  111   224"	"*"	"Cl Melotte  111   224"
"Cl Melotte  111    82"	"dS*"	"Cl Melotte  111    82"
"Cl Melotte  111    88"	"Em*"	"Cl Melotte  111    88"
"Cl Melotte  111    40"	"*"	"Cl Melotte  111    40"
"Cl Melotte  111    44"	"*"	"Cl Melotte  111    44"
"Cl Melotte  111    56"	"SB*"	"Cl Melotte  111    56"
"Cl Melotte  111    58"	"*"	"Cl Melotte  111    58"
"Cl Melotte  111    65"	"Em*"	"Cl Melotte  111    65"
"Cl Melotte  111    77"	"*"	"Cl Melotte  111    77"
"Cl Melotte  111    83"	"Em*"	"Cl Melotte  111    83"
"Cl Melotte  111   894"	"Em*"	"Cl Melotte  111   894"
"Cl Melotte  111    89"	"Em*"	"Cl Melotte  111   894"
"Cl Melotte  111   894"	"Em*"	"Cl Melotte  111    89"
"Cl Melotte  111    89"	"Em*"	"Cl Melotte  111    89"
"Cl Melotte  111   394"	"*"	"Cl Melotte  111    39"
"Cl Melotte  111    39"	"*"	"Cl Melotte  111    39"
"Cl Melotte  111   394"	"*"	"Cl Melotte  111   394"
"Cl Melotte  111    39"	"*"	"Cl Melotte  111   394"
"Cl Melotte  111    67"	"*"	"Cl Melotte  111    67"
"Cl Melotte  111    78"	"*"	"Cl Melotte  111    78"
"Cl Melotte  111    54"	"*"	"Cl Melotte  111    54"
"Cl Melotte  111    57"	"*"	"Cl Melotte  111    57"
"Cl Melotte  111    50"	"PM*"	"Cl Melotte  111    50"
"Cl Melotte  111    51"	"*"	"Cl Melotte  111    51"
"Cl Melotte  111    53"	"SB*"	"Cl Melotte  111    53"
"Cl Melotte  111    62"	"*"	"Cl Melotte  111   624"
"Cl Melotte  111   624"	"*"	"Cl Melotte  111   624"
"Cl Melotte  111    62"	"*"	"Cl Melotte  111    62"
"Cl Melotte  111   624"	"*"	"Cl Melotte  111    62"
"Cl Melotte  111   373"	"*"	"Cl Melotte  111   373"
"Cl Melotte  111    29"	"PM*"	"Cl Melotte  111    29"
"Cl Melotte  111   352"	"PM*"	"Cl Melotte  111   352"
"Cl Melotte  111   353"	"*"	"Cl Melotte  111   353"
"Cl Melotte  111   354"	"*"	"Cl Melotte  111   354"
"Cl Melotte  111   355"	"*"	"Cl Melotte  111   355"
"Cl Melotte  111   356"	"*"	"Cl Melotte  111   356"
"Cl Melotte  111   357"	"*"	"Cl Melotte  111   357"
"Cl Melotte  111   359"	"*"	"Cl Melotte  111   359"
"Cl Melotte  111   367"	"*"	"Cl Melotte  111   367"
"Cl Melotte  111   368"	"*"	"Cl Melotte  111   368"
"Cl Melotte  111   371"	"*"	"Cl Melotte  111   371"
"Cl Melotte  111   372"	"*"	"Cl Melotte  111   372"
"Cl Melotte  111   225"	"*"	"Cl Melotte  111   225"
"Cl Melotte  111    90"	"*"	"Cl Melotte  111    90"
"Cl Melotte  111   105"	"Em*"	"Cl Melotte  111   105"
"Cl Melotte  111   121"	"*"	"Cl Melotte  111   121"
"Cl Melotte  111   129"	"PM*"	"Cl Melotte  111   129"
"Cl Melotte  111   141"	"*"	"Cl Melotte  111   141"
"Cl Melotte  111   147"	"SB*"	"Cl Melotte  111   147"
"Cl Melotte  111   148"	"AB?"	"Cl Melotte  111   148"
"Cl Melotte  111   155"	"*"	"Cl Melotte  111   155"
"Cl Melotte  111   167"	"PM*"	"Cl Melotte  111   167"
"Cl Melotte  111   137"	"*"	"Cl Melotte  111   137"
"Cl Melotte  111   173"	"PM*"	"Cl Melotte  111   173"
"Cl Melotte  111   184"	"dS*"	"Cl Melotte  111   184"
"Cl Melotte  111   108"	"Em*"	"Cl Melotte  111   108"
"Cl Melotte  111   250"	"PM*"	"Cl Melotte  111   250"
"Cl Melotte  111    93"	"*"	"Cl Melotte  111    93"
"Cl Melotte  111    99"	"*"	"Cl Melotte  111    99"
"Cl Melotte  111   102"	"SB*"	"Cl Melotte  111   102"
"Cl Melotte  111   101"	"Em*"	"Cl Melotte  111   101"
"Cl Melotte  111    92"	"*"	"Cl Melotte  111    92"
"Cl Melotte  111    95"	"*"	"Cl Melotte  111    95"
"Cl Melotte  111    97"	"SB*"	"Cl Melotte  111    97"
"Cl Melotte  111   104"	"SB*"	"Cl Melotte  111   104"
"Cl Melotte  111   107"	"a2*"	"Cl Melotte  111   107"
"Cl Melotte  111  1074"	"a2*"	"Cl Melotte  111   107"
"Cl Melotte  111   107"	"a2*"	"Cl Melotte  111  1074"
"Cl Melotte  111  1074"	"a2*"	"Cl Melotte  111  1074"
"Cl Melotte  111   299"	"*"	"Cl Melotte  111   299"
"Cl Melotte  111   311"	"*"	"Cl Melotte  111   311"
"Cl Melotte  111   211"	"RG*"	"Cl Melotte  111   211"
"Cl Melotte  111    94"	"SB*"	"Cl Melotte  111    94"
"Cl Melotte  111   318"	"*"	"Cl Melotte  111   318"
"Cl Melotte  111   123"	"SB*"	"Cl Melotte  111   123"
"Cl Melotte  111  1254"	"*"	"Cl Melotte  111  1254"
"Cl Melotte  111   125"	"*"	"Cl Melotte  111  1254"
"Cl Melotte  111  1254"	"*"	"Cl Melotte  111   125"
"Cl Melotte  111   125"	"*"	"Cl Melotte  111   125"
"Cl Melotte  111   140"	"*"	"Cl Melotte  111   140"
"Cl Melotte  111   156"	"*"	"Cl Melotte  111   156"
"Cl Melotte  111   178"	"*"	"Cl Melotte  111   178"
"Cl Melotte  111   118"	"Em*"	"Cl Melotte  111   118"
"Cl Melotte  111   120"	"SB*"	"Cl Melotte  111   120"
"Cl Melotte  111   241"	"*"	"Cl Melotte  111   241"
"Cl Melotte  111   124"	"Em*"	"Cl Melotte  111   124"
"Cl Melotte  111   127"	"PM*"	"Cl Melotte  111   127"
"Cl Melotte  111   130"	"*"	"Cl Melotte  111   130"
"Cl Melotte  111   132"	"*"	"Cl Melotte  111   132"
"Cl Melotte  111   133"	"**"	"Cl Melotte  111   133"
"Cl Melotte  111   135"	"RG*"	"Cl Melotte  111   135"
"Cl Melotte  111   248"	"*"	"Cl Melotte  111   248"
"Cl Melotte  111   144"	"SB*"	"Cl Melotte  111   144"
"Cl Melotte  111   220"	"Em*"	"Cl Melotte  111   220"
"Cl Melotte  111   159"	"SB*"	"Cl Melotte  111   159"
"Cl Melotte  111   168"	"Em*"	"Cl Melotte  111   168"
"Cl Melotte  111   172"	"Em*"	"Cl Melotte  111   172"
"Cl Melotte  111   117"	"Em*"	"Cl Melotte  111   117"
"Cl Melotte  111   126"	"RG*"	"Cl Melotte  111   126"
"Cl Melotte  111   139"	"EB*"	"Cl Melotte  111   139"
"Cl Melotte  111   145"	"SB*"	"Cl Melotte  111   145"
"Cl Melotte  111   153"	"*"	"Cl Melotte  111   153"
"Cl Melotte  111   166"	"Pe*"	"Cl Melotte  111   166"
"Cl Melotte  111   171"	"Em*"	"Cl Melotte  111   171"
"Cl Melotte  111   180"	"*"	"Cl Melotte  111   180"
"Cl Melotte  111   177"	"gD*"	"Cl Melotte  111   177"
"Cl Melotte  111   119"	"*"	"Cl Melotte  111   119"
"Cl Collinder  256"	"OpC"	"NAME Coma Star Cluster"
"Cl Melotte  111"	"OpC"	"NAME Coma Star Cluster"
"Cl Collinder  256"	"OpC"	"NAME Coma Ber Cluster"
"Cl Melotte  111"	"OpC"	"NAME Coma Ber Cluster"
"Cl Collinder  256"	"OpC"	"NAME Coma Berenices Cluster"
"Cl Melotte  111"	"OpC"	"NAME Coma Berenices Cluster"
"Cl Collinder  256"	"OpC"	"Cl Melotte  111"
"Cl Melotte  111"	"OpC"	"Cl Melotte  111"
"Cl Collinder  256"	"OpC"	"Cl Collinder  256"
"Cl Melotte  111"	"OpC"	"Cl Collinder  256"
"Cl Melotte  111   165"	"PM*"	"Cl Melotte  111   165"
"Cl Melotte  111  1464"	"a2*"	"Cl Melotte  111  1464"
"Cl Melotte  111   146"	"a2*"	"Cl Melotte  111  1464"
"Cl Melotte  111  1464"	"a2*"	"NAME ** STFA 21"
"Cl Melotte  111   146"	"a2*"	"NAME ** STFA 21"
"Cl Melotte  111  1464"	"a2*"	"Cl Melotte  111   146"
"Cl Melotte  111   146"	"a2*"	"Cl Melotte  111   146"
"Cl Melotte  111  1094"	"**"	"Cl Melotte  111  1094"
"Cl Melotte  111   109"	"**"	"Cl Melotte  111  1094"
"Cl Melotte  111  1094"	"**"	"Cl Melotte  111   109"
"Cl Melotte  111   109"	"**"	"Cl Melotte  111   109"
"Cl Melotte  111   115"	"HB*"	"Cl Melotte  111   115"
"Cl Melotte  111   229"	"*"	"Cl Melotte  111   229"
"Cl Melotte  111   304"	"*"	"Cl Melotte  111   304"
"Cl Melotte  111   303"	"*"	"Cl Melotte  111   303"
"Cl Melotte  111   246"	"*"	"Cl Melotte  111   246"
"Cl Melotte  111   340"	"*"	"Cl Melotte  111   340"
"Cl Melotte  111   257"	"Em*"	"Cl Melotte  111   257"
"Cl Melotte  111   358"	"*"	"Cl Melotte  111   358"
"Cl Melotte  111   111"	"RS*"	"Cl Melotte  111   111"
"Cl Melotte  111   110"	"*"	"Cl Melotte  111   110"
"Cl Melotte  111   251"	"*"	"Cl Melotte  111   251"
"Cl Melotte  111   252"	"*"	"Cl Melotte  111   252"
"Cl Melotte  111   253"	"*"	"Cl Melotte  111   253"
"Cl Melotte  111   256"	"*"	"Cl Melotte  111   256"
"Cl Melotte  111   258"	"*"	"Cl Melotte  111   258"
"Cl Melotte  111   265"	"*"	"Cl Melotte  111   265"
"Cl Melotte  111   267"	"*"	"Cl Melotte  111   267"
"Cl Melotte  111   268"	"*"	"Cl Melotte  111   268"
"Cl Melotte  111   272"	"PM*"	"Cl Melotte  111   272"
"Cl Melotte  111   273"	"*"	"Cl Melotte  111   273"
"Cl Melotte  111   284"	"RG*"	"Cl Melotte  111   284"
"Cl Melotte  111   285"	"*"	"Cl Melotte  111   285"
"Cl Melotte  111   286"	"*"	"Cl Melotte  111   286"
"Cl Melotte  111   288"	"*"	"Cl Melotte  111   288"
"Cl Melotte  111   289"	"*"	"Cl Melotte  111   289"
"Cl Melotte  111   301"	"*"	"Cl Melotte  111   301"
"Cl Melotte  111   302"	"*"	"Cl Melotte  111   302"
"Cl Melotte  111   313"	"*"	"Cl Melotte  111   313"
"Cl Melotte  111   314"	"*"	"Cl Melotte  111   314"
"Cl Melotte  111   315"	"*"	"Cl Melotte  111   315"
"Cl Melotte  111   317"	"*"	"Cl Melotte  111   317"
"Cl Melotte  111   335"	"*"	"Cl Melotte  111   335"
"Cl Melotte  111   339"	"*"	"Cl Melotte  111   339"
"Cl Melotte  111   341"	"*"	"Cl Melotte  111   341"
"Cl Melotte  111   342"	"RG*"	"Cl Melotte  111   342"
"Cl Melotte  111   266"	"*"	"Cl Melotte  111   266"
"Cl Melotte  111   217"	"*"	"Cl Melotte  111   217"
"Cl Melotte  111   218"	"*"	"Cl Melotte  111   218"
"Cl Melotte  111   162"	"Em*"	"Cl Melotte  111   162"
"Cl Melotte  111    91"	"SB*"	"Cl Melotte  111    91"
"Cl Melotte  111   210"	"RG*"	"Cl Melotte  111   210"
"Cl Melotte  111    98"	"*"	"Cl Melotte  111    98"
"Cl Melotte  111   214"	"*"	"Cl Melotte  111   214"
"Cl Melotte  111   103"	"*"	"Cl Melotte  111   103"
"Cl Melotte  111   100"	"*"	"Cl Melotte  111   100"
"Cl Melotte  111   106"	"*"	"Cl Melotte  111   106"
"Cl Melotte  111    96"	"PM*"	"Cl Melotte  111    96"
"Cl Melotte  111   377"	"*"	"Cl Melotte  111   377"
"Cl Melotte  111   219"	"RG*"	"Cl Melotte  111   219"
"Cl Melotte  111   143"	"SB*"	"Cl Melotte  111   143"
"Cl Melotte  111   221"	"*"	"Cl Melotte  111   221"
"Cl Melotte  111   134"	"PM*"	"Cl Melotte  111   134"
"Cl Melotte  111   136"	"SB*"	"Cl Melotte  111   136"
"Cl Melotte  111   138"	"*"	"Cl Melotte  111   138"
"Cl Melotte  111   150"	"RS*"	"Cl Melotte  111   150"
"Cl Melotte  111   152"	"PM*"	"Cl Melotte  111   152"
"Cl Melotte  111   154"	"*"	"Cl Melotte  111   154"
"Cl Melotte  111   182"	"LP?"	"Cl Melotte  111   182"
"Cl Melotte  111   183"	"*"	"Cl Melotte  111   183"
"Cl Melotte  111  1834"	"*"	"Cl Melotte  111   183"
"Cl Melotte  111   183"	"*"	"Cl Melotte  111  1834"
"Cl Melotte  111  1834"	"*"	"Cl Melotte  111  1834"
"Cl Melotte  111   113"	"PM*"	"Cl Melotte  111  1134"
"Cl Melotte  111  1134"	"PM*"	"Cl Melotte  111  1134"
"Cl Melotte  111   113"	"PM*"	"Cl Melotte  111   113"
"Cl Melotte  111  1134"	"PM*"	"Cl Melotte  111   113"
"Cl Melotte  111   149"	"*"	"Cl Melotte  111  1494"
"Cl Melotte  111  1494"	"*"	"Cl Melotte  111  1494"
"Cl Melotte  111   149"	"*"	"Cl Melotte  111   149"
"Cl Melotte  111  1494"	"*"	"Cl Melotte  111   149"
"Cl Melotte  111   161"	"PM*"	"Cl Melotte  111   161"
"Cl Melotte  111   179"	"PM*"	"Cl Melotte  111   179"
"Cl Melotte  111   114"	"*"	"Cl Melotte  111   114"
"Cl Melotte  111   128"	"*"	"Cl Melotte  111   128"
"Cl Melotte  111   170"	"*"	"Cl Melotte  111   170"
"Cl Melotte  111   174"	"*"	"Cl Melotte  111   174"
"Cl Melotte  111   176"	"*"	"Cl Melotte  111   176"
"Cl Melotte  111   112"	"PM*"	"Cl Melotte  111   112"
"Cl Melotte  111   142"	"PM*"	"Cl Melotte  111   142"
"Cl Melotte  111   157"	"PM*"	"Cl Melotte  111   157"
"Cl Melotte  111   160"	"a2*"	"Cl Melotte  111   160"
"Cl Melotte  111  1604"	"a2*"	"Cl Melotte  111   160"
"Cl Melotte  111   160"	"a2*"	"Cl Melotte  111  1604"
"Cl Melotte  111  1604"	"a2*"	"Cl Melotte  111  1604"
"Cl Melotte  111   175"	"SB*"	"Cl Melotte  111   175"
"Cl Melotte  111   360"	"*"	"Cl Melotte  111   360"
"Cl Melotte  111   361"	"*"	"Cl Melotte  111   361"
"Cl Melotte  111   378"	"*"	"Cl Melotte  111   378"
"Cl Melotte  111   381"	"*"	"Cl Melotte  111   381"
"Cl Melotte  111   383"	"*"	"Cl Melotte  111   383"
"Cl Melotte  111   215"	"*"	"Cl Melotte  111   215"
"Cl Melotte  111   116"	"*"	"Cl Melotte  111   116"
"Cl Melotte  111   122"	"PM*"	"Cl Melotte  111   122"
"Cl Melotte  111   188"	"PM*"	"Cl Melotte  111   188"
"Cl Melotte  111   192"	"Em*"	"Cl Melotte  111   192"
"Cl Melotte  111   185"	"Em*"	"Cl Melotte  111   185"
"Cl Melotte  111   186"	"**"	"Cl Melotte  111   186"
"Cl Melotte  111   187"	"Em*"	"Cl Melotte  111   187"
"Cl Melotte  111   190"	"*"	"Cl Melotte  111   190"
"Cl Melotte  111   194"	"SB*"	"Cl Melotte  111   194"
"Cl Melotte  111   199"	"*"	"Cl Melotte  111   199"
"Cl Melotte  111   200"	"PM*"	"Cl Melotte  111   200"
"Cl Melotte  111   197"	"*"	"Cl Melotte  111   197"
"Cl Melotte  111   189"	"SB*"	"Cl Melotte  111   189"
"Cl Melotte  111   191"	"*"	"Cl Melotte  111   191"
"Cl Melotte  111   164"	"*"	"Cl Melotte  111   164"
"Cl Trumpler   24   301"	"SB*"	"Cl Trumpler   24   301"
"Cl Trumpler   24   301"	"SB*"	"NGC  6231   301"
"Cl Trumpler   24   311"	"*"	"Cl Trumpler   24   311"
"Cl Trumpler   24   321"	"*"	"Cl Trumpler   24   321"
"Cl Trumpler   24   303"	"*"	"Cl Trumpler   24   303"
"Cl Trumpler   24   314"	"*"	"Cl Trumpler   24   314"
"Cl Trumpler   24   309"	"*"	"Cl Trumpler   24   309"
"Cl Trumpler   24   313"	"*"	"Cl Trumpler   24   313"
"Cl Trumpler   24   322"	"WR*"	"Cl Trumpler   24   322"
"Cl Trumpler   24   322"	"WR*"	"NGC  6231   305"
"Cl Trumpler   24   302"	"*"	"Cl Trumpler   24   302"
"Cl Trumpler   24   306"	"*"	"Cl Trumpler   24   306"
"Cl Trumpler   24   308"	"*"	"Cl Trumpler   24   308"
"Cl Trumpler   24   312"	"*"	"Cl Trumpler   24   312"
"Cl Trumpler   24   315"	"*"	"Cl Trumpler   24   315"
"Cl Trumpler   24   307"	"*"	"Cl Trumpler   24   307"
"Cl Trumpler   24   304"	"*"	"Cl Trumpler   24   304"
"Cl Trumpler   24   319"	"*"	"Cl Trumpler   24   319"
"Cl Trumpler   24   310"	"*"	"Cl Trumpler   24   310"
"Cl Trumpler   24   316"	"*"	"Cl Trumpler   24   316"
"Cl Trumpler   24   305"	"*"	"Cl Trumpler   24   305"
"Cl Trumpler   24   317"	"*"	"Cl Trumpler   24   317"
"Cl Trumpler   24   318"	"*"	"Cl Trumpler   24   318"
"Cl Trumpler   24   320"	"*"	"Cl Trumpler   24   320"
"Cl Trumpler   24    40"	"*"	"Cl Trumpler   24    40"
"Cl Trumpler   24    54"	"SB*"	"NGC  6231   320"
"Cl Trumpler   24    54"	"SB*"	"Cl Trumpler   24    54"
"Cl Trumpler   24    84"	"*"	"NGC  6231   324"
"Cl Trumpler   24    84"	"*"	"Cl Trumpler   24    84"
"Cl Trumpler   24   146"	"Y*?"	"Cl Trumpler   24   146"
"Cl Trumpler   24   160"	"*"	"Cl Trumpler   24   160"
"Cl Trumpler   24   323"	"Em*"	"Cl Trumpler   24   323"
"Cl Trumpler   24   323"	"Em*"	"NGC  6231   348"
"Cl Trumpler   24     1"	"s*b"	"NGC  6231   306"
"Cl Trumpler   24     1"	"s*b"	"Cl Trumpler   24     1"
"Cl Trumpler   24   325"	"*"	"Cl Trumpler   24   325"
"Cl Trumpler   24     4"	"bC?"	"NGC  6231   372"
"Cl Trumpler   24     4"	"bC?"	"Cl Trumpler   24     4"
"Cl Trumpler   24     5"	"Y*O"	"NGC  6231   307"
"Cl Trumpler   24     5"	"Y*O"	"Cl Trumpler   24     5"
"Cl Trumpler   24     9"	"Y*O"	"Cl Trumpler   24     9"
"Cl Trumpler   24    19"	"Y*?"	"Cl Trumpler   24    19"
"Cl Trumpler   24   330"	"Y*O"	"Cl Trumpler   24   330"
"Cl Trumpler   24   331"	"Y*O"	"Cl Trumpler   24   331"
"Cl Trumpler   24   331"	"Y*O"	"NGC  6231   616"
"Cl Trumpler   24   331"	"Y*O"	"NGC  6231   351"
"Cl Trumpler   24    22"	"*"	"Cl Trumpler   24    22"
"Cl Trumpler   24    26"	"Be*"	"Cl Trumpler   24    26"
"Cl Trumpler   24    26"	"Be*"	"NGC  6231    28"
"Cl Trumpler   24   339"	"Y*O"	"Cl Trumpler   24   339"
"Cl Trumpler   24   341"	"Y*?"	"Cl Trumpler   24   341"
"Cl Trumpler   24    32"	"SB*"	"Cl Trumpler   24    32"
"Cl Trumpler   24    32"	"SB*"	"NGC  6231    34"
"Cl Trumpler   24    31"	"Y*?"	"Cl Trumpler   24    31"
"Cl Trumpler   24    31"	"Y*?"	"NGC  6231   312"
"Cl Trumpler   24    41"	"*"	"Cl Trumpler   24    41"
"Cl Trumpler   24    41"	"*"	"NGC  6231   313"
"Cl Trumpler   24    43"	"Y*?"	"Cl Trumpler   24    43"
"Cl Trumpler   24    43"	"Y*?"	"NGC  6231   315"
"Cl Trumpler   24    44"	"SB*"	"Cl Trumpler   24    44"
"Cl Trumpler   24    44"	"SB*"	"NGC  6231   745"
"Cl Trumpler   24   348"	"s*b"	"NGC  6231   317"
"Cl Trumpler   24   348"	"s*b"	"Cl Trumpler   24   348"
"Cl Trumpler   24    49"	"SB*"	"Cl Trumpler   24    49"
"Cl Trumpler   24   349"	"Y*?"	"NGC  6231    70"
"Cl Trumpler   24   349"	"Y*?"	"Cl Trumpler   24   349"
"Cl Trumpler   24    55"	"Y*?"	"Cl Trumpler   24    55"
"Cl Trumpler   24    55"	"Y*?"	"NGC  6231     6"
"Cl Trumpler   24    65"	"Y*?"	"Cl Trumpler   24    65"
"Cl Trumpler   24   353"	"Y*?"	"NGC  6231    73"
"Cl Trumpler   24   353"	"Y*?"	"Cl Trumpler   24   353"
"Cl Trumpler   24    74"	"*"	"Cl Trumpler   24    74"
"Cl Trumpler   24    74"	"*"	"NGC  6231   368"
"Cl Trumpler   24    90"	"Y*?"	"NGC  6231   347"
"Cl Trumpler   24    90"	"Y*?"	"Cl Trumpler   24    90"
"Cl Trumpler   24    93"	"Y*?"	"Cl Trumpler   24    93"
"Cl Trumpler   24   102"	"**"	"Cl Trumpler   24   102"
"Cl Trumpler   24   102"	"**"	"NGC  6231   161"
"Cl Trumpler   24   101"	"*"	"Cl Trumpler   24   101"
"Cl Trumpler   24   101"	"*"	"NGC  6231   769"
"Cl Trumpler   24   107"	"SB*"	"NGC  6231   325"
"Cl Trumpler   24   107"	"SB*"	"Cl Trumpler   24   107"
"Cl Trumpler   24   118"	"Y*O"	"NGC  6231   774"
"Cl Trumpler   24   118"	"Y*O"	"Cl Trumpler   24   118"
"Cl Trumpler   24   121"	"**"	"Cl Trumpler   24   121"
"Cl Trumpler   24   364"	"**"	"Cl Trumpler   24   364"
"Cl Trumpler   24   364"	"**"	"NGC  6231   810"
"Cl Trumpler   24   372"	"*"	"NGC  6231   369"
"Cl Trumpler   24   372"	"*"	"NGC  6231   798"
"Cl Trumpler   24   372"	"*"	"Cl Trumpler   24   372"
"Cl Trumpler   24    50"	"*"	"Cl Trumpler   24    50"
"Cl Trumpler   24    56"	"Y*?"	"Cl Trumpler   24    56"
"Cl Trumpler   24   138"	"**"	"Cl Trumpler   24   138"
"Cl Trumpler   24   365"	"**"	"Cl Trumpler   24   138"
"Cl Trumpler   24   138"	"**"	"Cl Trumpler   24   365"
"Cl Trumpler   24   365"	"**"	"Cl Trumpler   24   365"
"Cl Trumpler   24   161"	"*"	"Cl Trumpler   24   161"
"Cl Trumpler   24    21"	"*"	"Cl Trumpler   24    21"
"Cl Trumpler   24   106"	"Y*O"	"Cl Trumpler   24   106"
"Cl Trumpler   24     2"	"*"	"Cl Trumpler   24     2"
"Cl Trumpler   24   327"	"*"	"Cl Trumpler   24   327"
"Cl Trumpler   24   334"	"*"	"Cl Trumpler   24   334"
"Cl Trumpler   24   332"	"*"	"Cl Trumpler   24   332"
"Cl Trumpler   24   119"	"Em*"	"Cl Trumpler   24   119"
"Cl Trumpler   24   340"	"*"	"Cl Trumpler   24   340"
"Cl Trumpler   24   346"	"Y*?"	"Cl Trumpler   24   346"
"Cl Trumpler   24   346"	"Y*?"	"NGC  6231   352"
"Cl Trumpler   24   369"	"s*b"	"NGC  6231   328"
"Cl Trumpler   24   369"	"s*b"	"Cl Trumpler   24   369"
"Cl Trumpler   24   366"	"LP*"	"Cl Trumpler   24   366"
"Cl Trumpler   24    47"	"Y*?"	"Cl Trumpler   24    47"
"Cl Trumpler   24   159"	"WR*"	"Cl Trumpler   24   159"
"Cl Trumpler   24   159"	"WR*"	"NGC  6231   327"
"Cl Trumpler   24    48"	"Y*O"	"NGC  6231     2"
"Cl Trumpler   24    48"	"Y*O"	"Cl Trumpler   24    48"
"Cl Trumpler   24    15"	"EB*"	"NGC  6231   310"
"Cl Trumpler   24    15"	"EB*"	"Cl Trumpler   24    15"
"Cl Trumpler   24    13"	"*"	"Cl Trumpler   24    13"
"Cl Trumpler   24   337"	"*"	"Cl Trumpler   24   337"
"Cl Trumpler   24    24"	"Y*?"	"Cl Trumpler   24    24"
"Cl Trumpler   24    29"	"Y*?"	"Cl Trumpler   24    29"
"Cl Trumpler   24    29"	"Y*?"	"NGC  6231    30"
"Cl Trumpler   24    35"	"Y*O"	"Cl Trumpler   24    35"
"Cl Trumpler   24    42"	"*"	"Cl Trumpler   24    42"
"Cl Trumpler   24    42"	"*"	"NGC  6231    16"
"Cl Trumpler   24    59"	"Y*?"	"NGC  6231   651"
"Cl Trumpler   24    59"	"Y*?"	"Cl Trumpler   24    59"
"Cl Trumpler   24   370"	"*"	"Cl Trumpler   24   370"
"Cl Trumpler   24    36"	"Y*?"	"Cl Trumpler   24    36"
"Cl Trumpler   24    36"	"Y*?"	"NGC  6231    14"
"Cl Trumpler   24    68"	"SB*"	"Cl Trumpler   24    68"
"Cl Trumpler   24    68"	"SB*"	"NGC  6231   189"
"Cl Trumpler   24   104"	"Y*?"	"Cl Trumpler   24   104"
"Cl Trumpler   24   329"	"SB*"	"Cl Trumpler   24   329"
"Cl Trumpler   24   329"	"SB*"	"NGC  6231   723"
"Cl Trumpler   24    10"	"Y*?"	"Cl Trumpler   24    10"
"Cl Trumpler   24    10"	"Y*?"	"NGC  6231   726"
"Cl Trumpler   24   336"	"SB*"	"Cl Trumpler   24   336"
"Cl Trumpler   24    71"	"*"	"Cl Trumpler   24    71"
"Cl Trumpler   24    63"	"*"	"Cl Trumpler   24    63"
"Cl Trumpler   24   326"	"*"	"Cl Trumpler   24   326"
"Cl Trumpler   24   328"	"Y*O"	"Cl Trumpler   24   328"
"Cl Trumpler   24   328"	"Y*O"	"NGC  6231   724"
"Cl Trumpler   24    11"	"*"	"Cl Trumpler   24    11"
"Cl Trumpler   24    34"	"*"	"Cl Trumpler   24    34"
"Cl Trumpler   24   368"	"*"	"Cl Trumpler   24   368"
"Cl Trumpler   24    53"	"SB*"	"Cl Trumpler   24    53"
"Cl Trumpler   24   131"	"Y*?"	"Cl Trumpler   24   131"
"Cl Trumpler   24   377"	"*"	"Cl Trumpler   24   377"
"Cl Trumpler   24   352"	"*"	"Cl Trumpler   24   352"
"Cl Trumpler   24   110"	"*"	"Cl Trumpler   24   110"
"Cl Trumpler   24   142"	"Y*?"	"Cl Trumpler   24   142"
"Cl Trumpler   24    23"	"Y*O"	"Cl Trumpler   24    23"
"Cl Trumpler   24    39"	"Y*O"	"NGC  6231   743"
"Cl Trumpler   24    39"	"Y*O"	"Cl Trumpler   24    39"
"Cl Trumpler   24     3"	"*"	"Cl Trumpler   24     3"
"Cl Trumpler   24     6"	"Y*?"	"Cl Trumpler   24     6"
"Cl Trumpler   24     7"	"Y*?"	"Cl Trumpler   24     7"
"Cl Trumpler   24     8"	"*"	"Cl Trumpler   24     8"
"Cl Trumpler   24    12"	"Y*?"	"Cl Trumpler   24    12"
"Cl Trumpler   24    14"	"*"	"Cl Trumpler   24    14"
"Cl Trumpler   24    16"	"*"	"NGC  6231   345"
"Cl Trumpler   24    16"	"*"	"Cl Trumpler   24    16"
"Cl Trumpler   24    17"	"Pu*"	"Cl Trumpler   24    17"
"Cl Trumpler   24    18"	"Y*?"	"Cl Trumpler   24    18"
"Cl Trumpler   24    20"	"Y*?"	"Cl Trumpler   24    20"
"Cl Trumpler   24    25"	"*"	"Cl Trumpler   24    25"
"Cl Trumpler   24    27"	"*"	"Cl Trumpler   24    27"
"Cl Trumpler   24    28"	"*"	"Cl Trumpler   24    28"
"Cl Trumpler   24    30"	"Y*O"	"Cl Trumpler   24    30"
"Cl Trumpler   24    33"	"*"	"Cl Trumpler   24    33"
"Cl Trumpler   24    37"	"*"	"Cl Trumpler   24    37"
"Cl Trumpler   24    38"	"Y*O"	"Cl Trumpler   24    38"
"Cl Trumpler   24    45"	"*"	"Cl Trumpler   24    45"
"Cl Trumpler   24    46"	"Y*?"	"Cl Trumpler   24    46"
"Cl Trumpler   24    51"	"*"	"Cl Trumpler   24    51"
"Cl Trumpler   24    57"	"*"	"Cl Trumpler   24    57"
"Cl Trumpler   24    58"	"*"	"Cl Trumpler   24    58"
"Cl Trumpler   24    60"	"*"	"Cl Trumpler   24    60"
"Cl Trumpler   24    62"	"*"	"Cl Trumpler   24    62"
"Cl Trumpler   24    64"	"*"	"Cl Trumpler   24    64"
"Cl Trumpler   24    66"	"*"	"Cl Trumpler   24    66"
"Cl Trumpler   24    67"	"*"	"Cl Trumpler   24    67"
"Cl Trumpler   24    70"	"*"	"Cl Trumpler   24    70"
"Cl Trumpler   24    75"	"*"	"Cl Trumpler   24    75"
"Cl Trumpler   24    77"	"*"	"Cl Trumpler   24    77"
"Cl Trumpler   24    78"	"*"	"Cl Trumpler   24    78"
"Cl Trumpler   24    79"	"*"	"Cl Trumpler   24    79"
"Cl Trumpler   24    81"	"Y*?"	"Cl Trumpler   24    81"
"Cl Trumpler   24    82"	"*"	"Cl Trumpler   24    82"
"Cl Trumpler   24    85"	"*"	"Cl Trumpler   24    85"
"Cl Trumpler   24    86"	"Y*?"	"Cl Trumpler   24    86"
"Cl Trumpler   24    87"	"*"	"Cl Trumpler   24    87"
"Cl Trumpler   24    88"	"*"	"Cl Trumpler   24    88"
"Cl Trumpler   24    96"	"*"	"Cl Trumpler   24    96"
"Cl Trumpler   24    97"	"*"	"Cl Trumpler   24    97"
"Cl Trumpler   24   105"	"*"	"Cl Trumpler   24   105"
"Cl Trumpler   24   113"	"*"	"Cl Trumpler   24   113"
"Cl Trumpler   24   117"	"Y*?"	"Cl Trumpler   24   117"
"Cl Trumpler   24   120"	"*"	"Cl Trumpler   24   120"
"Cl Trumpler   24   125"	"*"	"Cl Trumpler   24   125"
"Cl Trumpler   24   129"	"*"	"Cl Trumpler   24   129"
"Cl Trumpler   24   132"	"Y*O"	"Cl Trumpler   24   132"
"Cl Trumpler   24   141"	"Y*?"	"Cl Trumpler   24   141"
"Cl Trumpler   24   145"	"*"	"Cl Trumpler   24   145"
"Cl Trumpler   24   147"	"*"	"Cl Trumpler   24   147"
"Cl Trumpler   24   152"	"Y*?"	"Cl Trumpler   24   152"
"Cl Trumpler   24   156"	"Y*?"	"Cl Trumpler   24   156"
"Cl Trumpler   24   163"	"*"	"Cl Trumpler   24   163"
"Cl Trumpler   24   167"	"Y*?"	"Cl Trumpler   24   167"
"Cl Trumpler   24   170"	"*"	"Cl Trumpler   24   170"
"Cl Trumpler   24   171"	"*"	"Cl Trumpler   24   171"
"Cl Trumpler   24   176"	"Pu*"	"Cl Trumpler   24   176"
"Cl Trumpler   24   180"	"Y*?"	"Cl Trumpler   24   180"
"Cl Trumpler   24   183"	"*"	"Cl Trumpler   24   183"
"Cl Trumpler   24   187"	"*"	"Cl Trumpler   24   187"
"Cl Trumpler   24   212"	"*"	"Cl Trumpler   24   212"
"Cl Trumpler   24   215"	"*"	"Cl Trumpler   24   215"
"Cl Trumpler   24   231"	"*"	"Cl Trumpler   24   231"
"Cl Trumpler   24   240"	"Y*?"	"Cl Trumpler   24   240"
"Cl Trumpler   24   324"	"*"	"Cl Trumpler   24   324"
"Cl Trumpler   24   333"	"Y*?"	"Cl Trumpler   24   333"
"Cl Trumpler   24   335"	"Y*?"	"Cl Trumpler   24   335"
"Cl Trumpler   24   338"	"*"	"Cl Trumpler   24   338"
"Cl Trumpler   24   342"	"EB*"	"Cl Trumpler   24   342"
"Cl Trumpler   24   343"	"*"	"Cl Trumpler   24   343"
"Cl Trumpler   24   344"	"*"	"Cl Trumpler   24   344"
"Cl Trumpler   24   345"	"*"	"Cl Trumpler   24   345"
"Cl Trumpler   24   351"	"*"	"Cl Trumpler   24   351"
"Cl Trumpler   24   354"	"Pu*"	"Cl Trumpler   24   354"
"Cl Trumpler   24   356"	"*"	"Cl Trumpler   24   356"
"Cl Trumpler   24   359"	"*"	"Cl Trumpler   24   359"
"Cl Trumpler   24   360"	"Y*O"	"Cl Trumpler   24   360"
"Cl Trumpler   24   361"	"Y*O"	"Cl Trumpler   24   361"
"Cl Trumpler   24   362"	"Y*O"	"Cl Trumpler   24   362"
"Cl Trumpler   24   355"	"*"	"Cl Trumpler   24   355"
"Cl Trumpler   24    92"	"*"	"Cl Trumpler   24    92"
"Cl Collinder  315"	"OpC"	"NGC  6231"
"Cl Collinder  315"	"OpC"	"Cl Collinder  315"
"Cl Trumpler   24   100"	"Em*"	"NGC  6231   337"
"Cl Trumpler   24   100"	"Em*"	"Cl Trumpler   24   100"
"Cl Trumpler   24   358"	"*"	"Cl Trumpler   24   358"
"Cl Trumpler   24   111"	"*"	"Cl Trumpler   24   111"
"Cl Trumpler   24   128"	"*"	"Cl Trumpler   24   128"
"Cl Trumpler   24   130"	"*"	"Cl Trumpler   24   130"
"Cl Trumpler   24   133"	"*"	"Cl Trumpler   24   133"
"Cl Trumpler   24   136"	"Em*"	"Cl Trumpler   24   136"
"Cl Trumpler   24   140"	"*"	"Cl Trumpler   24   140"
"Cl Trumpler   24   367"	"SB*"	"NGC  6231   326"
"Cl Trumpler   24   153"	"SB*"	"NGC  6231   326"
"Cl Trumpler   24   367"	"SB*"	"Cl Trumpler   24   153"
"Cl Trumpler   24   153"	"SB*"	"Cl Trumpler   24   153"
"Cl Trumpler   24   367"	"SB*"	"Cl Trumpler   24   367"
"Cl Trumpler   24   153"	"SB*"	"Cl Trumpler   24   367"
"Cl Trumpler   24   164"	"*"	"Cl Trumpler   24   164"
"Cl Trumpler   24   157"	"*"	"Cl Trumpler   24   157"
"Cl Trumpler   24   166"	"*"	"Cl Trumpler   24   166"
"Cl Trumpler   24   188"	"*"	"Cl Trumpler   24   188"
"Cl Trumpler   24   371"	"*"	"Cl Trumpler   24   371"
"Cl Trumpler   24   219"	"*"	"Cl Trumpler   24   219"
"Cl Trumpler   24   224"	"*"	"Cl Trumpler   24   224"
"Cl Trumpler   24   227"	"*"	"Cl Trumpler   24   227"
"Cl Trumpler   24   226"	"*"	"Cl Trumpler   24   226"
"Cl Trumpler   24   234"	"*"	"Cl Trumpler   24   234"
"Cl Trumpler   24   200"	"*"	"Cl Trumpler   24   200"
"Cl Trumpler   24    99"	"*"	"Cl Trumpler   24    99"
"Cl Trumpler   24   115"	"*"	"Cl Trumpler   24   115"
"Cl Trumpler   24   114"	"*"	"Cl Trumpler   24   114"
"Cl Trumpler   24   374"	"*"	"Cl Trumpler   24   374"
"Cl Trumpler   24   185"	"*"	"Cl Trumpler   24   185"
"Cl Trumpler   24   385"	"*"	"Cl Trumpler   24   385"
"Cl Trumpler   24   386"	"*"	"Cl Trumpler   24   386"
"Cl Trumpler   24   384"	"*"	"Cl Trumpler   24   384"
"Cl Collinder  316"	"OpC"	"Cl Collinder  316"
"Cl Collinder  318"	"Cl*"	"Cl Collinder  318"
"Cl Trumpler   24   256"	"*"	"NGC  6231   329"
"Cl Trumpler   24   256"	"*"	"Cl Trumpler   24   256"
"Cl Trumpler   24   150"	"*"	"Cl Trumpler   24   150"
"Cl Trumpler   24   239"	"*"	"Cl Trumpler   24   239"
"Cl Trumpler   24    73"	"*"	"NGC  6231   322"
"Cl Trumpler   24    73"	"*"	"Cl Trumpler   24    73"
"Cl Trumpler   24   259"	"*"	"Cl Trumpler   24   259"
"Cl Trumpler   24   262"	"*"	"NGC  6231   332"
"Cl Trumpler   24   262"	"*"	"Cl Trumpler   24   262"
"Cl Trumpler   24   265"	"EB*"	"NGC  6231   342"
"Cl Trumpler   24   265"	"EB*"	"Cl Trumpler   24   265"
"Cl Trumpler   24   270"	"*"	"Cl Trumpler   24   270"
"Cl Trumpler   24   396"	"*"	"Cl Trumpler   24   270"
"Cl Trumpler   24   270"	"*"	"Cl Trumpler   24   396"
"Cl Trumpler   24   396"	"*"	"Cl Trumpler   24   396"
"Cl Trumpler   24   273"	"*"	"Cl Trumpler   24   273"
"Cl Trumpler   24   275"	"*"	"Cl Trumpler   24   275"
"Cl Trumpler   24   277"	"Be*"	"NGC  6231   341"
"Cl Trumpler   24   277"	"Be*"	"Cl Trumpler   24   277"
"Cl Trumpler   24   399"	"*"	"Cl Trumpler   24   399"
"Cl Trumpler   24   399"	"*"	"NGC  6231   333"
"Cl Trumpler   24   401"	"*"	"Cl Trumpler   24   401"
"Cl Trumpler   24   404"	"*"	"Cl Trumpler   24   404"
"Cl Trumpler   24   405"	"SB*"	"IC 4628"
"Cl Trumpler   24   405"	"SB*"	"Cl Trumpler   24   405"
"Cl Trumpler   24   409"	"*"	"Cl Trumpler   24   409"
"Cl Trumpler   24   408"	"*"	"Cl Trumpler   24   408"
"Cl Trumpler   24   412"	"Be*"	"Cl Trumpler   24   412"
"Cl Trumpler   24   412"	"Be*"	"NGC  6231   339"
"Cl Trumpler   24   413"	"*"	"Cl Trumpler   24   413"
"Cl Trumpler   24   417"	"*"	"Cl Trumpler   24   417"
"Cl Trumpler   24   418"	"SB*"	"Cl Trumpler   24   418"
"Cl Trumpler   24   420"	"*"	"Cl Trumpler   24   420"
"Cl Trumpler   24   423"	"*"	"Cl Trumpler   24   423"
"Cl Trumpler   24   424"	"*"	"Cl Trumpler   24   424"
"Cl Trumpler   24   430"	"*"	"Cl Trumpler   24   430"
"Cl Trumpler   24   431"	"*"	"Cl Trumpler   24   431"
"Cl Trumpler   24   433"	"*"	"Cl Trumpler   24   433"
"Cl Trumpler   24   434"	"Em*"	"Cl Trumpler   24   434"
"Cl Trumpler   24   397"	"*"	"Cl Trumpler   24   397"
"Cl Trumpler   24   421"	"*"	"Cl Trumpler   24   421"
"Cl Trumpler   24   271"	"Pu*"	"Cl Trumpler   24   271"
"Cl Trumpler   24   411"	"*"	"Cl Trumpler   24   411"
"Cl Trumpler   24   414"	"*"	"Cl Trumpler   24   414"
"Cl Trumpler   24   266"	"*"	"Cl Trumpler   24   266"
"Cl Collinder  323"	"OpC"	"NGC  6268"
"Cl Collinder  323"	"OpC"	"Cl Collinder  323"
"Cl Trumpler   24"	"OpC"	"Cl Trumpler   24"
"Cl Trumpler   24   272"	"*"	"Cl Trumpler   24   272"
"Cl Trumpler   24   280"	"SB*"	"Cl Trumpler   24   280"
"Cl Trumpler   24   280"	"SB*"	"NAME OAO 1653-40"
"Cl Trumpler   24   415"	"*"	"Cl Trumpler   24   415"
"Cl Trumpler   24   419"	"*"	"Cl Trumpler   24   419"
"Cl Trumpler   24   261"	"*"	"Cl Trumpler   24   261"
"Cl Trumpler   24    72"	"*"	"Cl Trumpler   24    72"
"Cl Trumpler   24    98"	"*"	"Cl Trumpler   24    98"
"Cl Trumpler   24   375"	"*"	"Cl Trumpler   24   375"
"Cl Trumpler   24   382"	"*"	"Cl Trumpler   24   382"
"Cl Trumpler   24   383"	"*"	"Cl Trumpler   24   383"
"Cl Trumpler   24   387"	"*"	"Cl Trumpler   24   387"
"Cl Trumpler   24   347"	"*"	"Cl Trumpler   24   347"
"Cl Trumpler   24   427"	"*"	"Cl Trumpler   24   427"
"Cl Trumpler   24   435"	"*"	"Cl Trumpler   24   435"
"Cl Trumpler   24   426"	"*"	"Cl Trumpler   24   426"
"Cl Trumpler   24   407"	"*"	"Cl Trumpler   24   407"
"Cl Trumpler   24   406"	"*"	"Cl Trumpler   24   406"
"Cl Trumpler   24   389"	"*"	"Cl Trumpler   24   389"
"Cl Trumpler   24   429"	"*"	"Cl Trumpler   24   429"
"Cl Trumpler   24   264"	"*"	"Cl Trumpler   24   264"
"Cl Trumpler   24   243"	"*"	"Cl Trumpler   24   243"
"Cl Trumpler   24   357"	"*"	"Cl Trumpler   24   357"
"Cl Trumpler   24   268"	"**"	"Cl Trumpler   24   268"
"Cl Trumpler   24    76"	"Em*"	"Cl Trumpler   24    76"
"Cl Trumpler   24    89"	"*"	"Cl Trumpler   24    89"
"Cl Trumpler   24   112"	"Em*"	"Cl Trumpler   24   112"
"Cl Trumpler   24   410"	"*"	"Cl Trumpler   24   410"
"Cl Trumpler   24   400"	"*"	"Cl Trumpler   24   400"
"Cl Trumpler   24   402"	"*"	"Cl Trumpler   24   402"
"Cl Trumpler   24    52"	"*"	"Cl Trumpler   24    52"
"Cl Trumpler   24    61"	"EB*"	"Cl Trumpler   24    61"
"Cl Trumpler   24    69"	"*"	"Cl Trumpler   24    69"
"Cl Trumpler   24    80"	"*"	"Cl Trumpler   24    80"
"Cl Trumpler   24    83"	"*"	"Cl Trumpler   24    83"
"Cl Trumpler   24    91"	"Pu*"	"Cl Trumpler   24    91"
"Cl Trumpler   24    94"	"*"	"Cl Trumpler   24    94"
"Cl Trumpler   24    95"	"*"	"Cl Trumpler   24    95"
"Cl Trumpler   24   103"	"*"	"Cl Trumpler   24   103"
"Cl Trumpler   24   108"	"*"	"Cl Trumpler   24   108"
"Cl Trumpler   24   109"	"*"	"Cl Trumpler   24   109"
"Cl Trumpler   24   116"	"*"	"Cl Trumpler   24   116"
"Cl Trumpler   24   122"	"*"	"Cl Trumpler   24   122"
"Cl Trumpler   24   123"	"SB*"	"Cl Trumpler   24   123"
"Cl Trumpler   24   124"	"*"	"Cl Trumpler   24   124"
"Cl Trumpler   24   126"	"*"	"Cl Trumpler   24   126"
"Cl Trumpler   24   127"	"*"	"Cl Trumpler   24   127"
"Cl Trumpler   24   134"	"*"	"Cl Trumpler   24   134"
"Cl Trumpler   24   135"	"*"	"Cl Trumpler   24   135"
"Cl Trumpler   24   137"	"*"	"Cl Trumpler   24   137"
"Cl Trumpler   24   139"	"*"	"Cl Trumpler   24   139"
"Cl Trumpler   24   143"	"*"	"Cl Trumpler   24   143"
"Cl Trumpler   24   144"	"*"	"Cl Trumpler   24   144"
"Cl Trumpler   24   148"	"*"	"Cl Trumpler   24   148"
"Cl Trumpler   24   149"	"*"	"Cl Trumpler   24   149"
"Cl Trumpler   24   151"	"*"	"Cl Trumpler   24   151"
"Cl Trumpler   24   154"	"*"	"Cl Trumpler   24   154"
"Cl Trumpler   24   155"	"*"	"Cl Trumpler   24   155"
"Cl Trumpler   24   158"	"*"	"Cl Trumpler   24   158"
"Cl Trumpler   24   162"	"*"	"Cl Trumpler   24   162"
"Cl Trumpler   24   165"	"*"	"Cl Trumpler   24   165"
"Cl Trumpler   24   168"	"*"	"Cl Trumpler   24   168"
"Cl Trumpler   24   169"	"*"	"Cl Trumpler   24   169"
"Cl Trumpler   24   172"	"*"	"Cl Trumpler   24   172"
"Cl Trumpler   24   173"	"*"	"Cl Trumpler   24   173"
"Cl Trumpler   24   174"	"*"	"Cl Trumpler   24   174"
"Cl Trumpler   24   175"	"*"	"Cl Trumpler   24   175"
"Cl Trumpler   24   177"	"*"	"Cl Trumpler   24   177"
"Cl Trumpler   24   178"	"*"	"Cl Trumpler   24   178"
"Cl Trumpler   24   179"	"*"	"Cl Trumpler   24   179"
"Cl Trumpler   24   181"	"*"	"Cl Trumpler   24   181"
"Cl Trumpler   24   182"	"*"	"Cl Trumpler   24   182"
"Cl Trumpler   24   184"	"Y*?"	"Cl Trumpler   24   184"
"Cl Trumpler   24   186"	"*"	"Cl Trumpler   24   186"
"Cl Trumpler   24   189"	"*"	"Cl Trumpler   24   189"
"Cl Trumpler   24   190"	"*"	"Cl Trumpler   24   190"
"Cl Trumpler   24   191"	"*"	"Cl Trumpler   24   191"
"Cl Trumpler   24   192"	"*"	"Cl Trumpler   24   192"
"Cl Trumpler   24   194"	"*"	"Cl Trumpler   24   194"
"Cl Trumpler   24   195"	"*"	"Cl Trumpler   24   195"
"Cl Trumpler   24   196"	"*"	"Cl Trumpler   24   196"
"Cl Trumpler   24   197"	"*"	"Cl Trumpler   24   197"
"Cl Trumpler   24   198"	"*"	"Cl Trumpler   24   198"
"Cl Trumpler   24   199"	"*"	"Cl Trumpler   24   199"
"Cl Trumpler   24   201"	"*"	"Cl Trumpler   24   201"
"Cl Trumpler   24   202"	"*"	"Cl Trumpler   24   202"
"Cl Trumpler   24   203"	"*"	"Cl Trumpler   24   203"
"Cl Trumpler   24   204"	"*"	"Cl Trumpler   24   204"
"Cl Trumpler   24   205"	"*"	"Cl Trumpler   24   205"
"Cl Trumpler   24   206"	"*"	"Cl Trumpler   24   206"
"Cl Trumpler   24   207"	"*"	"Cl Trumpler   24   207"
"Cl Trumpler   24   208"	"*"	"Cl Trumpler   24   208"
"Cl Trumpler   24   209"	"*"	"Cl Trumpler   24   209"
"Cl Trumpler   24   210"	"*"	"Cl Trumpler   24   210"
"Cl Trumpler   24   211"	"*"	"Cl Trumpler   24   211"
"Cl Trumpler   24   213"	"*"	"Cl Trumpler   24   213"
"Cl Trumpler   24   214"	"*"	"Cl Trumpler   24   214"
"Cl Trumpler   24   216"	"*"	"Cl Trumpler   24   216"
"Cl Trumpler   24   217"	"*"	"Cl Trumpler   24   217"
"Cl Trumpler   24   218"	"*"	"Cl Trumpler   24   218"
"Cl Trumpler   24   220"	"*"	"Cl Trumpler   24   220"
"Cl Trumpler   24   221"	"*"	"Cl Trumpler   24   221"
"Cl Trumpler   24   222"	"*"	"Cl Trumpler   24   222"
"Cl Trumpler   24   223"	"*"	"Cl Trumpler   24   223"
"Cl Trumpler   24   225"	"*"	"Cl Trumpler   24   225"
"Cl Trumpler   24   228"	"*"	"Cl Trumpler   24   228"
"Cl Trumpler   24   229"	"*"	"Cl Trumpler   24   229"
"Cl Trumpler   24   230"	"*"	"Cl Trumpler   24   230"
"Cl Trumpler   24   232"	"*"	"Cl Trumpler   24   232"
"Cl Trumpler   24   233"	"*"	"Cl Trumpler   24   233"
"Cl Trumpler   24   235"	"*"	"Cl Trumpler   24   235"
"Cl Trumpler   24   236"	"*"	"Cl Trumpler   24   236"
"Cl Trumpler   24   237"	"*"	"Cl Trumpler   24   237"
"Cl Trumpler   24   238"	"*"	"Cl Trumpler   24   238"
"Cl Trumpler   24   241"	"gD*"	"Cl Trumpler   24   241"
"Cl Trumpler   24   242"	"*"	"Cl Trumpler   24   242"
"Cl Trumpler   24   244"	"*"	"Cl Trumpler   24   244"
"Cl Trumpler   24   245"	"*"	"Cl Trumpler   24   245"
"Cl Trumpler   24   246"	"*"	"Cl Trumpler   24   246"
"Cl Trumpler   24   247"	"*"	"Cl Trumpler   24   247"
"Cl Trumpler   24   249"	"*"	"Cl Trumpler   24   249"
"Cl Trumpler   24   250"	"*"	"Cl Trumpler   24   250"
"Cl Trumpler   24   251"	"*"	"Cl Trumpler   24   251"
"Cl Trumpler   24   252"	"*"	"Cl Trumpler   24   252"
"Cl Trumpler   24   253"	"*"	"Cl Trumpler   24   253"
"Cl Trumpler   24   254"	"*"	"Cl Trumpler   24   254"
"Cl Trumpler   24   255"	"*"	"Cl Trumpler   24   255"
"Cl Trumpler   24   257"	"Pu*"	"Cl Trumpler   24   257"
"Cl Trumpler   24   260"	"*"	"Cl Trumpler   24   260"
"Cl Trumpler   24   263"	"*"	"Cl Trumpler   24   263"
"Cl Trumpler   24   269"	"*"	"Cl Trumpler   24   269"
"Cl Trumpler   24   274"	"EB*"	"Cl Trumpler   24   274"
"Cl Trumpler   24   276"	"*"	"Cl Trumpler   24   276"
"Cl Trumpler   24   278"	"*"	"Cl Trumpler   24   278"
"Cl Trumpler   24   279"	"*"	"Cl Trumpler   24   279"
"Cl Trumpler   24   350"	"*"	"Cl Trumpler   24   350"
"Cl Trumpler   24   373"	"*"	"Cl Trumpler   24   373"
"Cl Trumpler   24   376"	"*"	"Cl Trumpler   24   376"
"Cl Trumpler   24   378"	"*"	"Cl Trumpler   24   378"
"Cl Trumpler   24   379"	"*"	"Cl Trumpler   24   379"
"Cl Trumpler   24   380"	"*"	"Cl Trumpler   24   380"
"Cl Trumpler   24   381"	"*"	"Cl Trumpler   24   381"
"Cl Trumpler   24   388"	"*"	"Cl Trumpler   24   388"
"Cl Trumpler   24   390"	"*"	"Cl Trumpler   24   390"
"Cl Trumpler   24   391"	"*"	"Cl Trumpler   24   391"
"Cl Trumpler   24   393"	"*"	"Cl Trumpler   24   393"
"Cl Trumpler   24   394"	"V*"	"Cl Trumpler   24   394"
"Cl Trumpler   24   395"	"dS*"	"Cl Trumpler   24   395"
"Cl Trumpler   24   398"	"*"	"Cl Trumpler   24   398"
"Cl Trumpler   24   403"	"*"	"Cl Trumpler   24   403"
"Cl Trumpler   24   416"	"*"	"Cl Trumpler   24   416"
"Cl Trumpler   24   425"	"V*"	"Cl Trumpler   24   425"
"Cl Trumpler   24   432"	"*"	"Cl Trumpler   24   432"
"Cl Trumpler   24   422"	"*"	"Cl Trumpler   24   422"
"Cl Trumpler   24   267"	"*"	"Cl Trumpler   24   267"
"Cl Trumpler   24   258"	"*"	"Cl Trumpler   24   258"
"Cl Trumpler   24   248"	"*"	"Cl Trumpler   24   248"
"Cl Trumpler   24   392"	"SB*"	"NGC  6231   331"
"Cl Trumpler   24   392"	"SB*"	"Cl Trumpler   24   392"
"Cl Trumpler   29"	"OpC"	"Cl Trumpler   29"
"Cl Harvard   17"	"OpC"	"Cl Trumpler   29"
"Cl Trumpler   25"	"OpC"	"Cl Trumpler   25"
"Cl Collinder  332"	"Cl*"	"Cl Collinder  332"
"Cl Pismis   25"	"GlC"	"NGC  6380"
"Cl Pismis   25"	"GlC"	"NAME Tonantzintla 1"
"Cl Pismis   26"	"GlC"	"NAME Tonantzintla 2"
"Cl Collinder  338"	"OpC"	"Cl Collinder  338"
"Cl Trumpler   27   107"	"*"	"Cl Trumpler   27   107"
"Cl Trumpler   27   106"	"*"	"Cl Trumpler   27   106"
"Cl Collinder  333"	"OpC"	"Cl Collinder  333"
"Cl Trumpler   27    74"	"*"	"Cl Trumpler   27    74"
"Cl Collinder  345"	"OpC"	"Cl Collinder  345"
"Cl Ruprecht  132"	"OpC"	"NGC  6444"
"Cl Trumpler   30"	"OpC"	"Cl Trumpler   30"
"Cl Trumpler   28    44"	"*"	"Cl Trumpler   28    44"
"Cl Trumpler   27   103"	"s*b"	"Cl Trumpler   27   103"
"Cl Trumpler   27   102"	"s*y"	"Cl Trumpler   27   102"
"Cl Trumpler   27    46"	"s*b"	"Cl Trumpler   27    46"
"Cl Trumpler   27     2"	"s*b"	"Cl Trumpler   27     2"
"Cl Trumpler   27    28"	"WR*"	"Cl Trumpler   27    28"
"Cl Trumpler   27    14"	"*"	"Cl Trumpler   27    14"
"Cl Trumpler   27    16"	"s*b"	"Cl Trumpler   27    16"
"Cl Trumpler   27    13"	"*"	"Cl Trumpler   27    13"
"Cl Trumpler   27    23"	"EB*"	"Cl Trumpler   27    23"
"Cl Trumpler   27   104"	"*"	"Cl Trumpler   27   104"
"Cl Trumpler   27   105"	"WR*"	"Cl Trumpler   27   105"
"Cl Collinder  336"	"OpC"	"Cl Trumpler   27"
"Cl Trumpler   27"	"OpC"	"Cl Trumpler   27"
"Cl Collinder  336"	"OpC"	"Cl Collinder  336"
"Cl Trumpler   27"	"OpC"	"Cl Collinder  336"
"Cl Trumpler   28"	"OpC"	"Cl Trumpler   28"
"Cl Trumpler   27    72"	"*"	"Cl Trumpler   27    72"
"Cl Trumpler   27    96"	"*"	"Cl Trumpler   27    96"
"Cl Trumpler   27    75"	"*"	"Cl Trumpler   27    75"
"Cl Trumpler   27     3"	"V*"	"Cl Trumpler   27     3"
"Cl Trumpler   27     4"	"*"	"Cl Trumpler   27     4"
"Cl Trumpler   27     5"	"*"	"Cl Trumpler   27     5"
"Cl Trumpler   27     8"	"*"	"Cl Trumpler   27     8"
"Cl Trumpler   27    10"	"*"	"Cl Trumpler   27    10"
"Cl Trumpler   27    11"	"*"	"Cl Trumpler   27    11"
"Cl Trumpler   27    12"	"*"	"Cl Trumpler   27    12"
"Cl Trumpler   27    19"	"**"	"Cl Trumpler   27    19"
"Cl Trumpler   27    20"	"*"	"Cl Trumpler   27    20"
"Cl Trumpler   27    21"	"*"	"Cl Trumpler   27    21"
"Cl Trumpler   27    25"	"EB*"	"Cl Trumpler   27    25"
"Cl Trumpler   27    27"	"*"	"Cl Trumpler   27    27"
"Cl Trumpler   27    30"	"*"	"Cl Trumpler   27    30"
"Cl Trumpler   27    32"	"*"	"Cl Trumpler   27    32"
"Cl Trumpler   27    34"	"*"	"Cl Trumpler   27    34"
"Cl Trumpler   27    36"	"*"	"Cl Trumpler   27    36"
"Cl Trumpler   27    37"	"*"	"Cl Trumpler   27    37"
"Cl Trumpler   27    40"	"*"	"Cl Trumpler   27    40"
"Cl Trumpler   27    41"	"*"	"Cl Trumpler   27    41"
"Cl Trumpler   27    42"	"*"	"Cl Trumpler   27    42"
"Cl Trumpler   27    44"	"*"	"Cl Trumpler   27    44"
"Cl Trumpler   27    47"	"*"	"Cl Trumpler   27    47"
"Cl Trumpler   27    49"	"*"	"Cl Trumpler   27    49"
"Cl Trumpler   27    52"	"Pe*"	"Cl Trumpler   27    52"
"Cl Trumpler   27    53"	"*"	"Cl Trumpler   27    53"
"Cl Trumpler   27    55"	"*"	"Cl Trumpler   27    55"
"Cl Trumpler   27    61"	"*"	"Cl Trumpler   27    61"
"Cl Trumpler   27    62"	"*"	"Cl Trumpler   27    62"
"Cl Trumpler   27    64"	"*"	"Cl Trumpler   27    64"
"Cl Trumpler   27    68"	"*"	"Cl Trumpler   27    68"
"Cl Trumpler   27    69"	"*"	"Cl Trumpler   27    69"
"Cl Trumpler   27    43"	"LP?"	"Cl Trumpler   27    43"
"Cl Trumpler   27     1 A"	"*"	"Cl Trumpler   27     1 A"
"Cl Trumpler   27     1"	"s*r"	"Cl Trumpler   27     1"
"Cl Trumpler   27     6"	"*"	"Cl Trumpler   27     6"
"Cl Trumpler   27     7"	"*"	"Cl Trumpler   27     7"
"Cl Trumpler   27     9"	"*"	"Cl Trumpler   27     9"
"Cl Trumpler   27    15"	"*"	"Cl Trumpler   27    15"
"Cl Trumpler   27    17"	"*"	"Cl Trumpler   27    17"
"Cl Trumpler   27    18"	"*"	"Cl Trumpler   27    18"
"Cl Trumpler   27    22"	"*"	"Cl Trumpler   27    22"
"Cl Trumpler   27    24"	"*"	"Cl Trumpler   27    24"
"Cl Trumpler   27    26"	"*"	"Cl Trumpler   27    26"
"Cl Trumpler   27    29"	"*"	"Cl Trumpler   27    29"
"Cl Trumpler   27    31"	"*"	"Cl Trumpler   27    31"
"Cl Trumpler   27    33"	"*"	"Cl Trumpler   27    33"
"Cl Trumpler   27    35"	"*"	"Cl Trumpler   27    35"
"Cl Trumpler   27    38"	"*"	"Cl Trumpler   27    38"
"Cl Trumpler   27    39"	"*"	"Cl Trumpler   27    39"
"Cl Trumpler   27    45"	"*"	"Cl Trumpler   27    45"
"Cl Trumpler   27    48"	"*"	"Cl Trumpler   27    48"
"Cl Trumpler   27    50"	"*"	"Cl Trumpler   27    50"
"Cl Trumpler   27    51"	"*"	"Cl Trumpler   27    51"
"Cl Trumpler   27    54"	"*"	"Cl Trumpler   27    54"
"Cl Trumpler   27    56"	"*"	"Cl Trumpler   27    56"
"Cl Trumpler   27    57"	"*"	"Cl Trumpler   27    57"
"Cl Trumpler   27    58"	"*"	"Cl Trumpler   27    58"
"Cl Trumpler   27    59"	"*"	"Cl Trumpler   27    59"
"Cl Trumpler   27    60"	"*"	"Cl Trumpler   27    60"
"Cl Trumpler   27    63"	"*"	"Cl Trumpler   27    63"
"Cl Trumpler   27    65"	"*"	"Cl Trumpler   27    65"
"Cl Trumpler   27    66"	"*"	"Cl Trumpler   27    66"
"Cl Trumpler   27    67"	"*"	"Cl Trumpler   27    67"
"Cl Trumpler   27    70"	"*"	"Cl Trumpler   27    70"
"Cl Trumpler   27    71"	"AB*"	"Cl Trumpler   27    71"
"Cl Trumpler   27    73"	"*"	"Cl Trumpler   27    73"
"Cl Trumpler   27    76"	"*"	"Cl Trumpler   27    76"
"Cl Trumpler   27    77"	"*"	"Cl Trumpler   27    77"
"Cl Trumpler   27    78"	"*"	"Cl Trumpler   27    78"
"Cl Trumpler   27    79"	"EB*"	"Cl Trumpler   27    79"
"Cl Trumpler   27    80"	"*"	"Cl Trumpler   27    80"
"Cl Trumpler   27    81"	"*"	"Cl Trumpler   27    81"
"Cl Trumpler   27    82"	"*"	"Cl Trumpler   27    82"
"Cl Trumpler   27    84"	"*"	"Cl Trumpler   27    84"
"Cl Trumpler   27    86"	"*"	"Cl Trumpler   27    86"
"Cl Trumpler   27    87"	"*"	"Cl Trumpler   27    87"
"Cl Trumpler   27    88"	"*"	"Cl Trumpler   27    88"
"Cl Trumpler   27    89"	"EB*"	"Cl Trumpler   27    89"
"Cl Trumpler   27    90"	"*"	"Cl Trumpler   27    90"
"Cl Trumpler   27    91"	"*"	"Cl Trumpler   27    91"
"Cl Trumpler   27    92"	"*"	"Cl Trumpler   27    92"
"Cl Trumpler   27    93"	"*"	"Cl Trumpler   27    93"
"Cl Trumpler   27    94"	"*"	"Cl Trumpler   27    94"
"Cl Trumpler   27    95"	"SB*"	"Cl Trumpler   27    95"
"Cl Trumpler   27    97"	"*"	"Cl Trumpler   27    97"
"Cl Trumpler   27    98"	"*"	"Cl Trumpler   27    98"
"Cl Trumpler   27    99"	"*"	"Cl Trumpler   27    99"
"Cl Trumpler   27    46 C"	"*"	"Cl Trumpler   27    46 C"
"Cl Trumpler   27    46 A"	"*"	"Cl Trumpler   27    46 A"
"Cl Trumpler   27    46 B"	"*"	"Cl Trumpler   27    46 B"
"Cl Trumpler   27    85"	"*"	"Cl Trumpler   27    85"
"Cl Collinder  302"	"MGr"	"Cl Collinder  302"
"Cl Trumpler   26   135"	"Pe*"	"Cl Trumpler   26   135"
"Cl Trumpler   26"	"OpC"	"Cl Trumpler   26"
"Cl Trumpler   26   105"	"*"	"Cl Trumpler   26   105"
"Cl Trumpler   26   122"	"*"	"Cl Trumpler   26   122"
"Cl Collinder  347    16"	"*"	"Cl Collinder  347    16"
"Cl Collinder  347    19"	"*"	"Cl Collinder  347    19"
"Cl Collinder  347     2"	"*"	"Cl Collinder  347     2"
"Cl Collinder  347"	"OpC"	"Cl Collinder  347"
"Cl Collinder  347     3"	"*"	"Cl Collinder  347     3"
"Cl Collinder  351"	"OpC"	"Cl Collinder  351"
"Cl Trumpler   31"	"OpC"	"Cl Trumpler   31"
"Cl Collinder  468"	"OpC"	"Cl Collinder  468"
"Cl Collinder  367"	"OpC"	"Cl Collinder  367"
"Cl Collinder  360"	"OpC"	"M  20"
"Cl Collinder  360"	"OpC"	"NGC  6514"
"Cl Collinder  360"	"OpC"	"LBN 006.99-00.17"
"Cl Collinder  360"	"OpC"	"NAME Trifid Nebula"
"Cl Collinder  360"	"OpC"	"LBN    27"
"Cl Collinder  360"	"OpC"	"Cl Collinder  360"
"Cl Trumpler   33    75"	"*"	"Cl Trumpler   33    75"
"Cl Trumpler   33"	"OpC"	"Cl Trumpler   33"
"Cl Collinder  394    54"	"*"	"Cl Collinder  394    54"
"Cl Collinder  394    76"	"*"	"Cl Collinder  394    76"
"Cl Collinder  394    74"	"PM*"	"Cl Collinder  394    74"
"Cl Collinder  394    66"	"*"	"Cl Collinder  394    66"
"Cl Collinder  394    67"	"*"	"Cl Collinder  394    67"
"Cl Collinder  394    63"	"*"	"Cl Collinder  394    63"
"Cl Collinder  394    61"	"*"	"Cl Collinder  394    61"
"Cl Collinder  394    60"	"*"	"Cl Collinder  394    60"
"Cl Collinder  394    59"	"*"	"Cl Collinder  394    59"
"Cl Collinder  394    24"	"Em*"	"Cl Collinder  394    24"
"Cl Collinder  394    22"	"*"	"Cl Collinder  394    22"
"Cl Collinder  394    12"	"*"	"Cl Collinder  394    12"
"Cl Collinder  394    58"	"*"	"Cl Collinder  394    58"
"Cl Collinder  394     6"	"*"	"Cl Collinder  394     6"
"Cl Collinder  394     2"	"*"	"Cl Collinder  394     2"
"Cl Collinder  394    57"	"*"	"Cl Collinder  394    57"
"Cl Collinder  394    55"	"*"	"Cl Collinder  394    55"
"Cl Collinder  394    52"	"*"	"Cl Collinder  394    52"
"Cl Collinder  394    51"	"*"	"Cl Collinder  394    51"
"Cl Collinder  393"	"OpC"	"NGC  6716"
"Cl Collinder  393"	"OpC"	"Cl Collinder  393"
"Cl Collinder  394"	"OpC"	"Cl Collinder  394"
"Cl Collinder  394     3"	"PM*"	"Cl Collinder  394     3"
"Cl Collinder  394    13"	"*"	"Cl Collinder  394    13"
"Cl Collinder  394    26"	"*"	"Cl Collinder  394    26"
"Cl Collinder  394    27"	"*"	"Cl Collinder  394    27"
"Cl Collinder  394    28"	"*"	"Cl Collinder  394    28"
"Cl Collinder  394    31"	"*"	"Cl Collinder  394    31"
"Cl Collinder  394    33"	"*"	"Cl Collinder  394    33"
"Cl Collinder  394    53"	"*"	"Cl Collinder  394    53"
"Cl Collinder  394    65"	"*"	"Cl Collinder  394    65"
"Cl Collinder  394     1"	"*"	"Cl Collinder  394     1"
"Cl Collinder  394     4"	"*"	"Cl Collinder  394     4"
"Cl Collinder  394     5"	"*"	"Cl Collinder  394     5"
"Cl Collinder  394     7"	"*"	"Cl Collinder  394     7"
"Cl Collinder  394     8"	"*"	"Cl Collinder  394     8"
"Cl Collinder  394     9"	"*"	"Cl Collinder  394     9"
"Cl Collinder  394    10"	"*"	"Cl Collinder  394    10"
"Cl Collinder  394    11"	"*"	"Cl Collinder  394    11"
"Cl Collinder  394    14"	"*"	"Cl Collinder  394    14"
"Cl Collinder  394    15"	"*"	"Cl Collinder  394    15"
"Cl Collinder  394    16"	"*"	"Cl Collinder  394    16"
"Cl Collinder  394    17"	"*"	"Cl Collinder  394    17"
"Cl Collinder  394    18"	"*"	"Cl Collinder  394    18"
"Cl Collinder  394    19"	"*"	"Cl Collinder  394    19"
"Cl Collinder  394    20"	"*"	"Cl Collinder  394    20"
"Cl Collinder  394    21"	"*"	"Cl Collinder  394    21"
"Cl Collinder  394    23"	"*"	"Cl Collinder  394    23"
"Cl Collinder  394    25"	"*"	"Cl Collinder  394    25"
"Cl Collinder  394    29"	"*"	"Cl Collinder  394    29"
"Cl Collinder  394    30"	"*"	"Cl Collinder  394    30"
"Cl Collinder  394    32"	"*"	"Cl Collinder  394    32"
"Cl Collinder  394    34"	"*"	"Cl Collinder  394    34"
"Cl Collinder  394    35"	"*"	"Cl Collinder  394    35"
"Cl Collinder  394    36"	"*"	"Cl Collinder  394    36"
"Cl Collinder  394    56"	"*"	"Cl Collinder  394    56"
"Cl Collinder  394    62"	"*"	"Cl Collinder  394    62"
"Cl Collinder  394    64"	"*"	"Cl Collinder  394    64"
"Cl Collinder  394    68"	"*"	"Cl Collinder  394    68"
"Cl Collinder  394    69"	"*"	"Cl Collinder  394    69"
"Cl Collinder  394    70"	"*"	"Cl Collinder  394    70"
"Cl Collinder  394    71"	"*"	"Cl Collinder  394    71"
"Cl Collinder  394    72"	"*"	"Cl Collinder  394    72"
"Cl Collinder  394    73"	"*"	"Cl Collinder  394    73"
"Cl Collinder  394    75"	"*"	"Cl Collinder  394    75"
"Cl Collinder  469"	"OpC"	"Cl Collinder  469"
"Cl Collinder  374"	"OpC"	"Cl Collinder  374"
"Cl Melotte  197"	"OpC"	"Cl Collinder  374"
"Cl Collinder  374"	"OpC"	"NGC  6603"
"Cl Melotte  197"	"OpC"	"NGC  6603"
"Cl Collinder  374"	"OpC"	"Cl Melotte  197"
"Cl Melotte  197"	"OpC"	"Cl Melotte  197"
"Cl Ruprecht  147"	"OpC"	"NGC  6774"
"Cl Collinder  426"	"err"	"M  73"
"Cl Collinder  426"	"err"	"NGC  6994"
"Cl Collinder  426"	"err"	"Cl Collinder  426"
"Cl Trumpler   32"	"OpC"	"Cl Trumpler   32"
"Cl Collinder  373"	"OpC"	"NGC  6604"
"Cl Collinder  373"	"OpC"	"Cl Collinder  373"
"Cl Collinder  384"	"OpC"	"NGC  6649"
"Cl Collinder  384"	"OpC"	"Cl Collinder  384"
"Cl Trumpler   34"	"OpC"	"Cl Trumpler   34"
"Cl Melotte  213"	"OpC"	"NAME Wild Duck Cluster"
"Cl Collinder  391"	"OpC"	"NAME Wild Duck Cluster"
"Cl Melotte  213"	"OpC"	"M  11"
"Cl Collinder  391"	"OpC"	"M  11"
"Cl Melotte  213"	"OpC"	"NAME Amas de l'Ecu de Sobieski"
"Cl Collinder  391"	"OpC"	"NAME Amas de l'Ecu de Sobieski"
"Cl Melotte  213"	"OpC"	"Cl Collinder  391"
"Cl Collinder  391"	"OpC"	"Cl Collinder  391"
"Cl Melotte  213"	"OpC"	"Cl Melotte  213"
"Cl Collinder  391"	"OpC"	"Cl Melotte  213"
"Cl Melotte  213"	"OpC"	"NGC  6705"
"Cl Collinder  391"	"OpC"	"NGC  6705"
"Cl Trumpler   35   169"	"PM*"	"Cl Trumpler   35   169"
"Cl Trumpler   35"	"OpC"	"Cl Trumpler   35"
"Cl Collinder  350"	"OpC"	"Cl Collinder  350"
"Cl Berkeley   42"	"OpC"	"NGC  6749"
"Cl Collinder  401"	"Cl*"	"Cl Collinder  401"
"Cl Melotte  186"	"OpC"	"Cl Collinder  359"
"Cl Collinder  359"	"OpC"	"Cl Collinder  359"
"Cl Melotte  186"	"OpC"	"Cl Melotte  186"
"Cl Collinder  359"	"OpC"	"Cl Melotte  186"
"Cl Melotte  210"	"OpC"	"IC 4756"
"Cl Melotte  210"	"OpC"	"Cl Melotte  210"
"Cl Collinder  349"	"OpC"	"Cl Collinder  349"
"Cl Melotte  179"	"OpC"	"Cl Collinder  349"
"Cl Collinder  349"	"OpC"	"IC 4665"
"Cl Melotte  179"	"OpC"	"IC 4665"
"Cl Collinder  349"	"OpC"	"Cl Melotte  179"
"Cl Melotte  179"	"OpC"	"Cl Melotte  179"
"Cl Collinder  399"	"Cl*"	"Cl Collinder  399"
"Cl Collinder  399"	"Cl*"	"NAME Coathanger"
"Cl Collinder  399"	"Cl*"	"NAME AL SUFI's Cluster"
"Cl Collinder  399"	"Cl*"	"NAME Brocchi's Cluster"
"Cl Collinder  400"	"OpC"	"NGC  6802"
"Cl Collinder  400"	"OpC"	"Cl Collinder  400"
"Cl Collinder  408"	"OpC"	"Cl Collinder  408"
"Cl Harvard   20"	"OpC"	"Cl Collinder  408"
"Cl Stock    1"	"OpC"	"Cl Stock    1"
"Cl Melotte  232"	"OpC"	"NGC  6940"
"Cl Melotte  232"	"OpC"	"Cl Melotte  232"
"Cl Stephenson    1"	"OpC"	"NAME del Lyr Cluster"
"Cl Berkeley   46"	"OpC"	"NGC  6791"
"Cl Berkeley   50"	"OpC"	"LBN   181"
"Cl Berkeley   50"	"OpC"	"IC 1310"
"Cl Berkeley   50"	"OpC"	"LBN 072.86+00.27"
"Cl Melotte  223"	"OpC"	"NAME Foxhead Cluster"
"Cl Melotte  223"	"OpC"	"NGC  6819"
"Cl Melotte  223"	"OpC"	"Cl Melotte  223"
"Cl Collinder  197     8"	"SB*"	"Cl Collinder  197     8"
"Cl Collinder  197     9"	"Y*?"	"Cl Collinder  197     9"
"Cl Collinder  197     7"	"*"	"Cl Collinder  197     7"
"Cl Collinder  197    11"	"*"	"Cl Collinder  197    11"
"Cl Collinder  197     6"	"*"	"Cl Collinder  197     6"
"Cl Collinder  197     4"	"*"	"Cl Collinder  197     4"
"Cl Collinder  197     5"	"*"	"Cl Collinder  197     5"
"Cl Collinder  197    15"	"*"	"Cl Collinder  197    15"
"Cl Collinder  197     1"	"Y*?"	"Cl Collinder  197     1"
"Cl Collinder  197    16"	"*"	"Cl Collinder  197    16"
"Cl Collinder  197    22"	"EB*"	"Cl Collinder  197    22"
"Cl Collinder  197    21"	"*"	"Cl Collinder  197    21"
"Cl Collinder  197    19"	"*"	"Cl Collinder  197    19"
"Cl Collinder  197    17"	"*"	"Cl Collinder  197    17"
"Cl Collinder  197    14"	"Y*?"	"Cl Collinder  197    14"
"Cl Collinder  197    13"	"*"	"Cl Collinder  197    13"
"Cl Collinder  197     3"	"*"	"Cl Collinder  197     3"
"Cl Collinder  197     2"	"*"	"Cl Collinder  197     2"
"Cl Collinder  197    10"	"*"	"Cl Collinder  197    10"
"Cl Collinder  197    18"	"*"	"Cl Collinder  197    18"
"Cl Collinder  197    20"	"Y*?"	"Cl Collinder  197    20"
"Cl Collinder  197"	"OpC"	"Cl Collinder  197"
"Cl Trumpler   10    10"	"*"	"Cl Trumpler   10    10"
"Cl Collinder  147"	"OpC"	"Cl Melotte   66"
"Cl Melotte   66"	"OpC"	"Cl Melotte   66"
"Cl Collinder  147"	"OpC"	"Cl Collinder  147"
"Cl Melotte   66"	"OpC"	"Cl Collinder  147"
"Cl Melotte   66  2215"	"*"	"Cl Melotte   66  2215"
"Cl Melotte   66  2133"	"RB?"	"Cl Melotte   66  2133"
"Cl Melotte   66  2206"	"RB?"	"Cl Melotte   66  2206"
"Cl Melotte   66  2217"	"RB?"	"Cl Melotte   66  2217"
"Cl Melotte   66  2261"	"RB?"	"Cl Melotte   66  2261"
"Cl Melotte   66  4151"	"RG*"	"Cl Melotte   66  4151"
"Cl Collinder  207"	"OpC"	"Cl Collinder  207"
"Cl Collinder  207"	"OpC"	"NGC  2849"
"Cl Trumpler   10    14"	"*"	"Cl Trumpler   10    14"
"Cl Trumpler   10    27"	"*"	"Cl Trumpler   10    27"
"Cl Trumpler   10     7"	"*"	"Cl Trumpler   10     7"
"Cl Trumpler   10    17"	"*"	"Cl Trumpler   10    17"
"Cl Trumpler   10    24"	"*"	"Cl Trumpler   10    24"
"Cl Trumpler   10    20"	"*"	"Cl Trumpler   10    20"
"Cl Trumpler   10    12"	"**"	"Cl Trumpler   10    12"
"Cl Trumpler   10    18"	"*"	"Cl Trumpler   10    18"
"Cl Trumpler   10    26"	"*"	"Cl Trumpler   10    26"
"Cl Trumpler   10    29"	"*"	"Cl Trumpler   10    29"
"Cl Trumpler   10    15"	"*"	"Cl Trumpler   10    15"
"Cl Trumpler   10    19"	"*"	"Cl Trumpler   10    19"
"Cl Trumpler   10     5"	"*"	"Cl Trumpler   10     5"
"Cl Trumpler   10     4"	"*"	"Cl Trumpler   10     4"
"Cl Trumpler   10    21"	"SB*"	"Cl Trumpler   10    21"
"Cl Trumpler   10     2"	"*"	"Cl Trumpler   10     2"
"Cl Trumpler   10     6"	"SB*"	"Cl Trumpler   10     6"
"Cl Trumpler   10    25"	"*"	"Cl Trumpler   10    25"
"Cl Trumpler   10    11"	"*"	"Cl Trumpler   10    11"
"Cl Trumpler   10     1"	"*"	"Cl Trumpler   10     1"
"Cl Trumpler   10     3"	"**"	"Cl Trumpler   10     3"
"Cl Trumpler   10     8"	"*"	"Cl Trumpler   10     8"
"Cl Trumpler   10    22"	"*"	"Cl Trumpler   10    22"
"Cl Trumpler   10     9"	"*"	"Cl Trumpler   10     9"
"Cl Trumpler   10"	"OpC"	"Cl Trumpler   10"
"Cl Trumpler   10    13"	"*"	"Cl Trumpler   10    13"
"Cl Trumpler   10    16"	"*"	"Cl Trumpler   10    16"
"Cl Trumpler   10    28"	"**"	"Cl Trumpler   10    28"
"Cl Collinder  173"	"OpC"	"Cl Collinder  173"
"Cl Platais    9"	"OpC"	"NAME HIP 45189 Cluster"
"Cl Melotte   92"	"OpC"	"Cl Melotte   92"
"Cl Melotte   92"	"OpC"	"NGC  2660"
"Cl Waterloo    4"	"OpC"	"NGC  2645"
"Cl Pismis    6"	"OpC"	"NGC  2645"
"Cl Collinder  192"	"OpC"	"Cl Collinder  192"
"Cl Collinder  192"	"OpC"	"IC 2395"
"Cl Collinder  205     2"	"**"	"Cl Collinder  205     2"
"Cl Collinder  205     1"	"*"	"Cl Collinder  205     1"
"Cl Collinder  205"	"OpC"	"Cl Collinder  205"
"Cl Collinder  205    13"	"**"	"Cl Collinder  205    13"
"Cl Ruprecht   80"	"OpC"	"NGC  2982"
"Cl Pismis   11"	"OpC"	"NAME HD 80077 Group"
"Cl Collinder  213"	"OpC"	"Cl Collinder  213"
"Cl Platais    8"	"OpC"	"NAME a Car Cluster"
"Cl Platais    8"	"OpC"	"NAME HIP 45080 Cluster"
"Cl Harvard    4"	"OpC"	"NGC  3330"
"Cl Trumpler   11"	"OpC"	"Cl Trumpler   11"
"Cl Collinder  217"	"OpC"	"Cl Collinder  217"
"Cl Trumpler   12"	"OpC"	"Cl Collinder  217"
"Cl Collinder  217"	"OpC"	"Cl Trumpler   12"
"Cl Trumpler   12"	"OpC"	"Cl Trumpler   12"
"Cl Collinder  223"	"OpC"	"Cl Collinder  223"
"Cl Collinder  224"	"OpC"	"Cl Melotte  100"
"Cl Melotte  100"	"OpC"	"Cl Melotte  100"
"Cl Collinder  224"	"OpC"	"Cl Collinder  224"
"Cl Melotte  100"	"OpC"	"Cl Collinder  224"
"Cl Collinder  224"	"OpC"	"NGC  3293"
"Cl Melotte  100"	"OpC"	"NGC  3293"
"Cl Trumpler   13"	"OpC"	"Cl Trumpler   13"
"Cl Collinder  219"	"OpC"	"Cl Trumpler   13"
"Cl Trumpler   13"	"OpC"	"Cl Collinder  219"
"Cl Collinder  219"	"OpC"	"Cl Collinder  219"
"Cl Trumpler   14    10"	"Y*?"	"Cl Trumpler   14    10"
"Cl Trumpler   14     4"	"*"	"Cl Trumpler   14     4"
"Cl Trumpler   16   176"	"**"	"Cl Trumpler   16   176"
"Cl Trumpler   15    26"	"*"	"Cl Trumpler   15    26"
"Cl Trumpler   16    12"	"*"	"Cl Trumpler   16    12"
"Cl Trumpler   16    98"	"SB*"	"Cl Trumpler   16    98"
"Cl Trumpler   15    13"	"Y*?"	"Cl Trumpler   15    13"
"Cl Trumpler   15     2"	"Y*?"	"Cl Trumpler   15     2"
"Cl Trumpler   15     3"	"*"	"Cl Trumpler   15     3"
"Cl Trumpler   16   181"	"*"	"Cl Trumpler   16   181"
"Cl Trumpler   16    29"	"*"	"Cl Trumpler   16    29"
"Cl Trumpler   16    28"	"Y*?"	"Cl Trumpler   16    28"
"Cl Collinder  228    24"	"SB*"	"Cl Collinder  228    24"
"Cl Collinder  228    23"	"SB*"	"Cl Collinder  228    23"
"Cl Collinder  228    31"	"SB*"	"Cl Collinder  228    31"
"Cl Collinder  228    27"	"SB*"	"Cl Collinder  228    27"
"Cl Collinder  228    14"	"Y*O"	"Cl Collinder  228    14"
"Cl Collinder  228    13"	"bC*"	"Cl Collinder  228    13"
"Cl Collinder  228    69"	"*"	"Cl Collinder  228    69"
"Cl Collinder  228    21"	"*"	"Cl Collinder  228    21"
"Cl Collinder  228    65"	"*"	"Cl Collinder  228    65"
"Cl Trumpler   16    88"	"SB*"	"Cl Trumpler   16    88"
"Cl Collinder  228     1"	"SB*"	"Cl Trumpler   16    88"
"Cl Trumpler   16    87"	"SB*"	"Cl Trumpler   16    88"
"Cl Trumpler   16    88"	"SB*"	"Cl Trumpler   16    87"
"Cl Collinder  228     1"	"SB*"	"Cl Trumpler   16    87"
"Cl Trumpler   16    87"	"SB*"	"Cl Trumpler   16    87"
"Cl Trumpler   16    88"	"SB*"	"Cl Collinder  228     1"
"Cl Collinder  228     1"	"SB*"	"Cl Collinder  228     1"
"Cl Trumpler   16    87"	"SB*"	"Cl Collinder  228     1"
"Cl Collinder  228     4"	"*"	"Cl Collinder  228     4"
"Cl Trumpler   16   177"	"WR*"	"Cl Trumpler   16   177"
"Cl Collinder  228     5"	"Y*O"	"Cl Collinder  228     5"
"Cl Trumpler   16    11"	"Y*O"	"Cl Trumpler   16    11"
"Cl Trumpler   16    94"	"*"	"Cl Trumpler   16    94"
"Cl Collinder  228   100"	"*"	"Cl Collinder  228   100"
"Cl Collinder  228     2"	"SB*"	"Cl Collinder  228     2"
"Cl Trumpler   16    18"	"Y*O"	"Cl Trumpler   16    18"
"Cl Collinder  228    32"	"*"	"Cl Collinder  228    32"
"Cl Trumpler   16    13"	"Y*O"	"Cl Trumpler   16    13"
"Cl Trumpler   16   178"	"*"	"Cl Trumpler   16   178"
"Cl Trumpler   16    14"	"Y*O"	"Cl Trumpler   16    14"
"Cl Trumpler   16    14"	"Y*O"	"NAME CXOCYG J10443718-5940014"
"Cl Collinder  228    12"	"*"	"Cl Collinder  228    12"
"Cl Trumpler   16    21"	"*"	"Cl Trumpler   16    21"
"Cl Trumpler   16    20"	"SB*"	"Cl Trumpler   16    20"
"Cl Trumpler   16    15"	"*"	"Cl Trumpler   16    15"
"Cl Trumpler   16    16"	"*"	"Cl Trumpler   16    16"
"Cl Trumpler   16   104"	"SB*"	"Cl Trumpler   16   104"
"Cl Trumpler   16     5"	"*"	"Cl Trumpler   16     5"
"Cl Collinder  228    39"	"SB*"	"Cl Collinder  228    39"
"Cl Collinder  228    17"	"s?r"	"Cl Collinder  228    17"
"Cl Trumpler   16    30"	"*"	"Cl Trumpler   16    30"
"Cl Trumpler   16    53"	"*"	"Cl Trumpler   16    53"
"Cl Trumpler   16    25"	"SB*"	"Cl Trumpler   16    25"
"Cl Trumpler   16    26"	"Y*O"	"Cl Trumpler   16    26"
"Cl Trumpler   16     4"	"*"	"Cl Trumpler   16     4"
"Cl Trumpler   16     8"	"*"	"Cl Trumpler   16     8"
"Cl Trumpler   16     9"	"SB*"	"Cl Trumpler   16     9"
"Cl Trumpler   16    24"	"*"	"Cl Trumpler   16    24"
"Cl Trumpler   16    23"	"*"	"Cl Trumpler   16    23"
"Cl Trumpler   16     1"	"SB*"	"Cl Trumpler   16     1"
"Cl Trumpler   16   182"	"*"	"Cl Trumpler   16   182"
"Cl Trumpler   16    34"	"SB*"	"Cl Trumpler   16    34"
"Cl Trumpler   16    27"	"*"	"Cl Trumpler   16    27"
"Cl Trumpler   16   112"	"SB*"	"Cl Trumpler   16   112"
"Cl Trumpler   16   115"	"*"	"Cl Trumpler   16   115"
"Cl Collinder  228    38"	"*"	"Cl Collinder  228    38"
"Cl Collinder  228    88"	"Pu*"	"Cl Collinder  228    88"
"Cl Collinder  228    98"	"*"	"Cl Collinder  228    98"
"Cl Collinder  228    96"	"*"	"Cl Collinder  228    96"
"Cl Collinder  228    95"	"*"	"Cl Collinder  228    95"
"Cl Bochum   11    10"	"*"	"Cl Collinder  228    94"
"Cl Collinder  228    94"	"*"	"Cl Collinder  228    94"
"Cl Collinder  228    93"	"Y*O"	"Cl Collinder  228    93"
"Cl Bochum   11     9"	"Y*O"	"Cl Collinder  228    93"
"Cl Collinder  228    90"	"*"	"Cl Collinder  228    90"
"Cl Collinder  228    28"	"SB*"	"Cl Collinder  228    28"
"Cl Trumpler   15    16"	"s*r"	"Cl Trumpler   15    16"
"Cl Trumpler   14     1"	"**"	"Cl Trumpler   14     1"
"Cl Collinder  228   101"	"*"	"Cl Collinder  228   101"
"Cl Collinder  228    22"	"*"	"Cl Collinder  228    22"
"Cl Trumpler   16    19"	"*"	"Cl Collinder  228    22"
"Cl Collinder  228    22"	"*"	"Cl Trumpler   16    19"
"Cl Trumpler   16    19"	"*"	"Cl Trumpler   16    19"
"Cl Collinder  228    29"	"a2*"	"Cl Collinder  228    29"
"Cl Collinder  228    15"	"**"	"Cl Collinder  228    15"
"Cl Collinder  228    87"	"Pu*"	"Cl Collinder  228    87"
"Cl Collinder  228    82"	"SB*"	"Cl Collinder  228    82"
"Cl Collinder  228    83"	"*"	"Cl Collinder  228    83"
"Cl Collinder  228    11"	"*"	"Cl Collinder  228    11"
"Cl Collinder  228    47"	"Y*O"	"Cl Collinder  228    47"
"Cl Collinder  228    80"	"*"	"Cl Collinder  228    80"
"Cl Collinder  228     8"	"*"	"Cl Collinder  228     8"
"Cl Collinder  228    16"	"*"	"Cl Collinder  228    16"
"Cl Collinder  228    57"	"*"	"Cl Collinder  228    57"
"Cl Collinder  228    44"	"**"	"Cl Collinder  228    44"
"Cl Collinder  228"	"OpC"	"Cl Collinder  228"
"Cl Trumpler   14"	"OpC"	"Cl Trumpler   14"
"Cl Trumpler   15"	"OpC"	"Cl Trumpler   15"
"Cl Collinder  232"	"OpC"	"Cl Collinder  232"
"Cl Trumpler   17"	"OpC"	"Cl Trumpler   17"
"Cl Trumpler   14     6"	"Y*?"	"Cl Trumpler   14     6"
"Cl Trumpler   16   124"	"Y*?"	"Cl Trumpler   16   124"
"Cl Trumpler   16    76"	"*"	"Cl Trumpler   16    76"
"Cl Trumpler   16   122"	"*"	"Cl Trumpler   16   122"
"Cl Trumpler   16    77"	"*"	"Cl Trumpler   16    77"
"Cl Trumpler   16   245"	"EB*"	"Cl Trumpler   16   245"
"Cl Trumpler   16    74"	"*"	"Cl Trumpler   16    74"
"Cl Trumpler   16    73"	"*"	"Cl Trumpler   16    73"
"Cl Trumpler   14    21"	"SB*"	"Cl Trumpler   14    21"
"Cl Trumpler   16    37"	"*"	"Cl Trumpler   16    37"
"Cl Trumpler   16    71"	"*"	"Cl Trumpler   16    71"
"Cl Trumpler   15    18"	"*"	"Cl Trumpler   15    18"
"Cl Trumpler   14    20"	"Y*?"	"Cl Trumpler   14    20"
"Cl Collinder  228   103"	"**"	"Cl Collinder  228   103"
"Cl Trumpler   16   179"	"SB*"	"Cl Trumpler   16   179"
"Cl Collinder  228    33"	"*"	"Cl Collinder  228    33"
"Cl Collinder  228     3"	"WR*"	"Cl Collinder  228     3"
"Cl Trumpler   16     7"	"**"	"Cl Trumpler   16     7"
"Cl Trumpler   14    27"	"SB*"	"Cl Trumpler   14    27"
"Cl Collinder  228     6"	"Y*O"	"Cl Collinder  228     6"
"Cl Trumpler   16   183"	"s*b"	"Cl Trumpler   16   183"
"Cl Trumpler   16   100"	"*"	"Cl Trumpler   16   100"
"Cl Trumpler   16   101"	"**"	"Cl Trumpler   16   101"
"Cl Trumpler   14     2"	"SB*"	"Cl Trumpler   14     2"
"Cl Collinder  228    10"	"LP?"	"Cl Collinder  228    10"
"Cl Trumpler   14    30"	"s*b"	"Cl Trumpler   14    30"
"Cl Trumpler   14    28"	"SB*"	"Cl Trumpler   14    28"
"Cl Trumpler   17    57"	"*"	"Cl Trumpler   17    57"
"Cl Collinder  228    67"	"*"	"Cl Collinder  228    67"
"Cl Collinder  228    30"	"bC?"	"Cl Collinder  228    30"
"Cl Trumpler   16    35"	"*"	"Cl Trumpler   16    35"
"Cl Collinder  228    91"	"*"	"Cl Collinder  228    91"
"Cl Collinder  228    66"	"*"	"Cl Collinder  228    66"
"Cl Collinder  228    68"	"*"	"Cl Collinder  228    68"
"Cl Collinder  228    35"	"*"	"Cl Collinder  228    35"
"Cl Collinder  228    36"	"*"	"Cl Collinder  228    36"
"Cl Collinder  228    97"	"SB*"	"Cl Collinder  228    97"
"Cl Collinder  228    43"	"*"	"Cl Collinder  228    43"
"Cl Collinder  228    20"	"mul"	"Cl Collinder  228    20"
"Cl Collinder  228    89"	"*"	"Cl Collinder  228    89"
"Cl Collinder  228    19"	"*"	"Cl Collinder  228    19"
"Cl Collinder  228    40"	"*"	"Cl Collinder  228    40"
"Cl Collinder  228    26"	"*"	"Cl Collinder  228    26"
"Cl Collinder  228    37"	"*"	"Cl Collinder  228    37"
"Cl Collinder  228    81"	"*"	"Cl Collinder  228    81"
"Cl Collinder  228    53"	"*"	"Cl Collinder  228    53"
"Cl Collinder  228    48"	"*"	"Cl Collinder  228    48"
"Cl Collinder  228    84"	"SB*"	"Cl Collinder  228    84"
"Cl Collinder  228    86"	"*"	"Cl Collinder  228    86"
"Cl Collinder  228    41"	"*"	"Cl Collinder  228    41"
"Cl Collinder  228    75"	"*"	"Cl Collinder  228    75"
"Cl Collinder  228    85"	"PM*"	"Cl Collinder  228    85"
"Cl Collinder  228    49"	"*"	"Cl Collinder  228    49"
"Cl Collinder  228    78"	"*"	"Cl Collinder  228    78"
"Cl Collinder  228    77"	"EB*"	"Cl Collinder  228    77"
"Cl Collinder  228    74"	"*"	"Cl Collinder  228    74"
"Cl Collinder  228    61"	"*"	"Cl Collinder  228    61"
"Cl Collinder  228    55"	"*"	"Cl Collinder  228    55"
"Cl Collinder  228    51"	"*"	"Cl Collinder  228    51"
"Cl Trumpler   14     5"	"*"	"Cl Trumpler   14     5"
"Cl Trumpler   14    14"	"Y*O"	"Cl Trumpler   14    14"
"Cl Trumpler   14    11"	"*"	"Cl Trumpler   14    11"
"Cl Trumpler   14    13"	"Y*?"	"Cl Trumpler   14    13"
"Cl Trumpler   14    18"	"*"	"Cl Trumpler   14    18"
"Cl Trumpler   14    12"	"Y*?"	"Cl Trumpler   14    12"
"Cl Trumpler   14     7"	"*"	"Cl Trumpler   14     7"
"Cl Trumpler   14    15"	"Y*O"	"Cl Trumpler   14    15"
"Cl Trumpler   14    35"	"*"	"Cl Trumpler   14    35"
"Cl Trumpler   14    16"	"Y*?"	"Cl Trumpler   14    16"
"Cl Trumpler   14    17"	"*"	"Cl Trumpler   14    17"
"Cl Trumpler   14    55"	"Y*?"	"Cl Trumpler   14    55"
"Cl Trumpler   14    44"	"*"	"Cl Trumpler   14    44"
"Cl Trumpler   16   162"	"*"	"Cl Trumpler   16   162"
"Cl Trumpler   14    45"	"Y*?"	"Cl Trumpler   14    45"
"Cl Trumpler   16   161"	"*"	"Cl Trumpler   16   161"
"Cl Trumpler   16   160"	"*"	"Cl Trumpler   16   160"
"Cl Trumpler   14    26"	"Y*?"	"Cl Trumpler   14    26"
"Cl Trumpler   16    61"	"*"	"Cl Trumpler   16    61"
"Cl Trumpler   16    58"	"*"	"Cl Trumpler   16    58"
"Cl Trumpler   16   248"	"*"	"Cl Trumpler   16   248"
"Cl Trumpler   16    60"	"SB*"	"Cl Trumpler   16    60"
"Cl Trumpler   16   211"	"*"	"Cl Trumpler   16   211"
"Cl Trumpler   16   210"	"*"	"Cl Trumpler   16   210"
"Cl Trumpler   16    79"	"*"	"Cl Trumpler   16    79"
"Cl Trumpler   16    62"	"*"	"Cl Trumpler   16    62"
"Cl Trumpler   16   205"	"*"	"Cl Trumpler   16   205"
"Cl Trumpler   16    63"	"*"	"Cl Trumpler   16    63"
"Cl Trumpler   16   213"	"*"	"Cl Trumpler   16   213"
"Cl Trumpler   16   234"	"*"	"Cl Trumpler   16   234"
"Cl Trumpler   16   212"	"*"	"Cl Trumpler   16   212"
"Cl Trumpler   16    48"	"*"	"Cl Trumpler   16    48"
"Cl Trumpler   16    43"	"*"	"Cl Trumpler   16    43"
"Cl Trumpler   16    44"	"*"	"Cl Trumpler   16    44"
"Cl Trumpler   16   227"	"*"	"Cl Trumpler   16   227"
"Cl Trumpler   16   202"	"*"	"Cl Trumpler   16   202"
"Cl Trumpler   16    41"	"*"	"Cl Trumpler   16    41"
"Cl Trumpler   16    39"	"*"	"Cl Trumpler   16    39"
"Cl Trumpler   16    46"	"*"	"Cl Trumpler   16    46"
"Cl Trumpler   16    38"	"*"	"Cl Trumpler   16    38"
"Cl Trumpler   16    75"	"*"	"Cl Trumpler   16    75"
"Cl Trumpler   16    72"	"*"	"Cl Trumpler   16    72"
"Cl Trumpler   16    68"	"*"	"Cl Trumpler   16    68"
"Cl Trumpler   16    67"	"*"	"Cl Trumpler   16    67"
"Cl Trumpler   16    69"	"*"	"Cl Trumpler   16    69"
"Cl Trumpler   16    51"	"*"	"Cl Trumpler   16    51"
"Cl Trumpler   16    52"	"*"	"Cl Trumpler   16    52"
"Cl Trumpler   16    70"	"*"	"Cl Trumpler   16    70"
"Cl Trumpler   16    54"	"*"	"Cl Trumpler   16    54"
"Cl Trumpler   16    55"	"*"	"Cl Trumpler   16    55"
"Cl Trumpler   16   233"	"*"	"Cl Trumpler   16    49"
"Cl Trumpler   16    49"	"*"	"Cl Trumpler   16    49"
"Cl Trumpler   16   233"	"*"	"Cl Trumpler   16   233"
"Cl Trumpler   16    49"	"*"	"Cl Trumpler   16   233"
"Cl Trumpler   16   218"	"*"	"Cl Trumpler   16   218"
"Cl Trumpler   16    45"	"*"	"Cl Trumpler   16    45"
"Cl Trumpler   16    40"	"*"	"Cl Trumpler   16    40"
"Cl Trumpler   16   201"	"*"	"Cl Trumpler   16   201"
"Cl Trumpler   16    33"	"*"	"Cl Trumpler   16    33"
"Cl Trumpler   16   236"	"*"	"Cl Trumpler   16   236"
"Cl Trumpler   14    24"	"*"	"Cl Trumpler   14    24"
"Cl Trumpler   14    25"	"*"	"Cl Trumpler   14    25"
"Cl Trumpler   14    19"	"SB*"	"Cl Trumpler   14    19"
"Cl Trumpler   14    29"	"Y*O"	"Cl Trumpler   14    29"
"Cl Trumpler   16   129"	"*"	"Cl Trumpler   16   129"
"Cl Trumpler   16   246"	"*"	"Cl Trumpler   16   246"
"Cl Trumpler   16    59"	"EB*"	"Cl Trumpler   16    59"
"Cl Trumpler   16   247"	"*"	"Cl Trumpler   16   247"
"Cl Trumpler   16    57"	"*"	"Cl Trumpler   16    57"
"Cl Trumpler   16    56"	"V*"	"Cl Trumpler   16    56"
"Cl Trumpler   16   206"	"*"	"Cl Trumpler   16   206"
"Cl Trumpler   16    78"	"*"	"Cl Trumpler   16    78"
"Cl Trumpler   16    32"	"*"	"Cl Trumpler   16    32"
"Cl Trumpler   16   228"	"*"	"Cl Trumpler   16   228"
"Cl Trumpler   16    50"	"*"	"Cl Trumpler   16    50"
"Cl Trumpler   16    47"	"*"	"Cl Trumpler   16    47"
"Cl Trumpler   16   220"	"*"	"Cl Trumpler   16   220"
"Cl Trumpler   16   224"	"PM*"	"Cl Trumpler   16   224"
"Cl Trumpler   16   215"	"*"	"Cl Trumpler   16   215"
"Cl Trumpler   16     6"	"*"	"Cl Trumpler   16     6"
"Cl Trumpler   16    42"	"*"	"Cl Trumpler   16    42"
"Cl Trumpler   16   200"	"*"	"Cl Trumpler   16   200"
"Cl Trumpler   16   237"	"*"	"Cl Trumpler   16   237"
"Cl Trumpler   16   239"	"*"	"Cl Trumpler   16   239"
"Cl Trumpler   16   240"	"*"	"Cl Trumpler   16   240"
"Cl Trumpler   14    56"	"*"	"Cl Trumpler   14    56"
"Cl Trumpler   14    53"	"s*b"	"Cl Trumpler   14    53"
"Cl Trumpler   14    54"	"Y*?"	"Cl Trumpler   14    43"
"Cl Trumpler   14    43"	"Y*?"	"Cl Trumpler   14    43"
"Cl Trumpler   14    54"	"Y*?"	"Cl Trumpler   14    54"
"Cl Trumpler   14    43"	"Y*?"	"Cl Trumpler   14    54"
"Cl Trumpler   14    61"	"s*b"	"Cl Trumpler   14    61"
"Cl Trumpler   14    60"	"*"	"Cl Trumpler   14    60"
"Cl Trumpler   16   126"	"Y*?"	"Cl Trumpler   16   126"
"Cl Trumpler   14    38"	"Y*?"	"Cl Trumpler   14    38"
"Cl Trumpler   16   125"	"*"	"Cl Trumpler   16   125"
"Cl Trumpler   16   128"	"*"	"Cl Trumpler   16   128"
"Cl Trumpler   16   130"	"Y*?"	"Cl Trumpler   16   130"
"Cl Trumpler   16   131"	"Y*?"	"Cl Trumpler   16   131"
"Cl Trumpler   16   123"	"Y*?"	"Cl Trumpler   16   123"
"Cl Trumpler   16   232"	"*"	"Cl Trumpler   16   232"
"Cl Trumpler   16   242"	"Ae*"	"Cl Trumpler   16   242"
"Cl Trumpler   16   235"	"Y*O"	"Cl Trumpler   16   235"
"Cl Trumpler   16   243"	"*"	"Cl Trumpler   16   243"
"Cl Trumpler   16   203"	"*"	"Cl Trumpler   16   203"
"Cl Trumpler   16   241"	"Y*O"	"Cl Trumpler   16   241"
"Cl Trumpler   16    80"	"Y*O"	"Cl Trumpler   16    80"
"Cl Trumpler   16   207"	"Y*O"	"Cl Trumpler   16   207"
"Cl Trumpler   16   209"	"*"	"Cl Trumpler   16   209"
"Cl Trumpler   16   204"	"*"	"Cl Trumpler   16   204"
"Cl Trumpler   16   230"	"*"	"Cl Trumpler   16   230"
"Cl Trumpler   16   217"	"*"	"Cl Trumpler   16   217"
"Cl Trumpler   16   216"	"TT*"	"Cl Trumpler   16   216"
"Cl Trumpler   16   208"	"*"	"Cl Trumpler   16   208"
"Cl Trumpler   16   225"	"PM*"	"Cl Trumpler   16   225"
"Cl Trumpler   14    51"	"SB*"	"Cl Trumpler   14    51"
"Cl Trumpler   14    50"	"*"	"Cl Trumpler   14    50"
"Cl Trumpler   14    52"	"*"	"Cl Trumpler   14    52"
"Cl Trumpler   14    59"	"*"	"Cl Trumpler   14    59"
"Cl Collinder  228    18"	"Y*O"	"Cl Collinder  228    18"
"Cl Trumpler   14    62"	"*"	"Cl Trumpler   14    62"
"Cl Trumpler   14    66"	"*"	"Cl Trumpler   14    66"
"Cl Collinder  228    54"	"*"	"Cl Collinder  228    54"
"Cl Trumpler   14    65"	"*"	"Cl Trumpler   14    65"
"Cl Collinder  228    56"	"*"	"Cl Collinder  228    56"
"Cl Collinder  228    60"	"*"	"Cl Collinder  228    60"
"Cl Collinder  228   116"	"*"	"Cl Collinder  228   116"
"Cl Trumpler   14    36"	"Y*?"	"Cl Trumpler   14    36"
"Cl Collinder  228    58"	"*"	"Cl Collinder  228    58"
"Cl Collinder  228   114"	"*"	"Cl Collinder  228   114"
"Cl Collinder  228   111"	"Y*O"	"Cl Collinder  228   111"
"Cl Collinder  228   118"	"Pu*"	"Cl Collinder  228   118"
"Cl Collinder  228   113"	"SB*"	"Cl Collinder  228   113"
"Cl Collinder  228   112"	"*"	"Cl Collinder  228   112"
"Cl Trumpler   16"	"OpC"	"Cl Trumpler   16"
"Cl Trumpler   16   219"	"*"	"Cl Trumpler   16   219"
"Cl Trumpler   16   244"	"*"	"Cl Trumpler   16   149"
"Cl Trumpler   16   149"	"*"	"Cl Trumpler   16   149"
"Cl Trumpler   16   244"	"*"	"Cl Trumpler   16   244"
"Cl Trumpler   16   149"	"*"	"Cl Trumpler   16   244"
"Cl Trumpler   16    36"	"*"	"Cl Trumpler   16    36"
"Cl Trumpler   14    57"	"*"	"Cl Trumpler   14    57"
"Cl Collinder  228   117"	"*"	"Cl Collinder  228   117"
"Cl Collinder  228    46"	"*"	"Cl Collinder  228    46"
"Cl Trumpler   15    15"	"*"	"Cl Trumpler   15    15"
"Cl Trumpler   15     7"	"*"	"Cl Trumpler   15     7"
"Cl Trumpler   15    23"	"SB*"	"Cl Trumpler   15    23"
"Cl Trumpler   15     5"	"Y*O"	"Cl Trumpler   15     5"
"Cl Trumpler   15     9"	"Y*?"	"Cl Trumpler   15     9"
"Cl Trumpler   15    25"	"Y*O"	"Cl Trumpler   15    25"
"Cl Trumpler   15    19"	"Y*?"	"Cl Trumpler   15    19"
"Cl Trumpler   15    22"	"Y*?"	"Cl Trumpler   15    22"
"Cl Trumpler   15    21"	"*"	"Cl Trumpler   15    21"
"Cl Trumpler   15     4"	"Y*O"	"Cl Trumpler   15     4"
"Cl Collinder  234"	"Cl*"	"Cl Collinder  234"
"Cl Trumpler   16     2"	"SB*"	"Cl Trumpler   16     2"
"Cl Bochum   11     1"	"*"	"Cl Collinder  228    92"
"Cl Collinder  228    92"	"*"	"Cl Collinder  228    92"
"Cl Collinder  228   107"	"*"	"Cl Collinder  228   107"
"Cl Trumpler   16    22"	"*"	"Cl Trumpler   16    22"
"Cl Trumpler   14    22"	"Y*?"	"Cl Trumpler   14    22"
"Cl Trumpler   15     6"	"Y*?"	"Cl Trumpler   15     6"
"Cl Trumpler   15     8"	"*"	"Cl Trumpler   15     8"
"Cl Trumpler   15    11"	"Y*?"	"Cl Trumpler   15    11"
"Cl Trumpler   15    12"	"Y*?"	"Cl Trumpler   15    12"
"Cl Trumpler   15    14"	"**"	"Cl Trumpler   15    14"
"Cl Trumpler   15    17"	"Y*?"	"Cl Trumpler   15    17"
"Cl Trumpler   15    20"	"Y*?"	"Cl Trumpler   15    20"
"Cl Trumpler   15    24"	"Y*?"	"Cl Trumpler   15    24"
"Cl Trumpler   15    27"	"Y*?"	"Cl Trumpler   15    27"
"Cl Trumpler   15    28"	"*"	"Cl Trumpler   15    28"
"Cl Trumpler   15    29"	"Y*?"	"Cl Trumpler   15    29"
"Cl Trumpler   15    30"	"Y*?"	"Cl Trumpler   15    30"
"Cl Trumpler   15    31"	"*"	"Cl Trumpler   15    31"
"Cl Trumpler   15    32"	"Y*?"	"Cl Trumpler   15    32"
"Cl Trumpler   15    33"	"*"	"Cl Trumpler   15    33"
"Cl Trumpler   15    34"	"Y*?"	"Cl Trumpler   15    34"
"Cl Trumpler   15    35"	"*"	"Cl Trumpler   15    35"
"Cl Trumpler   15    37"	"Y*?"	"Cl Trumpler   15    37"
"Cl Trumpler   15    38"	"Y*?"	"Cl Trumpler   15    38"
"Cl Trumpler   15    39"	"*"	"Cl Trumpler   15    39"
"Cl Trumpler   15    36"	"Y*?"	"Cl Trumpler   15    36"
"Cl Collinder  228   119"	"Em*"	"Cl Collinder  228   119"
"Cl Collinder  228    25"	"*"	"Cl Collinder  228    25"
"Cl Trumpler   16   110"	"**"	"Cl Trumpler   16   110"
"Cl Trumpler   16   229"	"*"	"Cl Trumpler   16   229"
"Cl Trumpler   16   238"	"*"	"Cl Trumpler   16   238"
"Cl Collinder  228     7"	"*"	"Cl Collinder  228     7"
"Cl Trumpler   14    35 B"	"*"	"Cl Trumpler   14    35 B"
"Cl Trumpler   16    31"	"Y*?"	"Cl Trumpler   16    31"
"Cl Melotte  101     1"	"*"	"Cl Melotte  101     1"
"Cl Melotte  101     2"	"Pe*"	"Cl Melotte  101     2"
"Cl Melotte  101     3"	"*"	"Cl Melotte  101     3"
"Cl Melotte  101     4"	"Pe*"	"Cl Melotte  101     4"
"Cl Melotte  101     5"	"*"	"Cl Melotte  101     5"
"Cl Melotte  101     6"	"*"	"Cl Melotte  101     6"
"Cl Melotte  101     7"	"*"	"Cl Melotte  101     7"
"Cl Melotte  101     8"	"*"	"Cl Melotte  101     8"
"Cl Melotte  101     9"	"Pe*"	"Cl Melotte  101     9"
"Cl Melotte  101    10"	"*"	"Cl Melotte  101    10"
"Cl Melotte  101    11"	"*"	"Cl Melotte  101    11"
"Cl Melotte  101    12"	"Pe*"	"Cl Melotte  101    12"
"Cl Melotte  101    13"	"Pe*"	"Cl Melotte  101    13"
"Cl Melotte  101    14"	"*"	"Cl Melotte  101    14"
"Cl Melotte  101    16"	"Pe*"	"Cl Melotte  101    16"
"Cl Melotte  101    17"	"*"	"Cl Melotte  101    17"
"Cl Melotte  101    18"	"*"	"Cl Melotte  101    18"
"Cl Melotte  101    20"	"*"	"Cl Melotte  101    20"
"Cl Melotte  101    22"	"*"	"Cl Melotte  101    22"
"Cl Melotte  101"	"OpC"	"Cl Melotte  101"
"Cl Collinder  229"	"OpC"	"Cl Melotte  102"
"Cl Melotte  102"	"OpC"	"Cl Melotte  102"
"Cl Collinder  229"	"OpC"	"IC 2602"
"Cl Melotte  102"	"OpC"	"IC 2602"
"Cl Collinder  229"	"OpC"	"NAME THETA CAR Cluster"
"Cl Melotte  102"	"OpC"	"NAME THETA CAR Cluster"
"Cl Collinder  229"	"OpC"	"NAME tet Car Cluster"
"Cl Melotte  102"	"OpC"	"NAME tet Car Cluster"
"Cl Collinder  229"	"OpC"	"Cl Collinder  229"
"Cl Melotte  102"	"OpC"	"Cl Collinder  229"
"Cl Trumpler   19"	"OpC"	"Cl Trumpler   19"
"Cl Stock   13    19"	"*"	"Cl Stock   13    19"
"Cl Stock   13     1"	"*"	"Cl Stock   13     1"
"Cl Stock   13     4"	"*"	"Cl Stock   13     4"
"Cl Stock   13     5"	"*"	"Cl Stock   13     5"
"Cl Stock   13     3"	"**"	"Cl Stock   13     3"
"Cl Stock   13     2"	"*"	"Cl Stock   13     2"
"Cl Trumpler   18    81"	"*"	"Cl Trumpler   18    81"
"Cl Trumpler   18    45"	"*"	"Cl Trumpler   18    45"
"Cl Trumpler   18    36"	"*"	"Cl Trumpler   18    36"
"Cl Stock   13"	"OpC"	"Cl Stock   13"
"Cl Trumpler   18"	"OpC"	"Cl Trumpler   18"
"Cl Collinder  240"	"OpC"	"Cl Collinder  240"
"Cl Collinder  237"	"OpC"	"Cl Collinder  237"
"Cl Collinder  237"	"OpC"	"NGC  3496"
"Cl Trumpler   18    55"	"*"	"Cl Trumpler   18    55"
"Cl Trumpler   18    71"	"*"	"Cl Trumpler   18    71"
"Cl Trumpler   18    19"	"*"	"Cl Trumpler   18    19"
"Cl Ruprecht   93"	"OpC"	"NGC  3519"
"Cl Collinder  236"	"OpC"	"Cl Collinder  236"
"Cl Collinder  248"	"OpC"	"Cl Collinder  248"
"Cl Collinder  248"	"OpC"	"NGC  3766"
"Cl Melotte  105"	"OpC"	"Cl Melotte  105"
"Cl Collinder  245"	"OpC"	"Cl Collinder  245"
"Cl Collinder  245"	"OpC"	"IC 2714"
"Cl Melotte  105    23"	"*"	"Cl Melotte  105    23"
"Cl Melotte  105     9"	"SB*"	"Cl Melotte  105     9"
"Cl Melotte  105    93"	"*"	"Cl Melotte  105    93"
"Cl Melotte  105     1"	"*"	"Cl Melotte  105     1"
"Cl Melotte  105    94"	"*"	"Cl Melotte  105    94"
"Cl Melotte  105     3"	"*"	"Cl Melotte  105     3"
"Cl Melotte  105    95"	"*"	"Cl Melotte  105    95"
"Cl Melotte  105     2"	"*"	"Cl Melotte  105     2"
"Cl Melotte  105    96"	"*"	"Cl Melotte  105    96"
"Cl Melotte  105     4"	"*"	"Cl Melotte  105     4"
"Cl Melotte  105    88"	"*"	"Cl Melotte  105    88"
"Cl Melotte  105    28"	"*"	"Cl Melotte  105    28"
"Cl Melotte  105    29"	"*"	"Cl Melotte  105    29"
"Cl Melotte  105    89"	"*"	"Cl Melotte  105    89"
"Cl Melotte  105    30"	"*"	"Cl Melotte  105    30"
"Cl Melotte  105    60"	"*"	"Cl Melotte  105    60"
"Cl Melotte  105     5"	"*"	"Cl Melotte  105     5"
"Cl Melotte  105    65"	"*"	"Cl Melotte  105    65"
"Cl Melotte  105    91"	"*"	"Cl Melotte  105    91"
"Cl Melotte  105    66"	"*"	"Cl Melotte  105    66"
"Cl Melotte  105    58"	"*"	"Cl Melotte  105    58"
"Cl Melotte  105    92"	"*"	"Cl Melotte  105    92"
"Cl Melotte  105    40"	"*"	"Cl Melotte  105    40"
"Cl Melotte  105    64"	"*"	"Cl Melotte  105    64"
"Cl Melotte  105    63"	"*"	"Cl Melotte  105    63"
"Cl Melotte  105    39"	"*"	"Cl Melotte  105    39"
"Cl Melotte  105    41"	"*"	"Cl Melotte  105    41"
"Cl Melotte  105    37"	"*"	"Cl Melotte  105    37"
"Cl Melotte  105    57"	"*"	"Cl Melotte  105    57"
"Cl Melotte  105    42"	"*"	"Cl Melotte  105    42"
"Cl Melotte  105     6"	"*"	"Cl Melotte  105     6"
"Cl Melotte  105    86"	"*"	"Cl Melotte  105    86"
"Cl Melotte  105    32"	"*"	"Cl Melotte  105    32"
"Cl Melotte  105    33"	"*"	"Cl Melotte  105    33"
"Cl Melotte  105    68"	"*"	"Cl Melotte  105    68"
"Cl Melotte  105    69"	"*"	"Cl Melotte  105    69"
"Cl Melotte  105    36"	"*"	"Cl Melotte  105    36"
"Cl Melotte  105    34"	"*"	"Cl Melotte  105    34"
"Cl Melotte  105    35"	"EB*"	"Cl Melotte  105    35"
"Cl Melotte  105    80"	"*"	"Cl Melotte  105    80"
"Cl Melotte  105    70"	"*"	"Cl Melotte  105    70"
"Cl Melotte  105     7"	"*"	"Cl Melotte  105     7"
"Cl Melotte  105    47"	"*"	"Cl Melotte  105    47"
"Cl Melotte  105    46"	"*"	"Cl Melotte  105    46"
"Cl Melotte  105    71"	"*"	"Cl Melotte  105    71"
"Cl Melotte  105    72"	"*"	"Cl Melotte  105    72"
"Cl Melotte  105    82"	"*"	"Cl Melotte  105    82"
"Cl Melotte  105    81"	"*"	"Cl Melotte  105    81"
"Cl Melotte  105    12"	"*"	"Cl Melotte  105    12"
"Cl Melotte  105    52"	"*"	"Cl Melotte  105    52"
"Cl Melotte  105    10"	"*"	"Cl Melotte  105    10"
"Cl Melotte  105    74"	"*"	"Cl Melotte  105    74"
"Cl Melotte  105    75"	"*"	"Cl Melotte  105    75"
"Cl Melotte  105    54"	"*"	"Cl Melotte  105    54"
"Cl Melotte  105    15"	"*"	"Cl Melotte  105    15"
"Cl Melotte  105    49"	"*"	"Cl Melotte  105    49"
"Cl Melotte  105     8"	"*"	"Cl Melotte  105     8"
"Cl Melotte  105    76"	"*"	"Cl Melotte  105    76"
"Cl Melotte  105    13"	"*"	"Cl Melotte  105    13"
"Cl Melotte  105    14"	"*"	"Cl Melotte  105    14"
"Cl Melotte  105    11"	"*"	"Cl Melotte  105    11"
"Cl Melotte  105    78"	"*"	"Cl Melotte  105    78"
"Cl Melotte  105    45"	"*"	"Cl Melotte  105    45"
"Cl Melotte  105    62"	"*"	"Cl Melotte  105    62"
"Cl Melotte  105    73"	"*"	"Cl Melotte  105    73"
"Cl Melotte  105    87"	"*"	"Cl Melotte  105    87"
"Cl Melotte    5"	"OpC"	"Cl Melotte    5"
"Cl Melotte    5"	"OpC"	"NGC   371"
"Cl Melotte    4"	"GlC"	"Cl Melotte    4"
"Cl Melotte    4"	"GlC"	"NGC   362"
"Cl Melotte  108"	"OpC"	"Cl Melotte  108"
"Cl Melotte  108"	"OpC"	"NGC  3960"
"Cl Stock   14    13"	"bC*"	"Cl Stock   14    13"
"Cl Stock   14     3"	"*"	"Cl Stock   14     3"
"Cl Stock   14     2"	"*"	"Cl Stock   14     2"
"Cl Stock   14     1"	"*"	"Cl Stock   14     1"
"Cl Stock   14     6"	"*"	"Cl Stock   14     6"
"Cl Stock   14     5"	"bC?"	"Cl Stock   14     5"
"Cl Stock   14     7"	"cC*"	"Cl Stock   14     7"
"Cl Stock   14    11"	"*"	"Cl Stock   14    11"
"Cl Stock   14    12"	"EB*"	"Cl Stock   14    12"
"Cl Stock   14"	"OpC"	"Cl Stock   14"
"Cl Stock   14     4"	"LP*"	"Cl Stock   14     4"
"Cl Stock   14     8"	"*"	"Cl Stock   14     8"
"Cl Stock   14    14"	"bC*"	"Cl Stock   14    14"
"Cl Collinder  249"	"OpC"	"Cl Collinder  249"
"Cl Stock   14     9"	"*"	"Cl Stock   14     9"
"Cl Stock   14    15"	"*"	"Cl Stock   14    15"
"Cl Stock   14    10"	"*"	"Cl Stock   14    10"
"Cl Stock   14    16"	"*"	"Cl Stock   14    16"
"Cl Stock   14    17"	"*"	"Cl Stock   14    17"
"Cl Stock   14    18"	"*"	"Cl Stock   14    18"
"Cl Stock   14    19"	"*"	"Cl Stock   14    19"
"Cl Stock   14    20"	"*"	"Cl Stock   14    20"
"Cl Stock   14    21"	"*"	"Cl Stock   14    21"
"Cl Stock   14    23"	"*"	"Cl Stock   14    23"
"Cl Stock   14    24"	"*"	"Cl Stock   14    24"
"Cl Stock   14    25"	"SB*"	"Cl Stock   14    25"
"Cl Stock   14    26"	"*"	"Cl Stock   14    26"
"Cl Stock   14    27"	"*"	"Cl Stock   14    27"
"Cl Stock   14    28"	"*"	"Cl Stock   14    28"
"Cl Stock   14    29"	"*"	"Cl Stock   14    29"
"Cl Stock   14    30"	"*"	"Cl Stock   14    30"
"Cl Stock   14    31"	"*"	"Cl Stock   14    31"
"Cl Stock   14    32"	"*"	"Cl Stock   14    32"
"Cl Stock   14    33"	"*"	"Cl Stock   14    33"
"Cl Stock   14    34"	"*"	"Cl Stock   14    34"
"Cl Stock   14    35"	"*"	"Cl Stock   14    35"
"Cl Stock   14    46"	"*"	"Cl Stock   14    46"
"Cl Stock   14    47"	"*"	"Cl Stock   14    47"
"Cl Stock   14    36"	"*"	"Cl Stock   14    36"
"Cl Stock   14    37"	"*"	"Cl Stock   14    37"
"Cl Stock   14    38"	"*"	"Cl Stock   14    38"
"Cl Stock   14    39"	"*"	"Cl Stock   14    39"
"Cl Stock   14    40"	"*"	"Cl Stock   14    40"
"Cl Stock   14    41"	"*"	"Cl Stock   14    41"
"Cl Stock   14    42"	"*"	"Cl Stock   14    42"
"Cl Stock   14    43"	"*"	"Cl Stock   14    43"
"Cl Stock   14    44"	"*"	"Cl Stock   14    44"
"Cl Stock   14    45"	"*"	"Cl Stock   14    45"
"Cl Stock   14    48"	"*"	"Cl Stock   14    48"
"Cl Stock   14    49"	"*"	"Cl Stock   14    49"
"Cl Stock   14    50"	"*"	"Cl Stock   14    50"
"Cl Stock   14    51"	"*"	"Cl Stock   14    51"
"Cl Stock   14    52"	"*"	"Cl Stock   14    52"
"Cl Stock   14    53"	"*"	"Cl Stock   14    53"
"Cl Stock   14    54"	"*"	"Cl Stock   14    54"
"Cl Stock   14    55"	"*"	"Cl Stock   14    55"
"Cl Stock   14    56"	"*"	"Cl Stock   14    56"
"Cl Stock   14    57"	"*"	"Cl Stock   14    57"
"Cl Stock   14    58"	"*"	"Cl Stock   14    58"
"Cl Stock   14    59"	"*"	"Cl Stock   14    59"
"Cl Stock   14    60"	"*"	"Cl Stock   14    60"
"Cl Stock   14    61"	"*"	"Cl Stock   14    61"
"Cl Stock   14    62"	"*"	"Cl Stock   14    62"
"Cl Stock   14    63"	"*"	"Cl Stock   14    63"
"Cl Stock   14    64"	"*"	"Cl Stock   14    64"
"Cl Stock   14    65"	"*"	"Cl Stock   14    65"
"Cl Melotte    1"	"GlC"	"Cl Melotte    1"
"Cl Melotte    1"	"GlC"	"NGC   104"
"Cl Melotte    1"	"GlC"	"NAME 47 Tuc Cluster"
"Cl Collinder  252"	"OpC"	"Cl Collinder  252"
"Cl Melotte  109"	"OpC"	"Cl Collinder  252"
"Cl Collinder  252"	"OpC"	"NGC  4103"
"Cl Melotte  109"	"OpC"	"NGC  4103"
"Cl Collinder  252"	"OpC"	"Cl Melotte  109"
"Cl Melotte  109"	"OpC"	"Cl Melotte  109"
"Cl Stock   15"	"OpC"	"Cl Stock   15"
"Cl Ruprecht  102"	"OpC"	"NGC  4184"
"Cl Collinder  258     2"	"Be*"	"Cl Collinder  258     2"
"Cl Collinder  258     3"	"*"	"Cl Collinder  258     3"
"Cl Collinder  258    18"	"*"	"Cl Collinder  258    18"
"Cl Collinder  258    17"	"*"	"Cl Collinder  258    17"
"Cl Collinder  258    16"	"*"	"Cl Collinder  258    16"
"Cl Collinder  258    23"	"*"	"Cl Collinder  258    23"
"Cl Collinder  258    25"	"V*"	"Cl Collinder  258    25"
"Cl Collinder  258    15"	"*"	"Cl Collinder  258    15"
"Cl Collinder  258     1"	"*"	"Cl Collinder  258     1"
"Cl Collinder  258     7"	"*"	"Cl Collinder  258     7"
"Cl Collinder  258    14"	"**"	"Cl Collinder  258    14"
"Cl Collinder  258     8"	"*"	"Cl Collinder  258     8"
"Cl Collinder  258    11"	"*"	"Cl Collinder  258    11"
"Cl Collinder  258     9"	"*"	"Cl Collinder  258     9"
"Cl Collinder  258    10"	"*"	"Cl Collinder  258    10"
"Cl Collinder  258    22"	"*"	"Cl Collinder  258    22"
"Cl Collinder  258     6"	"*"	"Cl Collinder  258     6"
"Cl Collinder  258    19"	"*"	"Cl Collinder  258    19"
"Cl Collinder  258    20"	"*"	"Cl Collinder  258    20"
"Cl Collinder  258    21"	"*"	"Cl Collinder  258    21"
"Cl Harvard    5"	"OpC"	"Cl Collinder  258"
"Cl Collinder  258"	"OpC"	"Cl Collinder  258"
"Cl Trumpler   20"	"OpC"	"Cl Trumpler   20"
"Cl Collinder  258    13"	"*"	"Cl Collinder  258    13"
"Cl Collinder  258    12"	"*"	"Cl Collinder  258    12"
"Cl Collinder  258     5"	"*"	"Cl Collinder  258     5"
"Cl Collinder  258     4"	"*"	"Cl Collinder  258     4"
"Cl Collinder  258    24"	"*"	"Cl Collinder  258    24"
"Cl Melotte  114"	"OpC"	"NAME kap Cru Cluster"
"Cl Melotte  114"	"OpC"	"NAME Jewel Box"
"Cl Melotte  114"	"OpC"	"NAME kappa Crucis Cluster"
"Cl Melotte  114"	"OpC"	"NAME Herschel's Jewel Box"
"Cl Melotte  114"	"OpC"	"Cl Melotte  114"
"Cl Melotte  114"	"OpC"	"NGC  4755"
"Cl Collinder  268     1"	"*"	"Cl Collinder  268     1"
"Cl Melotte  227    24"	"Pu*"	"Cl Melotte  227    24"
"Cl Stock   16    27"	"*"	"Cl Stock   16    27"
"Cl Stock   16"	"OpC"	"Cl Stock   16"
"Cl Stock   16    26"	"*"	"Cl Stock   16    26"
"Cl Stock   16    29"	"*"	"Cl Stock   16    29"
"Cl Stock   16   100"	"*"	"Cl Stock   16   100"
"Cl Stock   16    10"	"*"	"Cl Stock   16    10"
"Cl Stock   16   107"	"*"	"Cl Stock   16   107"
"Cl Stock   16    14"	"*"	"Cl Stock   16    14"
"Cl Stock   16    90"	"*"	"Cl Stock   16    90"
"Cl Stock   16    25"	"*"	"Cl Stock   16    25"
"Cl Stock   16    75"	"*"	"Cl Stock   16    75"
"Cl Stock   16    64"	"*"	"Cl Stock   16    64"
"Cl Stock   16    23"	"*"	"Cl Stock   16    23"
"Cl Stock   16    71"	"*"	"Cl Stock   16    71"
"Cl Stock   16    46"	"*"	"Cl Stock   16    46"
"Cl Stock   16    12"	"*"	"Cl Stock   16    12"
"Cl Stock   16     9"	"*"	"Cl Stock   16     9"
"Cl Stock   16    97"	"*"	"Cl Stock   16    97"
"Cl Stock   16    62"	"*"	"Cl Stock   16    62"
"Cl Stock   16    34"	"*"	"Cl Stock   16    34"
"Cl Stock   16   103"	"*"	"Cl Stock   16   103"
"Cl Stock   16     1"	"*"	"Cl Stock   16     1"
"Cl Stock   16    53"	"*"	"Cl Stock   16    53"
"Cl Stock   16    94"	"*"	"Cl Stock   16    94"
"Cl Stock   16    58"	"*"	"Cl Stock   16    58"
"Cl Stock   16    96"	"*"	"Cl Stock   16    96"
"Cl Stock   16    33"	"*"	"Cl Stock   16    33"
"Cl Stock   16    61"	"*"	"Cl Stock   16    61"
"Cl Stock   16    31"	"*"	"Cl Stock   16    31"
"Cl Stock   16    45"	"V*"	"Cl Stock   16    45"
"Cl Stock   16     8"	"*"	"Cl Stock   16     8"
"Cl Stock   16    89"	"*"	"Cl Stock   16    89"
"Cl Stock   16    28"	"*"	"Cl Stock   16    28"
"Cl Stock   16    30"	"*"	"Cl Stock   16    30"
"Cl Stock   16    70"	"*"	"Cl Stock   16    70"
"Cl Stock   16    91"	"*"	"Cl Stock   16    91"
"Cl Stock   16    59"	"*"	"Cl Stock   16    59"
"Cl Stock   16   106"	"*"	"Cl Stock   16   106"
"Cl Stock   16    41"	"*"	"Cl Stock   16    41"
"Cl Stock   16    98"	"*"	"Cl Stock   16    98"
"Cl Stock   16    35"	"*"	"Cl Stock   16    35"
"Cl Stock   16    44"	"*"	"Cl Stock   16    44"
"Cl Stock   16    47"	"*"	"Cl Stock   16    47"
"Cl Stock   16   102"	"*"	"Cl Stock   16   102"
"Cl Stock   16    73"	"*"	"Cl Stock   16    73"
"Cl Stock   16    54"	"*"	"Cl Stock   16    54"
"Cl Stock   16    51"	"*"	"Cl Stock   16    51"
"Cl Stock   16    95"	"*"	"Cl Stock   16    95"
"Cl Stock   16    40"	"*"	"Cl Stock   16    40"
"Cl Stock   16    69"	"*"	"Cl Stock   16    69"
"Cl Stock   16    99"	"*"	"Cl Stock   16    99"
"Cl Stock   16    24"	"*"	"Cl Stock   16    24"
"Cl Stock   16    66"	"*"	"Cl Stock   16    66"
"Cl Stock   16    60"	"*"	"Cl Stock   16    60"
"Cl Stock   16     7"	"*"	"Cl Stock   16     7"
"Cl Stock   16    57"	"*"	"Cl Stock   16    57"
"Cl Stock   16    56"	"*"	"Cl Stock   16    56"
"Cl Stock   16    20"	"*"	"Cl Stock   16    20"
"Cl Stock   16    17"	"*"	"Cl Stock   16    17"
"Cl Stock   16   104"	"*"	"Cl Stock   16   104"
"Cl Stock   16     6"	"*"	"Cl Stock   16     6"
"Cl Stock   16    63"	"*"	"Cl Stock   16    63"
"Cl Stock   16    32"	"*"	"Cl Stock   16    32"
"Cl Stock   16    77"	"*"	"Cl Stock   16    77"
"Cl Stock   16    42"	"*"	"Cl Stock   16    42"
"Cl Stock   16    65"	"*"	"Cl Stock   16    65"
"Cl Stock   16   105"	"*"	"Cl Stock   16   105"
"Cl Stock   16    16"	"*"	"Cl Stock   16    16"
"Cl Stock   16    39"	"*"	"Cl Stock   16    39"
"Cl Stock   16    52"	"*"	"Cl Stock   16    52"
"Cl Stock   16     3"	"*"	"Cl Stock   16     3"
"Cl Stock   16     5"	"*"	"Cl Stock   16     5"
"Cl Stock   16    11"	"*"	"Cl Stock   16    11"
"Cl Stock   16    37"	"*"	"Cl Stock   16    37"
"Cl Stock   16    68"	"*"	"Cl Stock   16    68"
"Cl Stock   16    93"	"*"	"Cl Stock   16    93"
"Cl Stock   16    48"	"*"	"Cl Stock   16    48"
"Cl Stock   16    38"	"*"	"Cl Stock   16    38"
"Cl Stock   16    43"	"*"	"Cl Stock   16    43"
"Cl Stock   16    92"	"*"	"Cl Stock   16    92"
"Cl Stock   16    36"	"*"	"Cl Stock   16    36"
"Cl Stock   16     2"	"*"	"Cl Stock   16     2"
"Cl Stock   16     4"	"*"	"Cl Stock   16     4"
"Cl Stock   16    50"	"*"	"Cl Stock   16    50"
"Cl Stock   16    67"	"*"	"Cl Stock   16    67"
"Cl Stock   16    15"	"*"	"Cl Stock   16    15"
"Cl Stock   16    74"	"*"	"Cl Stock   16    74"
"Cl Stock   16    22"	"*"	"Cl Stock   16    22"
"Cl Stock   16    49"	"*"	"Cl Stock   16    49"
"Cl Stock   16    13"	"*"	"Cl Stock   16    13"
"Cl Stock   16    18"	"*"	"Cl Stock   16    18"
"Cl Stock   16   101"	"*"	"Cl Stock   16   101"
"Cl Stock   16    72"	"*"	"Cl Stock   16    72"
"Cl Stock   16    55"	"*"	"Cl Stock   16    55"
"Cl Ruprecht  166"	"OpC"	"NGC  5120"
"Cl Collinder  271     9"	"*"	"Cl Collinder  271     9"
"Cl Collinder  271    10"	"SB*"	"Cl Collinder  271    10"
"Cl Collinder  271     1"	"*"	"Cl Collinder  271     1"
"Cl Collinder  271     5"	"*"	"Cl Collinder  271     5"
"Cl Collinder  271     4"	"*"	"Cl Collinder  271     4"
"Cl Collinder  271     6"	"*"	"Cl Collinder  271     6"
"Cl Collinder  271     8"	"*"	"Cl Collinder  271     8"
"Cl Collinder  271     7"	"*"	"Cl Collinder  271     7"
"Cl Collinder  271     2"	"Pu*"	"Cl Collinder  271     2"
"Cl Collinder  271     3"	"*"	"Cl Collinder  271     3"
"Cl Collinder  271"	"OpC"	"Cl Collinder  271"
"Cl Collinder  269"	"OpC"	"Cl Collinder  269"
"Cl Melotte  227    17"	"dS*"	"Cl Melotte  227    17"
"Cl Melotte  227    16"	"*"	"Cl Melotte  227    16"
"Cl Melotte  227    26"	"**"	"Cl Melotte  227    26"
"Cl Melotte  227    15"	"*"	"Cl Melotte  227    15"
"Cl Melotte  227    13"	"PM*"	"Cl Melotte  227    13"
"Cl Melotte  227    29"	"*"	"Cl Melotte  227    29"
"Cl Melotte  227    12"	"*"	"Cl Melotte  227    12"
"Cl Melotte  227    25"	"*"	"Cl Melotte  227    25"
"Cl Melotte  227"	"OpC"	"Cl Melotte  227"
"Cl Collinder  411"	"OpC"	"Cl Melotte  227"
"Cl Melotte  227"	"OpC"	"Cl Collinder  411"
"Cl Collinder  411"	"OpC"	"Cl Collinder  411"
"Cl Melotte  227    28"	"a2*"	"Cl Melotte  227    28"
"Cl Melotte  227    11"	"*"	"Cl Melotte  227    11"
"Cl Melotte  227    27"	"**"	"Cl Melotte  227    27"
"Cl Melotte  227    23"	"*"	"Cl Melotte  227    23"
"Cl Melotte  227    21"	"PM*"	"Cl Melotte  227    21"
"Cl Melotte  227    20"	"*"	"Cl Melotte  227    20"
"Cl Melotte  227    19"	"*"	"Cl Melotte  227    19"
"Cl Melotte  227    22"	"*"	"Cl Melotte  227    22"
"Cl Melotte  227    10"	"*"	"Cl Melotte  227    10"
"Cl Melotte  227     9"	"PM*"	"Cl Melotte  227     9"
"Cl Melotte  227     7"	"*"	"Cl Melotte  227     7"
"Cl Melotte  227     5"	"*"	"Cl Melotte  227     5"
"Cl Melotte  227    18"	"*"	"Cl Melotte  227    18"
"Cl Melotte  227     8"	"PM*"	"Cl Melotte  227     8"
"Cl Collinder  275"	"OpC"	"Cl Collinder  275"
"Cl Collinder  272"	"OpC"	"Cl Collinder  272"
"Cl Pismis   18"	"OpC"	"IC 4291"
"Cl Trumpler   21    11"	"*"	"Cl Trumpler   21    11"
"Cl Trumpler   21     8"	"*"	"Cl Trumpler   21     8"
"Cl Trumpler   21     1"	"Pu*"	"Cl Trumpler   21     1"
"Cl Trumpler   21     4"	"*"	"Cl Trumpler   21     4"
"Cl Trumpler   21    12"	"*"	"Cl Trumpler   21    12"
"Cl Trumpler   21     7"	"*"	"Cl Trumpler   21     7"
"Cl Trumpler   21     3"	"*"	"Cl Trumpler   21     3"
"Cl Trumpler   21    19"	"*"	"Cl Trumpler   21    19"
"Cl Trumpler   21    20"	"*"	"Cl Trumpler   21    20"
"Cl Trumpler   21    21"	"*"	"Cl Trumpler   21    21"
"Cl Trumpler   21    22"	"*"	"Cl Trumpler   21    22"
"Cl Trumpler   21    23"	"*"	"Cl Trumpler   21    23"
"Cl Trumpler   21    24"	"*"	"Cl Trumpler   21    24"
"Cl Collinder  272    10"	"*"	"Cl Collinder  272    10"
"Cl Collinder  272   103"	"*"	"Cl Collinder  272   103"
"Cl Trumpler   21     9"	"*"	"Cl Trumpler   21     9"
"Cl Trumpler   21    16"	"*"	"Cl Trumpler   21    16"
"Cl Trumpler   21    13"	"*"	"Cl Trumpler   21    13"
"Cl Trumpler   21     2"	"*"	"Cl Trumpler   21     2"
"Cl Trumpler   21    15"	"*"	"Cl Trumpler   21    15"
"Cl Trumpler   21     6"	"Y*?"	"Cl Trumpler   21     6"
"Cl Trumpler   21    17"	"PM*"	"Cl Trumpler   21    17"
"Cl Melotte  120"	"OpC"	"Cl Melotte  120"
"Cl Collinder  276"	"OpC"	"Cl Melotte  120"
"Cl Melotte  120"	"OpC"	"NGC  5281"
"Cl Collinder  276"	"OpC"	"NGC  5281"
"Cl Melotte  120"	"OpC"	"Cl Collinder  276"
"Cl Collinder  276"	"OpC"	"Cl Collinder  276"
"Cl Collinder  278"	"OpC"	"NGC  5288"
"Cl Collinder  278"	"OpC"	"Cl Collinder  278"
"Cl Trumpler   21     5"	"*"	"Cl Trumpler   21     5"
"Cl Trumpler   21    10"	"*"	"Cl Trumpler   21    10"
"Cl Trumpler   21    14"	"*"	"Cl Trumpler   21    14"
"Cl Trumpler   21    18"	"*"	"Cl Trumpler   21    18"
"Cl Platais   12"	"OpC"	"NAME HIP 67740 Cluster"
"Cl Collinder  274"	"OpC"	"Cl Trumpler   21"
"Cl Trumpler   21"	"OpC"	"Cl Trumpler   21"
"Cl Collinder  274"	"OpC"	"Cl Collinder  274"
"Cl Trumpler   21"	"OpC"	"Cl Collinder  274"
"Cl Collinder  277"	"OpC"	"Cl Collinder  277"
"Cl Platais   11"	"OpC"	"NAME HIP 67330 Cluster"
"Cl Platais   10"	"OpC"	"NAME HIP 67014 Cluster"
"Cl Collinder  281"	"OpC"	"Cl Collinder  281"
"Cl Collinder  281"	"OpC"	"NGC  5606"
"Cl Trumpler   22    52"	"*"	"Cl Trumpler   22    52"
"Cl Trumpler   22"	"OpC"	"Cl Trumpler   22"
"Cl Pismis   21"	"OpC"	"NAME HD 135159 Group"
"Cl Melotte  130"	"OpC"	"Cl Melotte  130"
"Cl Melotte  130"	"OpC"	"NGC  5822"
"Cl Melotte  131"	"OpC"	"Cl Melotte  131"
"Cl Melotte  131"	"OpC"	"NGC  5823"
"Cl Melotte  137"	"OpC"	"NGC  5999"
"Cl Melotte  137"	"OpC"	"Cl Melotte  137"
"Cl Melotte  138"	"OpC"	"Cl Melotte  138"
"Cl Melotte  138"	"OpC"	"NGC  6005"
"Cl Collinder  292"	"OpC"	"Cl Collinder  292"
"Cl Trumpler   23"	"OpC"	"Cl Trumpler   23"
"Cl Moffat    1"	"OpC"	"NAME Moffat 1"
"Cl Moffat    1"	"OpC"	"NAME MOFFAT CL"
"Cl Collinder  297"	"OpC"	"Cl Collinder  297"
"Cl Collinder  297"	"OpC"	"NGC  6031"
"Cl Melotte  140"	"OpC"	"Cl Melotte  140"
"Cl Melotte  140"	"OpC"	"NGC  6067"
"Cl Collinder  299"	"OpC"	"Cl Collinder  299"
"Cl Harvard   10"	"OpC"	"Cl Collinder  299"
"Cl Ruprecht  118"	"OpC"	"NGC  6115"
"Cl Collinder  313"	"OpC"	"NGC  6208"
"Cl Collinder  313"	"OpC"	"Cl Collinder  313"
"Cl Melotte  156"	"OpC"	"Cl Melotte  156"
"Cl Melotte  156"	"OpC"	"NGC  6253"
"Cl Melotte  146"	"OpC"	"Cl Melotte  146"
"Cl Collinder  303"	"OpC"	"Cl Melotte  146"
"Cl Melotte  146"	"OpC"	"NGC  6134"
"Cl Collinder  303"	"OpC"	"NGC  6134"
"Cl Melotte  146"	"OpC"	"Cl Collinder  303"
"Cl Collinder  303"	"OpC"	"Cl Collinder  303"
"Cl Collinder  307"	"OpC"	"Cl Collinder  307"
"Cl Collinder  312"	"OpC"	"NGC  6204"
"Cl Collinder  312"	"OpC"	"Cl Collinder  312"
"Cl Melotte  169"	"OpC"	"Cl Melotte  169"
"Cl Melotte  169"	"OpC"	"IC 4651"
"Cl Collinder  309"	"OpC"	"Cl Collinder  309"
"Cl Collinder  309"	"OpC"	"NGC  6192"
"Cl Westerlund    1"	"OpC"	"NAME Ara Cluster"
"Cl Collinder  347     1"	"*"	"Cl Collinder  347     1"
"Cl Collinder  205     5"	"*"	"Cl Collinder  205     5"
"Cl Collinder  205     6"	"*"	"Cl Collinder  205     6"
"Cl Collinder  205     7"	"*"	"Cl Collinder  205     7"
"Cl Collinder  205     8"	"*"	"Cl Collinder  205     8"
"Cl Collinder  205     9"	"*"	"Cl Collinder  205     9"
"Cl Collinder  205    10"	"*"	"Cl Collinder  205    10"
"Cl Collinder  205    11"	"*"	"Cl Collinder  205    11"
"Cl Collinder  205    12"	"*"	"Cl Collinder  205    12"
"Cl Collinder  205    14"	"*"	"Cl Collinder  205    14"
"Cl Collinder  205    15"	"*"	"Cl Collinder  205    15"
"Cl Collinder  205    16"	"*"	"Cl Collinder  205    16"
"Cl Collinder  205    17"	"*"	"Cl Collinder  205    17"
"Cl Collinder  205    18"	"*"	"Cl Collinder  205    18"
"Cl Trumpler   10   212"	"*"	"Cl Trumpler   10   212"
"Cl Trumpler   16    64"	"*"	"Cl Trumpler   16    64"
"Cl Trumpler   16    65"	"*"	"Cl Trumpler   16    65"
"Cl Trumpler   16    66"	"*"	"Cl Trumpler   16    66"
"Cl Trumpler   16   140"	"*"	"Cl Trumpler   16   140"
"Cl Trumpler   16   141"	"*"	"Cl Trumpler   16   141"
"Cl Trumpler   16   143"	"*"	"Cl Trumpler   16   143"
"Cl Trumpler   16   144"	"*"	"Cl Trumpler   16   144"
"Cl Trumpler   16   145"	"*"	"Cl Trumpler   16   145"
"Cl Trumpler   16   146"	"*"	"Cl Trumpler   16   146"
"Cl Trumpler   16   167"	"*"	"Cl Trumpler   16   167"
"Cl Trumpler   17     4"	"*"	"Cl Trumpler   17     4"
"Cl Trumpler   17     5"	"*"	"Cl Trumpler   17     5"
"Cl Trumpler   17    59"	"*"	"Cl Trumpler   17    59"
"Cl Trumpler   17    60"	"*"	"Cl Trumpler   17    60"
"Cl Trumpler   18     3"	"*"	"Cl Trumpler   18     3"
"Cl Trumpler   18     4"	"*"	"Cl Trumpler   18     4"
"Cl Trumpler   18     5"	"*"	"Cl Trumpler   18     5"
"Cl Trumpler   18     6"	"*"	"Cl Trumpler   18     6"
"Cl Trumpler   18     8"	"*"	"Cl Trumpler   18     8"
"Cl Trumpler   18    14"	"*"	"Cl Trumpler   18    14"
"Cl Trumpler   18    15"	"*"	"Cl Trumpler   18    15"
"Cl Trumpler   18    32"	"*"	"Cl Trumpler   18    32"
"Cl Trumpler   18    41"	"*"	"Cl Trumpler   18    41"
"Cl Trumpler   18    47"	"*"	"Cl Trumpler   18    47"
"Cl Trumpler   18    52"	"*"	"Cl Trumpler   18    52"
"Cl Trumpler   18    53"	"*"	"Cl Trumpler   18    53"
"Cl Trumpler   18    54"	"*"	"Cl Trumpler   18    54"
"Cl Trumpler   18    70"	"*"	"Cl Trumpler   18    70"
"Cl Trumpler   35    59"	"*"	"Cl Trumpler   35    59"
"Cl Trumpler   35    60"	"*"	"Cl Trumpler   35    60"
"Cl Trumpler   35    61"	"*"	"Cl Trumpler   35    61"
"Cl Trumpler   35    63"	"*"	"Cl Trumpler   35    63"
"Cl Trumpler   35    67"	"*"	"Cl Trumpler   35    67"
"Cl Trumpler   35    73"	"*"	"Cl Trumpler   35    73"
"Cl Trumpler   35    80"	"*"	"Cl Trumpler   35    80"
"Cl Trumpler   35    85"	"*"	"Cl Trumpler   35    85"
"Cl Trumpler   35    86"	"*"	"Cl Trumpler   35    86"
"Cl Trumpler   35    87"	"*"	"Cl Trumpler   35    87"
"Cl Trumpler   35    88"	"*"	"Cl Trumpler   35    88"
"Cl Trumpler   35    90"	"*"	"Cl Trumpler   35    90"
"Cl Trumpler   35    91"	"*"	"Cl Trumpler   35    91"
"Cl Trumpler   35   100"	"*"	"Cl Trumpler   35   100"
"Cl Trumpler   35   107"	"*"	"Cl Trumpler   35   107"
"Cl Trumpler   35   301"	"*"	"Cl Trumpler   35   301"
"Cl Trumpler   35   302"	"*"	"Cl Trumpler   35   302"
"Cl Trumpler   35   303"	"*"	"Cl Trumpler   35   303"
"Cl Trumpler   35   304"	"*"	"Cl Trumpler   35   304"
"Cl Collinder  268     2"	"*"	"Cl Collinder  268     2"
"Cl Collinder  268     6"	"*"	"Cl Collinder  268     6"
"Cl Collinder  347     4"	"*"	"Cl Collinder  347     4"
"Cl Collinder  347     5"	"*"	"Cl Collinder  347     5"
"Cl Collinder  347     6"	"EB*"	"Cl Collinder  347     6"
"Cl Collinder  347     7"	"*"	"Cl Collinder  347     7"
"Cl Collinder  347     8"	"*"	"Cl Collinder  347     8"
"Cl Collinder  347     9"	"*"	"Cl Collinder  347     9"
"Cl Collinder  347    10"	"*"	"Cl Collinder  347    10"
"Cl Collinder  347    11"	"Y*?"	"Cl Collinder  347    11"
"Cl Collinder  347    12"	"*"	"Cl Collinder  347    12"
"Cl Collinder  347    13"	"*"	"Cl Collinder  347    13"
"Cl Collinder  347    14"	"*"	"Cl Collinder  347    14"
"Cl Collinder  347    15"	"*"	"Cl Collinder  347    15"
"Cl Collinder  347    17"	"*"	"Cl Collinder  347    17"
"Cl Collinder  347    18"	"V*"	"Cl Collinder  347    18"
"Cl Collinder  347    20"	"*"	"Cl Collinder  347    20"
"Cl Collinder  399   109"	"*"	"Cl Collinder  399   109"
"Cl Collinder  399   110"	"*"	"Cl Collinder  399   110"
"Cl Collinder  399   115"	"*"	"Cl Collinder  399   115"
"Cl Collinder  399   121"	"*"	"Cl Collinder  399   121"
"Cl Collinder  399   122"	"*"	"Cl Collinder  399   122"
"Cl Collinder  399   123"	"*"	"Cl Collinder  399   123"
"Cl Collinder  399   249"	"*"	"Cl Collinder  399   249"
"Cl Collinder  399   250"	"*"	"Cl Collinder  399   250"
"Cl Melotte   20  9532"	"*"	"Cl Melotte   20  9532"
"Cl Melotte   20  9551"	"*"	"Cl Melotte   20  9551"
"Cl Melotte   22  1440"	"*"	"Cl Melotte   22  1440"
"Cl Melotte   22  1628"	"*"	"Cl Melotte   22  1628"
"Cl Melotte   22  1712"	"*"	"Cl Melotte   22  1712"
"Cl Melotte   22  2199"	"*"	"Cl Melotte   22  2199"
"Cl Melotte   22  3034"	"*"	"Cl Melotte   22  3034"
"Cl Melotte   22  3069"	"*"	"Cl Melotte   22  3069"
"Cl Melotte   22  3241"	"*"	"Cl Melotte   22  3241"
"Cl Melotte   25   212"	"*"	"Cl Melotte   25   212"
"Cl Melotte  105    16"	"*"	"Cl Melotte  105    16"
"Cl Melotte  105    17"	"*"	"Cl Melotte  105    17"
"Cl Melotte  105    18"	"*"	"Cl Melotte  105    18"
"Cl Melotte  105    24"	"*"	"Cl Melotte  105    24"
"Cl Melotte  105    25"	"*"	"Cl Melotte  105    25"
"Cl Melotte  111    45"	"*"	"Cl Melotte  111    45"
"Cl Melotte  111   290"	"*"	"Cl Melotte  111   290"
"Cl Melotte  111   292"	"*"	"Cl Melotte  111   292"
"Cl Melotte  111   294"	"*"	"Cl Melotte  111   294"
"Cl Melotte  111   295"	"*"	"Cl Melotte  111   295"
"Cl Melotte  111   296"	"*"	"Cl Melotte  111   296"
"Cl Melotte  111   297"	"*"	"Cl Melotte  111   297"
"Cl Melotte  111   312"	"*"	"Cl Melotte  111   312"
"Cl Melotte  111   316"	"*"	"Cl Melotte  111   316"
"Cl Melotte  111   321"	"*"	"Cl Melotte  111   321"
"Cl Melotte  111   326"	"*"	"Cl Melotte  111   326"
"Cl Melotte  111   327"	"*"	"Cl Melotte  111   327"
"Cl Melotte  111   330"	"*"	"Cl Melotte  111   330"
"Cl Melotte  111   332"	"*"	"Cl Melotte  111   332"
"Cl Melotte  111   336"	"*"	"Cl Melotte  111   336"
"Cl Melotte  111   337"	"*"	"Cl Melotte  111   337"
"Cl Melotte  111   338"	"*"	"Cl Melotte  111   338"
"Cl Melotte  111   343"	"*"	"Cl Melotte  111   343"
"Cl Melotte  111   349"	"*"	"Cl Melotte  111   349"
"Cl Melotte  111   362"	"*"	"Cl Melotte  111   362"
"Cl Melotte  111   363"	"*"	"Cl Melotte  111   363"
"Cl Melotte  111   364"	"*"	"Cl Melotte  111   364"
"Cl Melotte  111   365"	"*"	"Cl Melotte  111   365"
"Cl Melotte  111   366"	"*"	"Cl Melotte  111   366"
"Cl Melotte  111   369"	"*"	"Cl Melotte  111   369"
"Cl Melotte  111   370"	"*"	"Cl Melotte  111   370"
"Cl Melotte  111   374"	"*"	"Cl Melotte  111   374"
"Cl Melotte  111   376"	"*"	"Cl Melotte  111   376"
"Cl Melotte  111   379"	"*"	"Cl Melotte  111   379"
"Cl Melotte  111   380"	"*"	"Cl Melotte  111   380"
"Cl Melotte  111   382"	"*"	"Cl Melotte  111   382"
"Cl Melotte  227     3"	"*"	"Cl Melotte  227     3"
"Cl Melotte   22   651"	"*"	"Cl Melotte   22   651"
"Cl Trumpler   14    67"	"*"	"Cl Trumpler   14    67"
"Cl Trumpler   14    69"	"*"	"Cl Trumpler   14    69"
"Cl Melotte  111  1642"	"*"	"Cl Melotte  111  1642"
"Cl Melotte  111  1641"	"*"	"Cl Melotte  111  1641"
"Cl Melotte   22   869"	"*"	"Cl Melotte   22   869"
"Cl Melotte   66  2277"	"LP*"	"Cl Melotte   66  2277"
"Cl Melotte   66  2239"	"*"	"Cl Melotte   66  2239"
"Cl Melotte   66  4351"	"RB?"	"Cl Melotte   66  4351"
"Cl Stock   16    21"	"*"	"Cl Stock   16    21"
"Cl Melotte   66  4265"	"*"	"Cl Melotte   66  4265"
"Cl Melotte   22   385"	"*"	"Cl Melotte   22   385"
"Cl Melotte   22   424"	"*"	"Cl Melotte   22   424"
"Cl Melotte   22   428"	"*"	"Cl Melotte   22   428"
"Cl Melotte   22   698"	"*"	"Cl Melotte   22   698"
"Cl Melotte   22   862"	"*"	"Cl Melotte   22   862"
"Cl Melotte   22   919"	"*"	"Cl Melotte   22   919"
"Cl Melotte   22   922"	"*"	"Cl Melotte   22   922"
"Cl Melotte   22   936"	"*"	"Cl Melotte   22   936"
"Cl Melotte   22   986"	"*"	"Cl Melotte   22   986"
"Cl Melotte   22   262"	"*"	"Cl Melotte   22   262"
"Cl Melotte   22   575"	"*"	"Cl Melotte   22   575"
"Cl Melotte   22   632"	"*"	"Cl Melotte   22   632"
"Cl Melotte   22   680"	"*"	"Cl Melotte   22   680"
"Cl Melotte   22   769"	"*"	"Cl Melotte   22   769"
"Cl Melotte   22   770"	"*"	"Cl Melotte   22   770"
"Cl Melotte   22   779"	"*"	"Cl Melotte   22   779"
"Cl Melotte   22   791"	"*"	"Cl Melotte   22   791"
"Cl Melotte   22   816"	"*"	"Cl Melotte   22   816"
"Cl Melotte   22   832"	"*"	"Cl Melotte   22   832"
"Cl Melotte   22   866"	"*"	"Cl Melotte   22   866"
"Cl Melotte   22   933"	"*"	"Cl Melotte   22   933"
"Cl Melotte   22   970"	"*"	"Cl Melotte   22   970"
"Cl Melotte   22  1002"	"*"	"Cl Melotte   22  1002"
"Cl Melotte   22  1034"	"*"	"Cl Melotte   22  1034"
"Cl Melotte   22   162"	"*"	"Cl Melotte   22   162"
"Cl Melotte   22  1158"	"*"	"Cl Melotte   22  1158"
"Cl Melotte   22  1217"	"*"	"Cl Melotte   22  1217"
"Cl Melotte   22  1300"	"*"	"Cl Melotte   22  1300"
"Cl Melotte   22  1790"	"*"	"Cl Melotte   22  1790"
"Cl Melotte   22  2030"	"*"	"Cl Melotte   22  2030"
"Cl Melotte   22  2187"	"*"	"Cl Melotte   22  2187"
"Cl Melotte   22  2367"	"*"	"Cl Melotte   22  2367"
"Cl Melotte   22  2698"	"Em*"	"Cl Melotte   22  2698"
"Cl Melotte   66  1230"	"*"	"Cl Melotte   66  1230"
"Cl Melotte   66  2233"	"*"	"Cl Melotte   66  2233"
"Cl Melotte   22  1360"	"Pe*"	"Cl Melotte   22  1360"
"Cl Melotte   66  4229"	"*"	"Cl Melotte   66  4229"
"Cl Melotte   66  3314"	"*"	"Cl Melotte   66  3314"
"Cl Stock    8     1"	"*"	"Cl Stock    8     1"
"Cl Stock    8     2"	"*"	"Cl Stock    8     2"
"Cl Stock    8     3"	"*"	"Cl Stock    8     3"
"Cl Stock    8     4"	"*"	"Cl Stock    8     4"
"Cl Stock    8     5"	"*"	"Cl Stock    8     5"
"Cl Stock    8     6"	"*"	"Cl Stock    8     6"
"Cl Stock    8     7"	"*"	"Cl Stock    8     7"
"Cl Stock    8    12"	"*"	"Cl Stock    8    12"
"Cl Stock    8    15"	"V*"	"Cl Stock    8    15"
"Cl Stock    8    16"	"*"	"Cl Stock    8    16"
"Cl Stock    8    19"	"*"	"Cl Stock    8    19"
"Cl Stock    8    21"	"*"	"Cl Stock    8    21"
"Cl Stock    8    22"	"*"	"Cl Stock    8    22"
"Cl Stock    8    23"	"*"	"Cl Stock    8    23"
"Cl Trumpler    1  1078"	"*"	"Cl Trumpler    1  1078"
"Cl Trumpler    1  1085"	"*"	"Cl Trumpler    1  1085"
"Cl Trumpler    1  1088"	"*"	"Cl Trumpler    1  1088"
"Cl Trumpler    1  1090"	"*"	"Cl Trumpler    1  1090"
"Cl Trumpler    1  1097"	"*"	"Cl Trumpler    1  1097"
"Cl Trumpler    1  1112"	"*"	"Cl Trumpler    1  1112"
"Cl Trumpler    1  1115"	"*"	"Cl Trumpler    1  1115"
"Cl Trumpler    1  1117"	"*"	"Cl Trumpler    1  1117"
"Cl Trumpler    1  1118"	"*"	"Cl Trumpler    1  1118"
"Cl Trumpler    1  1125"	"*"	"Cl Trumpler    1  1125"
"Cl Trumpler    1  1126"	"*"	"Cl Trumpler    1  1126"
"Cl Trumpler    1  1127"	"*"	"Cl Trumpler    1  1127"
"Cl Trumpler    1  1130"	"*"	"Cl Trumpler    1  1130"
"Cl Trumpler    1  1137"	"*"	"Cl Trumpler    1  1137"
"Cl Trumpler    1  1138"	"*"	"Cl Trumpler    1  1138"
"Cl Trumpler    1  1140"	"*"	"Cl Trumpler    1  1140"
"Cl Trumpler    1  1143"	"*"	"Cl Trumpler    1  1143"
"Cl Trumpler    1  1144"	"*"	"Cl Trumpler    1  1144"
"Cl Trumpler    1  1145"	"*"	"Cl Trumpler    1  1145"
"Cl Trumpler    1  1146"	"*"	"Cl Trumpler    1  1146"
"Cl Trumpler    1  1150"	"*"	"Cl Trumpler    1  1150"
"Cl Trumpler    1  1152"	"*"	"Cl Trumpler    1  1152"
"Cl Trumpler    1  1153"	"*"	"Cl Trumpler    1  1153"
"Cl Trumpler    1  1156"	"*"	"Cl Trumpler    1  1156"
"Cl Trumpler    1  1157"	"*"	"Cl Trumpler    1  1157"
"Cl Trumpler    1  1158"	"*"	"Cl Trumpler    1  1158"
"Cl Trumpler    1  1163"	"*"	"Cl Trumpler    1  1163"
"Cl Trumpler    1  1164"	"*"	"Cl Trumpler    1  1164"
"Cl Trumpler    1  1170"	"*"	"Cl Trumpler    1  1170"
"Cl Trumpler    1  1173"	"*"	"Cl Trumpler    1  1173"
"Cl Trumpler    1  1178"	"*"	"Cl Trumpler    1  1178"
"Cl Trumpler    1  1181"	"*"	"Cl Trumpler    1  1181"
"Cl Trumpler    1  1182"	"*"	"Cl Trumpler    1  1182"
"Cl Trumpler    1  1183"	"*"	"Cl Trumpler    1  1183"
"Cl Trumpler    1  1184"	"*"	"Cl Trumpler    1  1184"
"Cl Trumpler    1  1187"	"*"	"Cl Trumpler    1  1187"
"Cl Trumpler    1  1188"	"*"	"Cl Trumpler    1  1188"
"Cl Trumpler    1  1191"	"*"	"Cl Trumpler    1  1191"
"Cl Trumpler    1  1193"	"*"	"Cl Trumpler    1  1193"
"Cl Trumpler    1  1208"	"*"	"Cl Trumpler    1  1208"
"Cl Trumpler    1  1223"	"*"	"Cl Trumpler    1  1223"
"Cl Trumpler    1  1246"	"*"	"Cl Trumpler    1  1246"
"Cl Trumpler    1  1248"	"*"	"Cl Trumpler    1  1248"
"Cl Trumpler   14    58"	"*"	"Cl Trumpler   14    58"
"Cl Trumpler   14    63"	"*"	"Cl Trumpler   14    63"
"Cl Trumpler   14    64"	"*"	"Cl Trumpler   14    64"
"Cl Trumpler   17     1"	"*"	"Cl Trumpler   17     1"
"Cl Trumpler   17   157"	"*"	"Cl Trumpler   17   157"
"Cl Trumpler   17   159"	"*"	"Cl Trumpler   17   159"
"Cl Trumpler   17   160"	"*"	"Cl Trumpler   17   160"
"Cl Trumpler   18    18"	"*"	"Cl Trumpler   18    18"
"Cl Trumpler   18    24"	"*"	"Cl Trumpler   18    24"
"Cl Trumpler   18    25"	"Y*?"	"Cl Trumpler   18    25"
"Cl Trumpler   18    26"	"*"	"Cl Trumpler   18    26"
"Cl Trumpler   18    35"	"*"	"Cl Trumpler   18    35"
"Cl Trumpler   18    48"	"LP?"	"Cl Trumpler   18    48"
"Cl Trumpler   18    60"	"*"	"Cl Trumpler   18    60"
"Cl Trumpler   18    62"	"*"	"Cl Trumpler   18    62"
"Cl Trumpler   18    63"	"*"	"Cl Trumpler   18    63"
"Cl Trumpler   18    65"	"*"	"Cl Trumpler   18    65"
"Cl Trumpler   18    68"	"*"	"Cl Trumpler   18    68"
"Cl Trumpler   18    73"	"*"	"Cl Trumpler   18    73"
"Cl Trumpler   18    77"	"*"	"Cl Trumpler   18    77"
"Cl Trumpler   18    78"	"gD*"	"Cl Trumpler   18    78"
"Cl Trumpler   18    79"	"*"	"Cl Trumpler   18    79"
"Cl Trumpler   18    80"	"*"	"Cl Trumpler   18    80"
"Cl Trumpler   18    82"	"*"	"Cl Trumpler   18    82"
"Cl Trumpler   18    83"	"*"	"Cl Trumpler   18    83"
"Cl Trumpler   18    84"	"*"	"Cl Trumpler   18    84"
"Cl Trumpler   18    85"	"*"	"Cl Trumpler   18    85"
"Cl Trumpler   18    86"	"*"	"Cl Trumpler   18    86"
"Cl Trumpler   26    19"	"*"	"Cl Trumpler   26    19"
"Cl Trumpler   26    22"	"*"	"Cl Trumpler   26    22"
"Cl Trumpler   26    27"	"*"	"Cl Trumpler   26    27"
"Cl Trumpler   26    28"	"*"	"Cl Trumpler   26    28"
"Cl Trumpler   26    39"	"*"	"Cl Trumpler   26    39"
"Cl Trumpler   26    42"	"*"	"Cl Trumpler   26    42"
"Cl Trumpler   26    54"	"*"	"Cl Trumpler   26    54"
"Cl Trumpler   26    55"	"*"	"Cl Trumpler   26    55"
"Cl Trumpler   26    59"	"*"	"Cl Trumpler   26    59"
"Cl Trumpler   26    73"	"*"	"Cl Trumpler   26    73"
"Cl Trumpler   26    74"	"*"	"Cl Trumpler   26    74"
"Cl Trumpler   26    76"	"*"	"Cl Trumpler   26    76"
"Cl Trumpler   26    89"	"*"	"Cl Trumpler   26    89"
"Cl Trumpler   26    90"	"*"	"Cl Trumpler   26    90"
"Cl Trumpler   26    98"	"*"	"Cl Trumpler   26    98"
"Cl Trumpler   26   101"	"*"	"Cl Trumpler   26   101"
"Cl Trumpler   26   103"	"*"	"Cl Trumpler   26   103"
"Cl Trumpler   26   104"	"*"	"Cl Trumpler   26   104"
"Cl Trumpler   26   107"	"*"	"Cl Trumpler   26   107"
"Cl Trumpler   26   109"	"*"	"Cl Trumpler   26   109"
"Cl Trumpler   26   114"	"*"	"Cl Trumpler   26   114"
"Cl Trumpler   26   115"	"*"	"Cl Trumpler   26   115"
"Cl Trumpler   26   116"	"*"	"Cl Trumpler   26   116"
"Cl Trumpler   26   120"	"*"	"Cl Trumpler   26   120"
"Cl Trumpler   26   121"	"*"	"Cl Trumpler   26   121"
"Cl Trumpler   26   123"	"*"	"Cl Trumpler   26   123"
"Cl Trumpler   26   124"	"*"	"Cl Trumpler   26   124"
"Cl Trumpler   26   142"	"*"	"Cl Trumpler   26   142"
"Cl Trumpler   26   143"	"*"	"Cl Trumpler   26   143"
"Cl Trumpler   26   144"	"*"	"Cl Trumpler   26   144"
"Cl Trumpler   26   146"	"*"	"Cl Trumpler   26   146"
"Cl Trumpler   26   148"	"*"	"Cl Trumpler   26   148"
"Cl Trumpler   26   169"	"*"	"Cl Trumpler   26   169"
"Cl Trumpler   26   185"	"*"	"Cl Trumpler   26   185"
"Cl Trumpler   26   190"	"*"	"Cl Trumpler   26   190"
"Cl Trumpler   26   197"	"*"	"Cl Trumpler   26   197"
"Cl Trumpler   26   199"	"RG*"	"Cl Trumpler   26   199"
"Cl Trumpler   26   200"	"*"	"Cl Trumpler   26   200"
"Cl Trumpler   26   201"	"SB*"	"Cl Trumpler   26   201"
"Cl Trumpler   26   223"	"*"	"Cl Trumpler   26   223"
"Cl Trumpler   26   225"	"*"	"Cl Trumpler   26   225"
"Cl Trumpler   26   231"	"*"	"Cl Trumpler   26   231"
"Cl Collinder  132    24"	"*"	"Cl Collinder  132    24"
"Cl Collinder  135    74"	"*"	"Cl Collinder  135    74"
"Cl Collinder  135    76"	"*"	"Cl Collinder  135    76"
"Cl Collinder  135    77"	"*"	"Cl Collinder  135    77"
"Cl Collinder  140    76"	"*"	"Cl Collinder  140    76"
"Cl Collinder  140    78"	"*"	"Cl Collinder  140    78"
"Cl Collinder  140    79"	"*"	"Cl Collinder  140    79"
"Cl Collinder  140    80"	"*"	"Cl Collinder  140    80"
"Cl Collinder  228     9"	"*"	"Cl Collinder  228     9"
"Cl Collinder  228    34"	"*"	"Cl Collinder  228    34"
"Cl Collinder  228   115"	"PM*"	"Cl Collinder  228   115"
"Cl Collinder  228    42"	"PM*"	"Cl Collinder  228   115"
"Cl Collinder  228   115"	"PM*"	"Cl Collinder  228    42"
"Cl Collinder  228    42"	"PM*"	"Cl Collinder  228    42"
"Cl Collinder  228    45"	"*"	"Cl Collinder  228    45"
"Cl Collinder  228    50"	"Y*O"	"Cl Collinder  228    50"
"Cl Collinder  228    52"	"*"	"Cl Collinder  228    52"
"Cl Collinder  228    59"	"*"	"Cl Collinder  228    59"
"Cl Collinder  228    62"	"*"	"Cl Collinder  228    62"
"Cl Collinder  228    63"	"*"	"Cl Collinder  228    63"
"Cl Collinder  228    64"	"*"	"Cl Collinder  228    64"
"Cl Collinder  228    70"	"*"	"Cl Collinder  228    70"
"Cl Collinder  228    71"	"*"	"Cl Collinder  228    71"
"Cl Collinder  228    72"	"*"	"Cl Collinder  228    72"
"Cl Collinder  228    73"	"*"	"Cl Collinder  228    73"
"Cl Collinder  228    76"	"*"	"Cl Collinder  228    76"
"Cl Collinder  228    79"	"*"	"Cl Collinder  228    79"
"Cl Melotte   20  1506"	"*"	"Cl Melotte   20  1506"
"Cl Melotte   22  3461"	"*"	"Cl Melotte   22  3461"
"Cl Melotte   22  3646"	"*"	"Cl Melotte   22  3646"
"Cl Melotte   22  4008"	"*"	"Cl Melotte   22  4008"
"Cl Melotte   22  4011"	"*"	"Cl Melotte   22  4011"
"Cl Melotte   22  4072"	"*"	"Cl Melotte   22  4072"
"Cl Melotte   22  4183"	"*"	"Cl Melotte   22  4183"
"Cl Melotte   22  4185"	"*"	"Cl Melotte   22  4185"
"Cl Melotte   22  4189"	"*"	"Cl Melotte   22  4189"
"Cl Melotte   22  4210"	"*"	"Cl Melotte   22  4210"
"Cl Melotte   22  4242"	"*"	"Cl Melotte   22  4242"
"Cl Melotte   22  4260"	"*"	"Cl Melotte   22  4260"
"Cl Melotte   22  4307"	"*"	"Cl Melotte   22  4307"
"Cl Melotte   22  4308"	"*"	"Cl Melotte   22  4308"
"Cl Melotte   22  4311"	"*"	"Cl Melotte   22  4311"
"Cl Melotte   22  4330"	"*"	"Cl Melotte   22  4330"
"Cl Melotte   22  4331"	"*"	"Cl Melotte   22  4331"
"Cl Melotte   22  4334"	"*"	"Cl Melotte   22  4334"
"Cl Melotte   22  5715"	"*"	"Cl Melotte   22  5715"
"Cl Melotte   22  5728"	"*"	"Cl Melotte   22  5728"
"Cl Melotte   22  5928"	"*"	"Cl Melotte   22  5928"
"Cl Melotte   22  5929"	"*"	"Cl Melotte   22  5929"
"Cl Melotte   22  6083"	"*"	"Cl Melotte   22  6083"
"Cl Melotte   22  6381"	"*"	"Cl Melotte   22  6381"
"Cl Melotte   22  9023"	"*"	"Cl Melotte   22  9023"
"Cl Melotte   66  1101"	"*"	"Cl Melotte   66  1101"
"Cl Melotte   66  1104"	"*"	"Cl Melotte   66  1104"
"Cl Melotte   66  1121"	"*"	"Cl Melotte   66  1121"
"Cl Melotte   66  1123"	"*"	"Cl Melotte   66  1123"
"Cl Melotte   66  1126"	"*"	"Cl Melotte   66  1126"
"Cl Melotte   66  2142"	"*"	"Cl Melotte   66  2142"
"Cl Melotte   66  2159"	"*"	"Cl Melotte   66  2159"
"Cl Melotte   66  2202"	"RB?"	"Cl Melotte   66  2202"
"Cl Melotte   66  2238"	"*"	"Cl Melotte   66  2238"
"Cl Melotte   66  2309"	"RB?"	"Cl Melotte   66  2309"
"Cl Melotte   66  2329"	"RB?"	"Cl Melotte   66  2329"
"Cl Melotte   66  2338"	"RB?"	"Cl Melotte   66  2338"
"Cl Melotte   66  2342"	"RB?"	"Cl Melotte   66  2342"
"Cl Melotte   66  3213"	"*"	"Cl Melotte   66  3213"
"Cl Melotte   66  3229"	"*"	"Cl Melotte   66  3229"
"Cl Melotte   66  3252"	"*"	"Cl Melotte   66  3252"
"Cl Melotte   66  4108"	"*"	"Cl Melotte   66  4108"
"Cl Melotte   66  4110"	"RB?"	"Cl Melotte   66  4110"
"Cl Melotte   66  4121"	"*"	"Cl Melotte   66  4121"
"Cl Melotte   66  4215"	"*"	"Cl Melotte   66  4215"
"Cl Melotte   66  4264"	"*"	"Cl Melotte   66  4264"
"Cl Melotte  111   300"	"*"	"Cl Melotte  111   300"
"Cl Trumpler   37   504"	"**"	"Cl Trumpler   37   504"
"Cl Melotte   22   917"	"*"	"Cl Melotte   22   917"
"Cl Trumpler   18    27"	"*"	"Cl Trumpler   18    27"
"Cl Trumpler   18     9"	"*"	"Cl Trumpler   18     9"
"Cl Trumpler   18    40"	"*"	"Cl Trumpler   18    40"
"Cl Trumpler   18    42"	"*"	"Cl Trumpler   18    42"
"Cl Trumpler   18    29"	"*"	"Cl Trumpler   18    29"
"Cl Trumpler   18    50"	"*"	"Cl Trumpler   18    50"
"Cl Trumpler   18    69"	"*"	"Cl Trumpler   18    69"
"Cl Trumpler   18    66"	"*"	"Cl Trumpler   18    66"
"Cl Trumpler   18    43"	"*"	"Cl Trumpler   18    43"
"Cl Trumpler   18    46"	"*"	"Cl Trumpler   18    46"
"Cl Trumpler   18    11"	"*"	"Cl Trumpler   18    11"
"Cl Trumpler   18    57"	"*"	"Cl Trumpler   18    57"
"Cl Trumpler   18    59"	"*"	"Cl Trumpler   18    59"
"Cl Trumpler   18    56"	"*"	"Cl Trumpler   18    56"
"Cl Trumpler   18     7"	"*"	"Cl Trumpler   18     7"
"Cl Trumpler   18    39"	"*"	"Cl Trumpler   18    39"
"Cl Trumpler   18    17"	"*"	"Cl Trumpler   18    17"
"Cl Trumpler   18    30"	"*"	"Cl Trumpler   18    30"
"Cl Trumpler   18    33"	"*"	"Cl Trumpler   18    33"
"Cl Collinder  223    10"	"*"	"Cl Collinder  223    10"
"Cl Collinder  223    41"	"*"	"Cl Collinder  223    41"
"Cl Collinder  223    42"	"*"	"Cl Collinder  223    42"
"Cl Collinder  223   105"	"*"	"Cl Collinder  223   105"
"Cl Collinder  223   109"	"*"	"Cl Collinder  223   109"
"Cl Melotte   22   228"	"*"	"Cl Melotte   22   228"
"Cl Melotte   22   281"	"Er*"	"Cl Melotte   22   281"
"Cl Melotte   22  1206"	"Er*"	"Cl Melotte   22  1206"
"Cl Melotte   22  2717"	"*"	"Cl Melotte   22  2717"
"Cl Melotte   22  2772"	"*"	"Cl Melotte   22  2772"
"Cl Melotte   22   449"	"*"	"Cl Melotte   22   449"
"Cl Melotte   22   576"	"*"	"Cl Melotte   22   576"
"Cl Melotte   22  2730"	"*"	"Cl Melotte   22  2730"
"Cl Melotte   22  2738"	"*"	"Cl Melotte   22  2738"
"Cl Melotte   22  2767"	"*"	"Cl Melotte   22  2767"
"Cl Melotte   22  2775"	"*"	"Cl Melotte   22  2775"
"Cl Melotte   22  2708"	"*"	"Cl Melotte   22  2708"
"Cl Melotte   22  1257"	"*"	"Cl Melotte   22  1257"
"Cl Melotte   22  2718"	"*"	"Cl Melotte   22  2718"
"Cl Melotte   22  2921"	"*"	"Cl Melotte   22  2921"
"Cl Melotte   22  2027 B"	"*"	"Cl Melotte   22  2027 B"
"Cl Melotte   20   828 A"	"*"	"Cl Melotte   20   828 A"
"Cl Melotte   20   828 B"	"*"	"Cl Melotte   20   828 B"
"Cl Melotte   66  1466"	"*"	"Cl Melotte   66  1466"
"Cl Trumpler   16  E"	"Cl*"	"NAME eta Car Cluster"
"Cl Trumpler   16  E"	"Cl*"	"Cl Trumpler   16  E"
"Cl Trumpler   16  E"	"Cl*"	"NAME eta Carina Cluster"
"Cl Collinder  257"	"OpC"	"Cl Collinder  257"
"Cl Melotte   22   374"	"*"	"Cl Melotte   22   374"
"Cl Melotte   22  3026"	"*"	"Cl Melotte   22  3026"
"Cl Melotte   22  3067"	"*"	"Cl Melotte   22  3067"
"Cl Melotte   22  1886"	"*"	"Cl Melotte   22  1886"
"Cl Melotte   22   270"	"*"	"Cl Melotte   22   270"
"Cl Melotte   22   271"	"*"	"Cl Melotte   22   271"
"Cl Melotte   22   369"	"*"	"Cl Melotte   22   369"
"Cl Melotte   22   477"	"*"	"Cl Melotte   22   477"
"Cl Melotte   22  2019"	"*"	"Cl Melotte   22  2019"
"Cl Melotte   22  3016"	"*"	"Cl Melotte   22  3016"
"Cl Melotte   66  1130"	"*"	"Cl Melotte   66  1130"
"Cl Melotte   66  1332"	"*"	"Cl Melotte   66  1332"
"Cl Melotte   66  2107"	"*"	"Cl Melotte   66  2107"
"Cl Melotte   66  2150"	"*"	"Cl Melotte   66  2150"
"Cl Melotte   66  3133"	"RB?"	"Cl Melotte   66  3133"
"Cl Melotte   66  3170"	"*"	"Cl Melotte   66  3170"
"Cl Melotte   66  3235"	"*"	"Cl Melotte   66  3235"
"Cl Melotte   66  3364"	"*"	"Cl Melotte   66  3364"
"Cl Melotte   66  4103"	"*"	"Cl Melotte   66  4103"
"Cl Melotte   66  4111"	"*"	"Cl Melotte   66  4111"
"Cl Melotte   66  4112"	"*"	"Cl Melotte   66  4112"
"Cl Melotte   66  4120"	"*"	"Cl Melotte   66  4120"
"Cl Melotte   66  4205"	"*"	"Cl Melotte   66  4205"
"Cl Melotte   66  4206"	"*"	"Cl Melotte   66  4206"
"Cl Melotte   66  4334"	"*"	"Cl Melotte   66  4334"
"Cl Melotte   22   518"	"*"	"Cl Melotte   22   518"
"Cl Melotte   22   346"	"*"	"Cl Melotte   22   346"
"Cl Melotte   66  2221"	"*"	"Cl Melotte   66  2221"
"Cl Melotte  166"	"OpC"	"Cl Melotte  166"
"Cl Trumpler    2   118"	"*"	"Cl Trumpler    2   118"
"Cl Trumpler    2   123"	"*"	"Cl Trumpler    2   123"
"Cl Trumpler    2   132"	"*"	"Cl Trumpler    2   132"
"Cl Trumpler    2   141"	"*"	"Cl Trumpler    2   141"
"Cl Trumpler    2   142"	"*"	"Cl Trumpler    2   142"
"Cl Trumpler    2   144"	"*"	"Cl Trumpler    2   144"
"Cl Trumpler    2   145"	"*"	"Cl Trumpler    2   145"
"Cl Melotte   22  1563"	"*"	"Cl Melotte   22  1563"
"Cl Melotte   22   486"	"*"	"Cl Melotte   22   486"
"Cl Trumpler   22    22"	"*"	"Cl Trumpler   22    22"
"Cl Melotte   22   406"	"PM*"	"Cl Melotte   22   406"
"Cl Melotte   22   573"	"*"	"Cl Melotte   22   573"
"Cl Melotte   22  1825"	"*"	"Cl Melotte   22  1825"
"Cl Melotte   22  1180"	"*"	"Cl Melotte   22  1180"
"Cl Melotte   22  1210"	"*"	"Cl Melotte   22  1210"
"Cl Melotte   22  2009"	"*"	"Cl Melotte   22  2009"
"Cl Stock    7    51"	"*"	"Cl Stock    7    51"
"Cl Stock    7    67"	"*"	"Cl Stock    7    67"
"Cl Stock    7    86"	"*"	"Cl Stock    7    86"
"Cl Stock    7    88"	"*"	"Cl Stock    7    88"
"Cl Stock    7   144"	"*"	"Cl Stock    7   144"
"Cl Stock    7   169"	"*"	"Cl Stock    7   169"
"Cl Stock    7   194"	"*"	"Cl Stock    7   194"
"Cl Stock    7   228"	"*"	"Cl Stock    7   228"
"Cl Melotte   22   450"	"*"	"Cl Melotte   22   450"
"Cl Melotte   22   180"	"*"	"Cl Melotte   22   180"
"Cl Melotte   22   182"	"*"	"Cl Melotte   22   182"
"Cl Melotte   22   650"	"*"	"Cl Melotte   22   650"
"Cl Melotte   22  2062"	"*"	"Cl Melotte   22  2062"
"Cl Melotte   22     3"	"*"	"Cl Melotte   22     3"
"Cl Melotte   22    68"	"*"	"Cl Melotte   22    68"
"Cl Melotte   22   203"	"*"	"Cl Melotte   22   203"
"Cl Melotte   22   223"	"*"	"Cl Melotte   22   223"
"Cl Melotte   22   282"	"*"	"Cl Melotte   22   282"
"Cl Melotte   22   598"	"*"	"Cl Melotte   22   598"
"Cl Melotte   22   616"	"*"	"Cl Melotte   22   616"
"Cl Melotte   22   655"	"*"	"Cl Melotte   22   655"
"Cl Melotte   22   711"	"*"	"Cl Melotte   22   711"
"Cl Melotte   22  1457"	"*"	"Cl Melotte   22  1457"
"Cl Melotte   22  1478"	"*"	"Cl Melotte   22  1478"
"Cl Melotte   22  1493"	"*"	"Cl Melotte   22  1493"
"Cl Melotte   22  1575"	"*"	"Cl Melotte   22  1575"
"Cl Melotte   22  1582"	"*"	"Cl Melotte   22  1582"
"Cl Melotte   22  2040"	"*"	"Cl Melotte   22  2040"
"Cl Melotte   22   351"	"*"	"Cl Melotte   22   351"
"Cl Melotte   22   558"	"*"	"Cl Melotte   22   558"
"Cl Melotte   22  1276"	"*"	"Cl Melotte   22  1276"
"Cl Melotte   22  1018"	"*"	"Cl Melotte   22  1018"
"Cl Melotte   22  1976"	"*"	"Cl Melotte   22  1976"
"Cl Melotte   96"	"OpC"	"Cl Melotte   96"
"Cl Melotte   96"	"OpC"	"NGC  2818"
"Cl Trumpler   18    34"	"*"	"Cl Trumpler   18    34"
"Cl Trumpler   18     1"	"*"	"Cl Trumpler   18     1"
"Cl Trumpler   18    12"	"*"	"Cl Trumpler   18    12"
"Cl Trumpler   18     2"	"*"	"Cl Trumpler   18     2"
"Cl Melotte   66  1205"	"RB?"	"Cl Melotte   66  1205"
"Cl Melotte   66  2226"	"RB?"	"Cl Melotte   66  2226"
"Cl Melotte   66  3101"	"RB?"	"Cl Melotte   66  3101"
"Cl Trumpler   27    83"	"*"	"Cl Trumpler   27    83"
"Cl Melotte   22   217"	"*"	"Cl Melotte   22   217"
"Cl Melotte   22  1427"	"*"	"Cl Melotte   22  1427"
"Cl Melotte   22  1534"	"*"	"Cl Melotte   22  1534"
"Cl Melotte   22  1508"	"*"	"Cl Melotte   22  1508"
"Cl Melotte   22  1554"	"*"	"Cl Melotte   22  1554"
"Cl Melotte   22  1844"	"*"	"Cl Melotte   22  1844"
"Cl Melotte   22  3167"	"*"	"Cl Melotte   22  3167"
"Cl Melotte   22  3198"	"*"	"Cl Melotte   22  3198"
"Cl Melotte  105    50"	"*"	"Cl Melotte  105    50"
"Cl Melotte  105    51"	"*"	"Cl Melotte  105    51"
"Cl Stock   16    19"	"*"	"Cl Stock   16    19"
"Cl Stock   16    76"	"*"	"Cl Stock   16    76"
"Cl Stock   16    78"	"*"	"Cl Stock   16    78"
"Cl Stock   16    79"	"*"	"Cl Stock   16    79"
"Cl Stock   16    80"	"*"	"Cl Stock   16    80"
"Cl Stock   16    81"	"*"	"Cl Stock   16    81"
"Cl Stock   16    82"	"*"	"Cl Stock   16    82"
"Cl Stock   16    83"	"*"	"Cl Stock   16    83"
"Cl Stock   16    84"	"*"	"Cl Stock   16    84"
"Cl Stock   16    85"	"*"	"Cl Stock   16    85"
"Cl Stock   16    86"	"*"	"Cl Stock   16    86"
"Cl Stock   16    87"	"*"	"Cl Stock   16    87"
"Cl Stock   16    88"	"*"	"Cl Stock   16    88"
"Cl Collinder  228   110"	"*"	"Cl Collinder  228   110"
"Cl Collinder  228   106"	"*"	"Cl Collinder  228   106"
"Cl Collinder  228   102"	"*"	"Cl Collinder  228   102"
"Cl Collinder  228   109"	"*"	"Cl Collinder  228   109"
"Cl Collinder  228   104"	"*"	"Cl Collinder  228   104"
"Cl Collinder  228   105"	"*"	"Cl Collinder  228   105"
"Cl Collinder  228   108"	"SB*"	"Cl Collinder  228   108"
"Cl Trumpler   24   363"	"Y*?"	"Cl Trumpler   24   363"
"Cl Trumpler   24   363"	"Y*?"	"NGC  6231   121"
"Cl Trumpler   18    44"	"Y*?"	"Cl Trumpler   18    44"
"Cl Trumpler   18    31"	"Y*?"	"Cl Trumpler   18    31"
"Cl Collinder  220"	"OpC"	"Cl Collinder  220"
"Cl Melotte   25   224"	"PM*"	"Cl Melotte   25   224"
"Cl Melotte   25   261"	"PM*"	"Cl Melotte   25   261"
"Cl Trumpler   24   428"	"PM*"	"Cl Trumpler   24   428"
"Cl Trumpler   26   145"	"*"	"Cl Trumpler   26   145"
"Cl Collinder  268"	"OpC"	"Cl Collinder  268"
"Cl Harvard    8"	"OpC"	"Cl Collinder  268"
"Cl Melotte   66  3148"	"Ro*"	"Cl Melotte   66  3148"
"Cl Melotte   66  4266"	"*"	"Cl Melotte   66  4266"
"Cl Melotte   66  4118"	"RB?"	"Cl Melotte   66  4118"
"Cl Trumpler   35   101"	"*"	"Cl Trumpler   35   101"
"Cl Melotte   66  2244"	"RB?"	"Cl Melotte   66  2244"
"Cl Moffat    2"	"OpC"	"NAME HD 155603 Group"
"Cl Stock    8    13"	"*"	"Cl Stock    8    13"
"Cl Melotte  101    19"	"*"	"Cl Melotte  101    19"
"Cl Trumpler   14    68"	"S*"	"Cl Trumpler   14    68"
"Cl Melotte   22  3259"	"PM*"	"Cl Melotte   22  3259"
"Cl Melotte   22     1"	"*"	"Cl Melotte   22     1"
"Cl Melotte   22     2"	"*"	"Cl Melotte   22     2"
"Cl Melotte  111    74"	"PM*"	"Cl Melotte  111    74"
"Cl Trumpler   37   990"	"*"	"Cl Trumpler   37   990"
"Cl Melotte   25    11"	"PM*"	"Cl Melotte   25    11"
"Cl Collinder  132    11"	"EB*"	"Cl Collinder  132    11"
"Cl Trumpler   37  1109"	"*"	"Cl Trumpler   37  1109"
"Cl Trumpler   15    10"	"*"	"Cl Trumpler   15    10"
"Cl Melotte   22   193"	"Er*"	"Cl Melotte   22   193"
"Cl Melotte   22  1156"	"*"	"Cl Melotte   22  1156"
"Cl Melotte   22   257"	"*"	"Cl Melotte   22   257"
"Cl Melotte   22   265"	"*"	"Cl Melotte   22   265"
"Cl Melotte   25   348"	"PM*"	"Cl Melotte   25   348"
"Cl Melotte   22   871"	"*"	"Cl Melotte   22   871"
"Cl Stock    8    18"	"*"	"Cl Stock    8    18"
"Cl Stock    8    11"	"*"	"Cl Stock    8    11"
"Cl Stock    8    10"	"*"	"Cl Stock    8    10"
"Cl Stock    2   143"	"*"	"Cl Stock    2   143"
"Cl Collinder  132    34"	"*"	"Cl Collinder  132    34"
"Cl Collinder  132    35"	"*"	"Cl Collinder  132    35"
"Cl Stock   13    13"	"*"	"Cl Stock   13    13"
"Cl Melotte  101    15"	"*"	"Cl Melotte  101    15"
"Cl Melotte  101    21"	"Pe*"	"Cl Melotte  101    21"
"Cl Melotte   22  1660"	"SB*"	"Cl Melotte   22  1660"
"Cl Trumpler   14     8"	"*"	"Cl Trumpler   14     8"
"Cl Trumpler   14     9"	"Y*?"	"Cl Trumpler   14     9"
"Cl Trumpler   14     3"	"Y*?"	"Cl Trumpler   14     3"
"Cl Trumpler   16   231"	"Y*O"	"Cl Trumpler   16   231"
"Cl Melotte  111   344"	"Em*"	"Cl Melotte  111   344"
"Cl Trumpler   15     1"	"Y*?"	"Cl Trumpler   15     1"
"Cl Melotte   66  1242"	"*"	"Cl Melotte   66  1242"
"Cl Melotte   66  4326"	"*"	"Cl Melotte   66  4326"
"Cl Melotte   66  1321"	"RB?"	"Cl Melotte   66  1321"
"Cl Stock   11"	"OpC"	"Cl Stock   11"
"Cl Melotte   22  1404"	"*"	"Cl Melotte   22  1404"
"Cl Melotte   25   213"	"PM*"	"Cl Melotte   25   213"
"Cl Melotte   25   257"	"**"	"Cl Melotte   25   257"
"Cl Melotte   25   247"	"PM*"	"Cl Melotte   25   247"
"Cl Melotte   25   250"	"PM*"	"Cl Melotte   25   250"
"Cl Collinder  404"	"Cl*"	"Cl Collinder  404"
"Cl Collinder  416"	"OpC"	"Cl Collinder  416"
"Cl Melotte   31"	"OpC"	"Cl Melotte   31"
"Cl Melotte   66  3121"	"RB?"	"Cl Melotte   66  3121"
"Cl Melotte   66  2120"	"RB?"	"Cl Melotte   66  2120"
"Cl Melotte   66  2259"	"RB?"	"Cl Melotte   66  2259"
"Cl Melotte   66  1203"	"RB?"	"Cl Melotte   66  1203"
"Cl Melotte   66  4355"	"RB?"	"Cl Melotte   66  4355"
"Cl Melotte   66  1135"	"RB?"	"Cl Melotte   66  1135"
"Cl Melotte   66  4230"	"RB?"	"Cl Melotte   66  4230"
"Cl Melotte   66  3403"	"RB?"	"Cl Melotte   66  3403"
"Cl Melotte   66  3407"	"RB?"	"Cl Melotte   66  3407"
"Cl Melotte   66  3456"	"RB?"	"Cl Melotte   66  3456"
"Cl Melotte   66  3259"	"RB?"	"Cl Melotte   66  3259"
"Cl Melotte  111   193"	"PM*"	"Cl Melotte  111   193"
"Cl Stock   20"	"OpC"	"Cl Stock   20"
"Cl Stock   21"	"OpC"	"Cl Stock   21"
"Cl Collinder  122"	"OpC"	"Cl Collinder  122"
"Cl Collinder  122"	"OpC"	"NGC  2309"
"Cl Collinder  261"	"OpC"	"Cl Collinder  261"
"Cl Harvard    6"	"OpC"	"Cl Collinder  261"
"Cl Melotte  227    14"	"dS*"	"Cl Melotte  227    14"
"Cl Melotte  227     6"	"SB*"	"Cl Melotte  227     6"
"Cl Stock    7    27"	"*"	"Cl Stock    7    27"
"Cl Melotte   22   800"	"*"	"Cl Melotte   22   800"
"Cl Melotte   25   132 B"	"*"	"Cl Melotte   25   132 B"
"Cl Stock    2    27 B"	"*"	"Cl Stock    2    27 B"
"Cl Stock    2   109 B"	"*"	"Cl Stock    2   109 B"
"Cl Stock    2   132 B"	"*"	"Cl Stock    2   132 B"
"Cl Trumpler    2    11 B"	"*"	"Cl Trumpler    2    11 B"
"Cl Melotte   20   103 B"	"*"	"Cl Melotte   20   103 B"
"Cl Melotte   20   251 B"	"*"	"Cl Melotte   20   251 B"
"Cl Melotte   20   324 B"	"*"	"Cl Melotte   20   324 B"
"Cl Melotte   20   779 B"	"*"	"Cl Melotte   20   779 B"
"Cl Melotte   20  1213 B"	"*"	"Cl Melotte   20  1213 B"
"Cl Collinder   96     5 B"	"*"	"Cl Collinder   96     5 B"
"Cl Trumpler   18    67 B"	"*"	"Cl Trumpler   18    67 B"
"Cl Trumpler   37   295 B"	"*"	"Cl Trumpler   37   295 B"
"Cl Trumpler   37  1424 B"	"*"	"Cl Trumpler   37  1424 B"
"Cl Trumpler   37  1439 B"	"*"	"Cl Trumpler   37  1439 B"
"Cl Trumpler   37  1707 B"	"*"	"Cl Trumpler   37  1707 B"
"Cl Trumpler   37  1929 B"	"*"	"Cl Trumpler   37  1929 B"
"Cl Trumpler   37  1511 B"	"*"	"Cl Trumpler   37  1511 B"
"Cl Trumpler   37   492 B"	"*"	"Cl Trumpler   37   492 B"
"Cl Trumpler   37   537 B"	"*"	"Cl Trumpler   37   537 B"
"Cl Trumpler   37   543 B"	"*"	"Cl Trumpler   37   543 B"
"Cl Melotte   20    72"	"**"	"Cl Melotte   20    72"
"Cl Melotte   20   981"	"**"	"Cl Melotte   20   981"
"Cl Collinder  132    25"	"*"	"Cl Collinder  132    25"
"Cl Collinder  205     3"	"*"	"Cl Collinder  205     3"
"Cl Collinder  205     4"	"*"	"Cl Collinder  205     4"
"Cl Trumpler   18    67"	"**"	"Cl Trumpler   18    67"
"Cl Trumpler   37   651"	"*"	"Cl Trumpler   37   651"
"Cl Melotte   20   245"	"*"	"Cl Melotte   20   245"
"Cl Melotte   20    74"	"Pe*"	"Cl Melotte   20    74"
"Cl Melotte   20    26"	"*"	"Cl Melotte   20    26"
"Cl Melotte   20    66"	"*"	"Cl Melotte   20    66"
"Cl Melotte   20    16"	"*"	"Cl Melotte   20    16"
"Cl Melotte   20    69"	"*"	"Cl Melotte   20    69"
"Cl Melotte   20    25"	"*"	"Cl Melotte   20    25"
"Cl Melotte   20    59"	"*"	"Cl Melotte   20    59"
"Cl Melotte   20    84"	"*"	"Cl Melotte   20    84"
"Cl Melotte   20    42"	"*"	"Cl Melotte   20    42"
"Cl Melotte   20   136"	"*"	"Cl Melotte   20   136"
"Cl Melotte   20   142"	"*"	"Cl Melotte   20   142"
"Cl Melotte   20   206"	"*"	"Cl Melotte   20   206"
"Cl Melotte   20   196"	"*"	"Cl Melotte   20   196"
"Cl Melotte   20   197"	"Pu*"	"Cl Melotte   20   197"
"Cl Melotte   20   162"	"*"	"Cl Melotte   20   162"
"Cl Melotte   20   210"	"*"	"Cl Melotte   20   210"
"Cl Melotte   20   122"	"*"	"Cl Melotte   20   122"
"Cl Melotte   20   126"	"*"	"Cl Melotte   20   126"
"Cl Melotte   20   121"	"*"	"Cl Melotte   20   121"
"Cl Melotte   20   186"	"*"	"Cl Melotte   20   186"
"Cl Melotte   20   146"	"*"	"Cl Melotte   20   146"
"Cl Melotte   20   286"	"PM*"	"Cl Melotte   20   286"
"Cl Melotte   20   193"	"*"	"Cl Melotte   20   193"
"Cl Melotte   20   139"	"*"	"Cl Melotte   20   139"
"Cl Melotte   20   190"	"Pu*"	"Cl Melotte   20   190"
"Cl Melotte   20   611"	"*"	"Cl Melotte   20   611"
"Cl Melotte   20   619"	"PM*"	"Cl Melotte   20   619"
"Cl Melotte   20   572"	"*"	"Cl Melotte   20   572"
"Cl Melotte   20   580"	"PM*"	"Cl Melotte   20   580"
"Cl Melotte   20  1025"	"PM*"	"Cl Melotte   20  1025"
"Cl Melotte   20  1277"	"PM*"	"Cl Melotte   20  1277"
"Cl Melotte   20  1369"	"EB*"	"Cl Melotte   20  1369"
"Cl Melotte   20  1142"	"PM*"	"Cl Melotte   20  1142"
"Cl Melotte   20    91"	"*"	"Cl Melotte   20    91"
"Cl Melotte   20    27"	"*"	"Cl Melotte   20    27"
"Cl Melotte   20    41"	"*"	"Cl Melotte   20    41"
"Cl Melotte   20    55"	"SB*"	"Cl Melotte   20    55"
"Cl Melotte   20    10"	"SB*"	"Cl Melotte   20    10"
"Cl Melotte   20   323"	"*"	"Cl Melotte   20   323"
"Cl Melotte   20   214"	"SB*"	"Cl Melotte   20   214"
"Cl Melotte   20   128"	"*"	"Cl Melotte   20   128"
"Cl Melotte   20   112"	"*"	"Cl Melotte   20   112"
"Cl Melotte   20   100"	"SB*"	"Cl Melotte   20   100"
"Cl Melotte   20   111"	"SB*"	"Cl Melotte   20   111"
"Cl Melotte   20   113"	"Pe*"	"Cl Melotte   20   113"
"Cl Melotte   20   134"	"*"	"Cl Melotte   20   134"
"Cl Melotte   20   110"	"*"	"Cl Melotte   20   110"
"Cl Melotte   20   590"	"*"	"Cl Melotte   20   590"
"Cl Melotte   20  1046"	"PM*"	"Cl Melotte   20  1046"
"Cl Melotte   20   957"	"*"	"Cl Melotte   20   957"
"Cl Melotte   20   760"	"PM*"	"Cl Melotte   20   760"
"Cl Melotte   20   753"	"*"	"Cl Melotte   20   753"
"Cl Melotte   20  1000"	"PM*"	"Cl Melotte   20  1000"
"Cl Melotte   20   867"	"SB*"	"Cl Melotte   20   867"
"Cl Melotte   20  1227"	"*"	"Cl Melotte   20  1227"
"Cl Melotte   20  1368"	"*"	"Cl Melotte   20  1368"
"Cl Melotte   20  1188"	"*"	"Cl Melotte   20  1188"
"Cl Melotte   20  1072"	"*"	"Cl Melotte   20  1072"
"Cl Melotte   20  1307"	"*"	"Cl Melotte   20  1307"
"Cl Melotte   20  1158"	"*"	"Cl Melotte   20  1158"
"Cl Melotte   20  1168"	"*"	"Cl Melotte   20  1168"
"Cl Melotte   20  1362"	"*"	"Cl Melotte   20  1362"
"Cl Melotte   20  1281"	"Pe*"	"Cl Melotte   20  1281"
"Cl Melotte   20  1124"	"*"	"Cl Melotte   20  1124"
"Cl Melotte   20  1322"	"*"	"Cl Melotte   20  1322"
"Cl Melotte   20  1251"	"*"	"Cl Melotte   20  1251"
"Cl Melotte   20  1346"	"*"	"Cl Melotte   20  1346"
"Cl Melotte   20  1373"	"*"	"Cl Melotte   20  1373"
"Cl Melotte   20  1332"	"Pu*"	"Cl Melotte   20  1332"
"Cl Melotte   20  1226"	"*"	"Cl Melotte   20  1226"
"Cl Melotte   20  1311"	"*"	"Cl Melotte   20  1311"
"Cl Melotte   20  1136"	"*"	"Cl Melotte   20  1136"
"Cl Melotte   20   209"	"*"	"Cl Melotte   20   209"
"Cl Melotte   20   155"	"PM*"	"Cl Melotte   20   155"
"Cl Melotte   20   129"	"*"	"Cl Melotte   20   129"
"Cl Melotte   20   897"	"Pe*"	"Cl Melotte   20   897"
"Cl Melotte   20   819"	"*"	"Cl Melotte   20   819"
"Cl Melotte   20   830"	"*"	"Cl Melotte   20   830"
"Cl Melotte   20   562"	"Pe*"	"Cl Melotte   20   562"
"Cl Melotte   20   999"	"*"	"Cl Melotte   20   999"
"Cl Melotte   20  1018"	"*"	"Cl Melotte   20  1018"
"Cl Melotte   20   711"	"*"	"Cl Melotte   20   711"
"Cl Melotte   20   801"	"*"	"Cl Melotte   20   801"
"Cl Melotte   20   795"	"*"	"Cl Melotte   20   795"
"Cl Melotte   20   913"	"*"	"Cl Melotte   20   913"
"Cl Melotte   20   790"	"*"	"Cl Melotte   20   790"
"Cl Melotte   20   938"	"*"	"Cl Melotte   20   938"
"Cl Melotte   20   844"	"*"	"Cl Melotte   20   844"
"Cl Melotte   20   614"	"*"	"Cl Melotte   20   614"
"Cl Melotte   20   967"	"*"	"Cl Melotte   20   967"
"Cl Melotte   20  1198"	"*"	"Cl Melotte   20  1198"
"Cl Melotte   20  1216"	"SB*"	"Cl Melotte   20  1216"
"Cl Melotte   20  1054"	"*"	"Cl Melotte   20  1054"
"Cl Melotte   20  1230"	"*"	"Cl Melotte   20  1230"
"Cl Melotte   20  1109"	"*"	"Cl Melotte   20  1109"
"Cl Stock    2    47"	"*"	"Cl Stock    2    47"
"Cl Trumpler   37   628"	"*"	"Cl Trumpler   37   628"
"Cl Trumpler   37   187"	"*"	"Cl Trumpler   37   187"
"Cl Trumpler   37   194"	"*"	"Cl Trumpler   37   196"
"Cl Trumpler   37   196"	"*"	"Cl Trumpler   37   196"
"Cl Trumpler   37   194"	"*"	"Cl Trumpler   37   194"
"Cl Trumpler   37   196"	"*"	"Cl Trumpler   37   194"
"Cl Trumpler   37   454"	"Y*O"	"Cl Trumpler   37   454"
"Cl Trumpler   37   425"	"*"	"Cl Trumpler   37   425"
"Cl Trumpler   37   455"	"*"	"Cl Trumpler   37   455"
"Cl Trumpler   37   712"	"Y*O"	"Cl Trumpler   37   712"
"Cl Trumpler   37  1237"	"*"	"Cl Trumpler   37  1237"
"Cl Trumpler   37  1281"	"Y*O"	"Cl Trumpler   37  1281"
"Cl Trumpler   37  1339"	"*"	"Cl Trumpler   37  1339"
"Cl Trumpler   37  1090"	"*"	"Cl Trumpler   37  1090"
"Cl Trumpler   35    84"	"s*r"	"Cl Trumpler   35    84"
"Cl Trumpler    7     3"	"Pu*"	"Cl Trumpler    7     3"
"Cl Trumpler    9    25"	"*"	"Cl Trumpler    9    25"
"Cl Trumpler    9    12"	"*"	"Cl Trumpler    9    12"
"Cl Trumpler   16     3"	"*"	"Cl Trumpler   16     3"
"Cl Trumpler   16    10"	"SB*"	"Cl Trumpler   16    10"
"Cl Trumpler   16    17"	"*"	"Cl Trumpler   16    17"
"Cl Trumpler   16   127"	"*"	"Cl Trumpler   16   127"
"Cl Trumpler   18    13"	"**"	"Cl Trumpler   18    13"
"Cl Trumpler   18    10"	"*"	"Cl Trumpler   18    10"
"Cl Melotte  105    43"	"*"	"Cl Melotte  105    43"
"Cl Collinder  272    15"	"Em*"	"Cl Collinder  272    15"
"Cl Melotte   20   719"	"Pe*"	"Cl Melotte   20   719"
"Cl Melotte   20  1061"	"*"	"Cl Melotte   20  1061"
"Cl Melotte   20   966"	"*"	"Cl Melotte   20   966"
"Cl Trumpler   10    23"	"*"	"Cl Trumpler   10    23"
"Cl Melotte   22  1794"	"Y*O"	"Cl Melotte   22  1794"
"Cl Melotte   20   923"	"*"	"Cl Melotte   20   923"
"Cl Melotte   20    49"	"*"	"Cl Melotte   20    49"
"Cl Melotte   20   888"	"*"	"Cl Melotte   20   888"
"Cl Trumpler   37   773"	"*"	"Cl Trumpler   37   773"
"Cl Melotte   22   476"	"Y*O"	"Cl Melotte   22   476"
"Cl Melotte  111   375"	"*"	"Cl Melotte  111   375"
"Cl Melotte   20   776"	"*"	"Cl Melotte   20   776"
"Cl Melotte   20   579"	"PM*"	"Cl Melotte   20   579"
"Cl Melotte   20   945"	"*"	"Cl Melotte   20   945"
"Cl Melotte   22  1514"	"Y*O"	"Cl Melotte   22  1514"
"Cl Melotte   20   294"	"*"	"Cl Melotte   20   294"
"Cl Melotte   20   781"	"*"	"Cl Melotte   20   781"
"Cl Melotte   20   807"	"*"	"Cl Melotte   20   807"
"Cl Melotte  111   213"	"Em*"	"Cl Melotte  111   213"
"Cl Melotte   25   214"	"PM*"	"Cl Melotte   25   214"
"Cl Melotte   20   352"	"*"	"Cl Melotte   20   352"
"Cl Melotte   20  1063"	"*"	"Cl Melotte   20  1063"
"Cl Melotte   20  1048"	"*"	"Cl Melotte   20  1048"
"Cl Melotte   20   990"	"*"	"Cl Melotte   20   990"
"Cl Melotte   22  2311"	"Y*O"	"Cl Melotte   22  2311"
"Cl Melotte   20   246"	"*"	"Cl Melotte   20   246"
"Cl Melotte   22   309"	"*"	"Cl Melotte   22   309"
"Cl Melotte   20   737"	"*"	"Cl Melotte   20   737"
"Cl Melotte   22  1426"	"AB?"	"Cl Melotte   22  1426"
"Cl Melotte   20   523"	"*"	"Cl Melotte   20   523"
"Cl Melotte   25   281"	"PM*"	"Cl Melotte   25   281"
"Cl Melotte   22   659 B"	"*"	"Cl Melotte   22   659 B"
"Cl Melotte   22   885 A"	"PM*"	"Cl Melotte   22   885 A"
"Cl Melotte   22   885 B"	"*"	"Cl Melotte   22   885 B"
"Cl Melotte   22  1361 B"	"*"	"Cl Melotte   22  1361 B"
"Cl Melotte   22  1361 A"	"*"	"Cl Melotte   22  1361 A"
"Cl Melotte   22   370 A"	"Em*"	"Cl Melotte   22   370 A"
"Cl Melotte   20   651"	"*"	"Cl Melotte   20   651"
"Cl Melotte   20   350"	"*"	"Cl Melotte   20   350"
"Cl Melotte   22   370 B"	"PM*"	"Cl Melotte   22   370 B"
"Cl Stock    2    27 A"	"*"	"Cl Stock    2    27 A"
"Cl Trumpler    2    15"	"*"	"Cl Trumpler    2    15"
"Cl Trumpler   27    19 B"	"*"	"Cl Trumpler   27    19 B"
"Cl Trumpler   14    35 A"	"EB*"	"Cl Trumpler   14    35 A"
"Cl Melotte   22   123"	"EB*"	"Cl Melotte   22   123"
"Cl Melotte   22   571 B"	"PM*"	"Cl Melotte   22   571 B"
"Cl Melotte   20   254 A"	"*"	"Cl Melotte   20   254 A"
"Cl Melotte   20   254 B"	"Pu*"	"Cl Melotte   20   254 B"
"Cl Trumpler   18    37"	"*"	"Cl Trumpler   18    37"
"Cl Trumpler   37   543 A"	"*"	"Cl Trumpler   37   543 A"
"Cl Melotte   20   251 A"	"*"	"Cl Melotte   20   251 A"
"Cl Trumpler   18    67 A"	"*"	"Cl Trumpler   18    67 A"
"Cl Stock    2   109 A"	"*"	"Cl Stock    2   109 A"
"Cl Stock    2   132 A"	"*"	"Cl Stock    2   132 A"
"Cl Trumpler    2    11 A"	"*"	"Cl Trumpler    2    11 A"
"Cl Melotte   20   103 A"	"*"	"Cl Melotte   20   103 A"
"Cl Melotte   20   324 A"	"*"	"Cl Melotte   20   324 A"
"Cl Melotte   20  1213 A"	"*"	"Cl Melotte   20  1213 A"
"Cl Collinder   96     5 A"	"*"	"Cl Collinder   96     5 A"
"Cl Trumpler   37   295 A"	"*"	"Cl Trumpler   37   295 A"
"Cl Trumpler   37  1424 A"	"*"	"Cl Trumpler   37  1424 A"
"Cl Trumpler   37  1439 A"	"*"	"Cl Trumpler   37  1439 A"
"Cl Trumpler   37  1707 A"	"*"	"Cl Trumpler   37  1707 A"
"Cl Trumpler   37  1929 A"	"*"	"Cl Trumpler   37  1929 A"
"Cl Trumpler   37  1511 A"	"*"	"Cl Trumpler   37  1511 A"
"Cl Trumpler   37   492 A"	"*"	"Cl Trumpler   37   492 A"
"Cl Trumpler   37   537 A"	"*"	"Cl Trumpler   37   537 A"
"Cl Melotte   20   102 A"	"*"	"Cl Melotte   20   102 A"
"Cl Melotte   20   102 B"	"*"	"Cl Melotte   20   102 B"
"Cl Trumpler   37  1208 B"	"*"	"Cl Trumpler   37  1208 B"
"Cl Trumpler   37  1711 A"	"*"	"Cl Trumpler   37  1711 A"
"Cl Trumpler   37  1711 B"	"*"	"Cl Trumpler   37  1711 B"
"Cl Trumpler   37  2014 A"	"*"	"Cl Trumpler   37  2014 A"
"Cl Trumpler   37  2014 B"	"*"	"Cl Trumpler   37  2014 B"
"Cl Trumpler   37    62 A"	"*"	"Cl Trumpler   37    62 A"
"Cl Trumpler   37    62 B"	"*"	"Cl Trumpler   37    62 B"
"Cl Trumpler   37  2024 A"	"*"	"Cl Trumpler   37  2024 A"
"Cl Trumpler   37  2024 B"	"*"	"Cl Trumpler   37  2024 B"
"Cl Melotte   20  1246 A"	"*"	"Cl Melotte   20  1246 A"
"Cl Melotte   20  1246 B"	"*"	"Cl Melotte   20  1246 B"
"Cl Melotte   20   189 B"	"*"	"Cl Melotte   20   189 B"
"Cl Melotte   20   189 A"	"*"	"Cl Melotte   20   189 A"
"Cl Melotte   20   779 A"	"*"	"Cl Melotte   20   779 A"
"Cl Trumpler   24   193"	"*"	"Cl Trumpler   24   193"
"Cl Stock   14    22"	"*"	"Cl Stock   14    22"
"Cl Trumpler   37  1846 B"	"*"	"Cl Trumpler   37  1846 B"
"Cl Trumpler   27    19 A"	"*"	"Cl Trumpler   27    19 A"
"Cl Melotte   25   132 A"	"PM*"	"Cl Melotte   25   132 A"
"Cl Melotte   22   757"	"PM*"	"Cl Melotte   22   757"
"Cl Melotte   20   521 B"	"*"	"Cl Melotte   20   521 B"
"Cl Melotte   20   521 A"	"*"	"Cl Melotte   20   521 A"
"Cl Melotte   22   741 A"	"*"	"Cl Melotte   22   741 A"
"Cl Melotte   22   741 B"	"*"	"Cl Melotte   22   741 B"
"Cl Melotte   25   294 B"	"PM*"	"Cl Melotte   25   294 B"
"Cl Trumpler   37  1865 A"	"*"	"Cl Trumpler   37  1865 A"
"Cl Trumpler   37  1865 B"	"*"	"Cl Trumpler   37  1865 B"
"Cl Collinder  463    37 A"	"*"	"Cl Collinder  463    37 A"
"Cl Collinder  463    37 B"	"*"	"Cl Collinder  463    37 B"
