cat_id	otype	other
"LBN 151.25+02.12"	"HII"	"LBN 151.25+02.12"
"LBN 151.25+02.12"	"HII"	"LBN   708"
"LBN 151.25+02.12"	"HII"	"SH  2-207"
"LBN   708"	"HII"	"LBN 151.25+02.12"
"LBN   708"	"HII"	"LBN   708"
"LBN   708"	"HII"	"SH  2-207"
"LBN 173.65+02.89"	"Y*O"	"LBN 173.65+02.89"
"LBN 173.65+02.89"	"Y*O"	"LBN   808"
"LBN 173.65+02.89"	"Y*O"	"SH  2-231"
"LBN   808"	"Y*O"	"LBN 173.65+02.89"
"LBN   808"	"Y*O"	"LBN   808"
"LBN   808"	"Y*O"	"SH  2-231"
"LBN 119.04-03.37"	"rG"	"IC   10"
"LBN 119.04-03.37"	"rG"	"LBN 119.04-03.37"
"LBN 119.04-03.37"	"rG"	"LBN   591"
"LBN 119.04-03.37"	"rG"	"UGC   192"
"LBN   591"	"rG"	"IC   10"
"LBN   591"	"rG"	"LBN 119.04-03.37"
"LBN   591"	"rG"	"LBN   591"
"LBN   591"	"rG"	"UGC   192"
"LBN   946"	"RNe"	"Ced  55m"
"LBN   946"	"RNe"	"IC  432"
"LBN   946"	"RNe"	"LBN   946"
"LBN   946"	"RNe"	"LBN 206.21-16.20"
"LBN 206.21-16.20"	"RNe"	"Ced  55m"
"LBN 206.21-16.20"	"RNe"	"IC  432"
"LBN 206.21-16.20"	"RNe"	"LBN   946"
"LBN 206.21-16.20"	"RNe"	"LBN 206.21-16.20"
"LBN   776"	"HII"	"LBN   776"
"LBN   776"	"HII"	"LBN 167.67-22.55"
"LBN   949"	"HII"	"LBN   949"
"LBN   949"	"HII"	"LBN 206.39-01.87"
"LBN   949"	"HII"	"LBN   948"
"LBN   949"	"HII"	"SH  2-275"
"LBN   949"	"HII"	"NAME Rosette Nebula"
"LBN 206.39-01.87"	"HII"	"LBN   949"
"LBN 206.39-01.87"	"HII"	"LBN 206.39-01.87"
"LBN 206.39-01.87"	"HII"	"LBN   948"
"LBN 206.39-01.87"	"HII"	"SH  2-275"
"LBN 206.39-01.87"	"HII"	"NAME Rosette Nebula"
"LBN   948"	"HII"	"LBN   949"
"LBN   948"	"HII"	"LBN 206.39-01.87"
"LBN   948"	"HII"	"LBN   948"
"LBN   948"	"HII"	"SH  2-275"
"LBN   948"	"HII"	"NAME Rosette Nebula"
"LBN 351.12+17.17"	"bC*"	"SH  2-9"
"LBN 351.12+17.17"	"bC*"	"LBN 351.12+17.17"
"LBN 351.12+17.17"	"bC*"	"LBN  1101"
"LBN 351.12+17.17"	"bC*"	"VDB 104"
"LBN 351.12+17.17"	"bC*"	"NAME Alniyat"
"LBN  1101"	"bC*"	"SH  2-9"
"LBN  1101"	"bC*"	"LBN 351.12+17.17"
"LBN  1101"	"bC*"	"LBN  1101"
"LBN  1101"	"bC*"	"VDB 104"
"LBN  1101"	"bC*"	"NAME Alniyat"
"LBN   673"	"HII"	"LBN   673"
"LBN   673"	"HII"	"LBN 137.69+01.27"
"LBN 079.22-06.69"	"HII"	"LBN 079.22-06.69"
"LBN 079.22-06.69"	"HII"	"LBN   256"
"LBN   256"	"HII"	"LBN 079.22-06.69"
"LBN   256"	"HII"	"LBN   256"
"LBN 079.66-06.31"	"HII"	"LBN 079.66-06.31"
"LBN 079.66-06.31"	"HII"	"LBN   266"
"LBN   266"	"HII"	"LBN 079.66-06.31"
"LBN   266"	"HII"	"LBN   266"
"LBN 079.74-06.78"	"HII"	"LBN 079.74-06.78"
"LBN 079.74-06.78"	"HII"	"LBN   269"
"LBN   269"	"HII"	"LBN 079.74-06.78"
"LBN   269"	"HII"	"LBN   269"
"LBN 080.36-05.97"	"HII"	"LBN 080.36-05.97"
"LBN 080.36-05.97"	"HII"	"LBN   284"
"LBN   284"	"HII"	"LBN 080.36-05.97"
"LBN   284"	"HII"	"LBN   284"
"LBN 080.62-05.75"	"HII"	"LBN 080.62-05.75"
"LBN 080.62-05.75"	"HII"	"LBN   290"
"LBN   290"	"HII"	"LBN 080.62-05.75"
"LBN   290"	"HII"	"LBN   290"
"LBN 078.55-04.87"	"HII"	"LBN 078.55-04.87"
"LBN 078.55-04.87"	"HII"	"LBN   246"
"LBN   246"	"HII"	"LBN 078.55-04.87"
"LBN   246"	"HII"	"LBN   246"
"LBN 078.81-05.71"	"HII"	"LBN 078.81-05.71"
"LBN 078.81-05.71"	"HII"	"LBN   250"
"LBN   250"	"HII"	"LBN 078.81-05.71"
"LBN   250"	"HII"	"LBN   250"
"LBN 082.31-06.63"	"HII"	"LBN 082.31-06.63"
"LBN 082.31-06.63"	"HII"	"LBN   316"
"LBN   316"	"HII"	"LBN 082.31-06.63"
"LBN   316"	"HII"	"LBN   316"
"LBN 082.58-06.92"	"HII"	"LBN 082.58-06.92"
"LBN 082.58-06.92"	"HII"	"LBN   321"
"LBN   321"	"HII"	"LBN 082.58-06.92"
"LBN   321"	"HII"	"LBN   321"
"LBN 081.01-05.94"	"HII"	"LBN 081.01-05.94"
"LBN 081.01-05.94"	"HII"	"LBN   296"
"LBN   296"	"HII"	"LBN 081.01-05.94"
"LBN   296"	"HII"	"LBN   296"
"LBN 081.26-05.98"	"HII"	"LBN 081.26-05.98"
"LBN 081.26-05.98"	"HII"	"LBN   299"
"LBN   299"	"HII"	"LBN 081.26-05.98"
"LBN   299"	"HII"	"LBN   299"
"LBN 081.44-07.16"	"HII"	"LBN 081.44-07.16"
"LBN 081.44-07.16"	"HII"	"LBN   307"
"LBN   307"	"HII"	"LBN 081.44-07.16"
"LBN   307"	"HII"	"LBN   307"
"LBN 084.22-08.36"	"HII"	"LBN 084.22-08.36"
"LBN 084.22-08.36"	"HII"	"LBN   346"
"LBN   346"	"HII"	"LBN 084.22-08.36"
"LBN   346"	"HII"	"LBN   346"
"LBN 084.24-07.79"	"HII"	"LBN 084.24-07.79"
"LBN 084.24-07.79"	"HII"	"LBN   347"
"LBN 084.24-07.79"	"HII"	"SH  2-114"
"LBN   347"	"HII"	"LBN 084.24-07.79"
"LBN   347"	"HII"	"LBN   347"
"LBN   347"	"HII"	"SH  2-114"
"LBN 083.70-08.31"	"HII"	"LBN 083.70-08.31"
"LBN 083.70-08.31"	"HII"	"LBN   333"
"LBN 083.70-08.31"	"HII"	"SH  2-113"
"LBN   333"	"HII"	"LBN 083.70-08.31"
"LBN   333"	"HII"	"LBN   333"
"LBN   333"	"HII"	"SH  2-113"
"LBN 089.56-08.04"	"HII"	"LBN 089.56-08.04"
"LBN 089.56-08.04"	"HII"	"LBN   405"
"LBN 089.56-08.04"	"HII"	"SH  2-118"
"LBN   405"	"HII"	"LBN 089.56-08.04"
"LBN   405"	"HII"	"LBN   405"
"LBN   405"	"HII"	"SH  2-118"
"LBN 087.52-09.16"	"HII"	"LBN 087.52-09.16"
"LBN 087.52-09.16"	"HII"	"LBN   395"
"LBN   395"	"HII"	"LBN 087.52-09.16"
"LBN   395"	"HII"	"LBN   395"
"LBN 087.58-09.10"	"HII"	"LBN 087.58-09.10"
"LBN 087.58-09.10"	"HII"	"LBN   396"
"LBN   396"	"HII"	"LBN 087.58-09.10"
"LBN   396"	"HII"	"LBN   396"
"LBN 087.64-09.31"	"HII"	"LBN 087.64-09.31"
"LBN 087.64-09.31"	"HII"	"LBN   397"
"LBN   397"	"HII"	"LBN 087.64-09.31"
"LBN   397"	"HII"	"LBN   397"
"LBN 087.66-09.29"	"HII"	"LBN 087.66-09.29"
"LBN 087.66-09.29"	"HII"	"LBN   398"
"LBN   398"	"HII"	"LBN 087.66-09.29"
"LBN   398"	"HII"	"LBN   398"
"LBN 087.72-08.94"	"HII"	"LBN 087.72-08.94"
"LBN 087.72-08.94"	"HII"	"LBN   399"
"LBN   399"	"HII"	"LBN 087.72-08.94"
"LBN   399"	"HII"	"LBN   399"
"LBN 093.22-10.33"	"HII"	"LBN 093.22-10.33"
"LBN 093.22-10.33"	"HII"	"LBN   420"
"LBN   420"	"HII"	"LBN 093.22-10.33"
"LBN   420"	"HII"	"LBN   420"
"LBN 094.57-10.68"	"HII"	"LBN 094.57-10.68"
"LBN 094.57-10.68"	"HII"	"LBN   425"
"LBN   425"	"HII"	"LBN 094.57-10.68"
"LBN   425"	"HII"	"LBN   425"
"LBN 078.72-02.43"	"HII"	"LBN 078.72-02.43"
"LBN 078.72-02.43"	"HII"	"LBN   247"
"LBN   247"	"HII"	"LBN 078.72-02.43"
"LBN   247"	"HII"	"LBN   247"
"LBN 079.19-04.60"	"HII"	"LBN 079.19-04.60"
"LBN 079.19-04.60"	"HII"	"LBN   255"
"LBN   255"	"HII"	"LBN 079.19-04.60"
"LBN   255"	"HII"	"LBN   255"
"LBN 080.35-04.42"	"HII"	"LBN 080.35-04.42"
"LBN 080.35-04.42"	"HII"	"LBN   283"
"LBN   283"	"HII"	"LBN 080.35-04.42"
"LBN   283"	"HII"	"LBN   283"
"LBN 080.67-04.92"	"HII"	"LBN 080.67-04.92"
"LBN 080.67-04.92"	"HII"	"LBN   291"
"LBN   291"	"HII"	"LBN 080.67-04.92"
"LBN   291"	"HII"	"LBN   291"
"LBN 080.96-03.64"	"HII"	"LBN 080.96-03.64"
"LBN 080.96-03.64"	"HII"	"LBN   295"
"LBN   295"	"HII"	"LBN 080.96-03.64"
"LBN   295"	"HII"	"LBN   295"
"LBN 081.37-04.84"	"HII"	"LBN 081.37-04.84"
"LBN 081.37-04.84"	"HII"	"LBN   304"
"LBN   304"	"HII"	"LBN 081.37-04.84"
"LBN   304"	"HII"	"LBN   304"
"LBN 082.38-04.21"	"HII"	"LBN 082.38-04.21"
"LBN 082.38-04.21"	"HII"	"LBN   318"
"LBN   318"	"HII"	"LBN 082.38-04.21"
"LBN   318"	"HII"	"LBN   318"
"LBN 080.61-03.43"	"HII"	"LBN 080.61-03.43"
"LBN 080.61-03.43"	"HII"	"LBN   289"
"LBN   289"	"HII"	"LBN 080.61-03.43"
"LBN   289"	"HII"	"LBN   289"
"LBN 083.98-05.35"	"HII"	"LBN 083.98-05.35"
"LBN 083.98-05.35"	"HII"	"LBN   340"
"LBN   340"	"HII"	"LBN 083.98-05.35"
"LBN   340"	"HII"	"LBN   340"
"LBN 084.82-05.87"	"HII"	"LBN 084.82-05.87"
"LBN 084.82-05.87"	"HII"	"LBN   360"
"LBN   360"	"HII"	"LBN 084.82-05.87"
"LBN   360"	"HII"	"LBN   360"
"LBN 090.06-05.82"	"HII"	"LBN 090.06-05.82"
"LBN 090.06-05.82"	"HII"	"LBN   407"
"LBN   407"	"HII"	"LBN 090.06-05.82"
"LBN   407"	"HII"	"LBN   407"
"LBN 091.00-06.39"	"HII"	"LBN 091.00-06.39"
"LBN 091.00-06.39"	"HII"	"LBN   414"
"LBN 091.00-06.39"	"HII"	"SH  2-123"
"LBN   414"	"HII"	"LBN 091.00-06.39"
"LBN   414"	"HII"	"LBN   414"
"LBN   414"	"HII"	"SH  2-123"
"LBN 111.05-12.46"	"RNe"	"LBN 111.05-12.46"
"LBN 111.05-12.46"	"RNe"	"LBN   534"
"LBN   534"	"RNe"	"LBN 111.05-12.46"
"LBN   534"	"RNe"	"LBN   534"
"LBN 113.87-12.30"	"HII"	"LBN 113.87-12.30"
"LBN 113.87-12.30"	"HII"	"LBN   559"
"LBN   559"	"HII"	"LBN 113.87-12.30"
"LBN   559"	"HII"	"LBN   559"
"LBN 114.07-12.17"	"HII"	"LBN 114.07-12.17"
"LBN 114.07-12.17"	"HII"	"LBN   560"
"LBN   560"	"HII"	"LBN 114.07-12.17"
"LBN   560"	"HII"	"LBN   560"
"LBN 114.12-13.51"	"HII"	"LBN 114.12-13.51"
"LBN 114.12-13.51"	"HII"	"LBN   561"
"LBN   561"	"HII"	"LBN 114.12-13.51"
"LBN   561"	"HII"	"LBN   561"
"LBN 114.48-13.45"	"HII"	"LBN 114.48-13.45"
"LBN 114.48-13.45"	"HII"	"LBN   564"
"LBN   564"	"HII"	"LBN 114.48-13.45"
"LBN   564"	"HII"	"LBN   564"
"LBN 079.61-02.48"	"HII"	"LBN 079.61-02.48"
"LBN 079.61-02.48"	"HII"	"LBN   263"
"LBN   263"	"HII"	"LBN 079.61-02.48"
"LBN   263"	"HII"	"LBN   263"
"LBN 079.63-01.97"	"HII"	"LBN 079.63-01.97"
"LBN 079.63-01.97"	"HII"	"LBN   265"
"LBN   265"	"HII"	"LBN 079.63-01.97"
"LBN   265"	"HII"	"LBN   265"
"LBN 081.31-01.13"	"HII"	"LBN 081.31-01.13"
"LBN 081.31-01.13"	"HII"	"LBN   302"
"LBN   302"	"HII"	"LBN 081.31-01.13"
"LBN   302"	"HII"	"LBN   302"
"LBN 081.54-01.42"	"HII"	"LBN 081.54-01.42"
"LBN 081.54-01.42"	"HII"	"LBN   308"
"LBN   308"	"HII"	"LBN 081.54-01.42"
"LBN   308"	"HII"	"LBN   308"
"LBN 081.66-01.57"	"HII"	"LBN 081.66-01.57"
"LBN 081.66-01.57"	"HII"	"LBN   311"
"LBN   311"	"HII"	"LBN 081.66-01.57"
"LBN   311"	"HII"	"LBN   311"
"LBN 082.39-02.19"	"HII"	"LBN 082.39-02.19"
"LBN 082.39-02.19"	"HII"	"LBN   319"
"LBN   319"	"HII"	"LBN 082.39-02.19"
"LBN   319"	"HII"	"LBN   319"
"LBN 080.15-01.55"	"HII"	"LBN 080.15-01.55"
"LBN 080.15-01.55"	"HII"	"LBN   277"
"LBN   277"	"HII"	"LBN 080.15-01.55"
"LBN   277"	"HII"	"LBN   277"
"LBN 083.04-01.40"	"HII"	"LBN 083.04-01.40"
"LBN 083.04-01.40"	"HII"	"LBN   327"
"LBN   327"	"HII"	"LBN 083.04-01.40"
"LBN   327"	"HII"	"LBN   327"
"LBN 083.65-01.61"	"HII"	"LBN 083.65-01.61"
"LBN 083.65-01.61"	"HII"	"LBN   332"
"LBN   332"	"HII"	"LBN 083.65-01.61"
"LBN   332"	"HII"	"LBN   332"
"LBN 084.76-01.87"	"HII"	"LBN 084.76-01.87"
"LBN 084.76-01.87"	"HII"	"LBN   356"
"LBN   356"	"HII"	"LBN 084.76-01.87"
"LBN   356"	"HII"	"LBN   356"
"LBN 087.23-03.80"	"HII"	"LBN 087.23-03.80"
"LBN 087.23-03.80"	"HII"	"LBN   391"
"LBN 087.23-03.80"	"HII"	"SH  2-119"
"LBN   391"	"HII"	"LBN 087.23-03.80"
"LBN   391"	"HII"	"LBN   391"
"LBN   391"	"HII"	"SH  2-119"
"LBN 086.49-03.76"	"HII"	"LBN 086.49-03.76"
"LBN 086.49-03.76"	"HII"	"LBN   383"
"LBN   383"	"HII"	"LBN 086.49-03.76"
"LBN   383"	"HII"	"LBN   383"
"LBN 086.98-03.54"	"HII"	"LBN 086.98-03.54"
"LBN 086.98-03.54"	"HII"	"LBN   389"
"LBN   389"	"HII"	"LBN 086.98-03.54"
"LBN   389"	"HII"	"LBN   389"
"LBN 087.10-03.43"	"HII"	"LBN 087.10-03.43"
"LBN 087.10-03.43"	"HII"	"LBN   390"
"LBN   390"	"HII"	"LBN 087.10-03.43"
"LBN   390"	"HII"	"LBN   390"
"LBN 087.34-03.44"	"HII"	"LBN 087.34-03.44"
"LBN 087.34-03.44"	"HII"	"LBN   393"
"LBN   393"	"HII"	"LBN 087.34-03.44"
"LBN   393"	"HII"	"LBN   393"
"LBN 087.74-04.32"	"HII"	"LBN 087.74-04.32"
"LBN 087.74-04.32"	"HII"	"LBN   400"
"LBN   400"	"HII"	"LBN 087.74-04.32"
"LBN   400"	"HII"	"LBN   400"
"LBN 087.77-04.81"	"HII"	"LBN 087.77-04.81"
"LBN 087.77-04.81"	"HII"	"LBN   401"
"LBN   401"	"HII"	"LBN 087.77-04.81"
"LBN   401"	"HII"	"LBN   401"
"LBN 085.24-02.42"	"HII"	"LBN 085.24-02.42"
"LBN 085.24-02.42"	"HII"	"LBN   363"
"LBN   363"	"HII"	"LBN 085.24-02.42"
"LBN   363"	"HII"	"LBN   363"
"LBN 085.49-02.69"	"HII"	"LBN 085.49-02.69"
"LBN 085.49-02.69"	"HII"	"LBN   365"
"LBN   365"	"HII"	"LBN 085.49-02.69"
"LBN   365"	"HII"	"LBN   365"
"LBN 085.62-03.32"	"HII"	"LBN 085.62-03.32"
"LBN 085.62-03.32"	"HII"	"LBN   369"
"LBN   369"	"HII"	"LBN 085.62-03.32"
"LBN   369"	"HII"	"LBN   369"
"LBN 088.83-03.99"	"HII"	"LBN 088.83-03.99"
"LBN 088.83-03.99"	"HII"	"LBN   404"
"LBN   404"	"HII"	"LBN 088.83-03.99"
"LBN   404"	"HII"	"LBN   404"
"LBN 087.97-03.84"	"HII"	"LBN 087.97-03.84"
"LBN 087.97-03.84"	"HII"	"LBN   402"
"LBN   402"	"HII"	"LBN 087.97-03.84"
"LBN   402"	"HII"	"LBN   402"
"LBN   424"	"OpC"	"IC 5146"
"LBN   424"	"OpC"	"LBN   424"
"LBN   424"	"OpC"	"LBN 094.43-05.58"
"LBN   424"	"OpC"	"Cl Collinder  470"
"LBN   424"	"OpC"	"NAME Cocoon Nebula"
"LBN 094.43-05.58"	"OpC"	"IC 5146"
"LBN 094.43-05.58"	"OpC"	"LBN   424"
"LBN 094.43-05.58"	"OpC"	"LBN 094.43-05.58"
"LBN 094.43-05.58"	"OpC"	"Cl Collinder  470"
"LBN 094.43-05.58"	"OpC"	"NAME Cocoon Nebula"
"LBN 114.26-11.28"	"HII"	"LBN 114.26-11.28"
"LBN 114.26-11.28"	"HII"	"LBN   563"
"LBN   563"	"HII"	"LBN 114.26-11.28"
"LBN   563"	"HII"	"LBN   563"
"LBN 120.89-12.56"	"HII"	"LBN 120.89-12.56"
"LBN 120.89-12.56"	"HII"	"LBN   600"
"LBN   600"	"HII"	"LBN 120.89-12.56"
"LBN   600"	"HII"	"LBN   600"
"LBN 121.62-10.59"	"HII"	"LBN 121.62-10.59"
"LBN 121.62-10.59"	"HII"	"LBN   603"
"LBN   603"	"HII"	"LBN 121.62-10.59"
"LBN   603"	"HII"	"LBN   603"
"LBN 122.71-12.11"	"MoC"	"LBN 122.71-12.11"
"LBN 122.71-12.11"	"MoC"	"LBN   613"
"LBN   613"	"MoC"	"LBN 122.71-12.11"
"LBN   613"	"MoC"	"LBN   613"
"LBN 122.55-11.61"	"HII"	"LBN 122.55-11.61"
"LBN 122.55-11.61"	"HII"	"LBN   608"
"LBN   608"	"HII"	"LBN 122.55-11.61"
"LBN   608"	"HII"	"LBN   608"
"LBN 122.55-11.86"	"HII"	"LBN 122.55-11.86"
"LBN 122.55-11.86"	"HII"	"LBN   609"
"LBN   609"	"HII"	"LBN 122.55-11.86"
"LBN   609"	"HII"	"LBN   609"
"LBN 122.71-12.19"	"HII"	"LBN 122.71-12.19"
"LBN 122.71-12.19"	"HII"	"LBN   612"
"LBN   612"	"HII"	"LBN 122.71-12.19"
"LBN   612"	"HII"	"LBN   612"
"LBN 078.73+01.45"	"HII"	"LBN 078.73+01.45"
"LBN 078.73+01.45"	"HII"	"LBN   249"
"LBN   249"	"HII"	"LBN 078.73+01.45"
"LBN   249"	"HII"	"LBN   249"
"LBN 079.14+01.74"	"HII"	"LBN 079.14+01.74"
"LBN 079.14+01.74"	"HII"	"LBN   253"
"LBN   253"	"HII"	"LBN 079.14+01.74"
"LBN   253"	"HII"	"LBN   253"
"LBN 079.31+00.93"	"HII"	"LBN 079.31+00.93"
"LBN 079.31+00.93"	"HII"	"LBN   257"
"LBN   257"	"HII"	"LBN 079.31+00.93"
"LBN   257"	"HII"	"LBN   257"
"LBN 079.32+00.22"	"HII"	"LBN 079.32+00.22"
"LBN 079.32+00.22"	"HII"	"LBN   258"
"LBN   258"	"HII"	"LBN 079.32+00.22"
"LBN   258"	"HII"	"LBN   258"
"LBN 079.45+01.73"	"HII"	"LBN 079.45+01.73"
"LBN 079.45+01.73"	"HII"	"LBN   261"
"LBN   261"	"HII"	"LBN 079.45+01.73"
"LBN   261"	"HII"	"LBN   261"
"LBN 078.55+00.85"	"HII"	"IC 1318B"
"LBN 078.55+00.85"	"HII"	"LBN 078.55+00.85"
"LBN 078.55+00.85"	"HII"	"LBN   245"
"LBN   245"	"HII"	"IC 1318B"
"LBN   245"	"HII"	"LBN 078.55+00.85"
"LBN   245"	"HII"	"LBN   245"
"LBN 080.43+00.82"	"HII"	"LBN 080.43+00.82"
"LBN 080.43+00.82"	"HII"	"LBN   285"
"LBN   285"	"HII"	"LBN 080.43+00.82"
"LBN   285"	"HII"	"LBN   285"
"LBN 080.45+01.07"	"HII"	"LBN 080.45+01.07"
"LBN 080.45+01.07"	"HII"	"LBN   286"
"LBN   286"	"HII"	"LBN 080.45+01.07"
"LBN   286"	"HII"	"LBN   286"
"LBN 080.61+01.42"	"HII"	"LBN 080.61+01.42"
"LBN 080.61+01.42"	"HII"	"LBN   288"
"LBN   288"	"HII"	"LBN 080.61+01.42"
"LBN   288"	"HII"	"LBN   288"
"LBN 081.66+00.58"	"HII"	"LBN 081.66+00.58"
"LBN 081.66+00.58"	"HII"	"LBN   312"
"LBN   312"	"HII"	"LBN 081.66+00.58"
"LBN   312"	"HII"	"LBN   312"
"LBN 079.71+01.22"	"HII"	"LBN 079.71+01.22"
"LBN 079.71+01.22"	"HII"	"LBN   267"
"LBN   267"	"HII"	"LBN 079.71+01.22"
"LBN   267"	"HII"	"LBN   267"
"LBN 079.99+00.01"	"HII"	"LBN 079.99+00.01"
"LBN 079.99+00.01"	"HII"	"LBN   271"
"LBN   271"	"HII"	"LBN 079.99+00.01"
"LBN   271"	"HII"	"LBN   271"
"LBN 080.11-00.14"	"HII"	"LBN 080.11-00.14"
"LBN 080.11-00.14"	"HII"	"LBN   275"
"LBN   275"	"HII"	"LBN 080.11-00.14"
"LBN   275"	"HII"	"LBN   275"
"LBN 080.13+00.12"	"HII"	"LBN 080.13+00.12"
"LBN 080.13+00.12"	"HII"	"LBN   276"
"LBN   276"	"HII"	"LBN 080.13+00.12"
"LBN   276"	"HII"	"LBN   276"
"LBN 084.59+00.13"	"ISM"	"IC 5067"
"LBN 084.59+00.13"	"ISM"	"LBN 084.59+00.13"
"LBN 084.59+00.13"	"ISM"	"LBN   353"
"LBN   353"	"ISM"	"IC 5067"
"LBN   353"	"ISM"	"LBN 084.59+00.13"
"LBN   353"	"ISM"	"LBN   353"
"LBN 084.46+00.02"	"HII"	"IC 5070"
"LBN 084.46+00.02"	"HII"	"LBN 084.46+00.02"
"LBN 084.46+00.02"	"HII"	"LBN   350"
"LBN 084.46+00.02"	"HII"	"NAME Pelican"
"LBN 084.46+00.02"	"HII"	"NAME Pelican Nebula"
"LBN   350"	"HII"	"IC 5070"
"LBN   350"	"HII"	"LBN 084.46+00.02"
"LBN   350"	"HII"	"LBN   350"
"LBN   350"	"HII"	"NAME Pelican"
"LBN   350"	"HII"	"NAME Pelican Nebula"
"LBN 082.75+00.27"	"HII"	"LBN 082.75+00.27"
"LBN 082.75+00.27"	"HII"	"LBN   324"
"LBN   324"	"HII"	"LBN 082.75+00.27"
"LBN   324"	"HII"	"LBN   324"
"LBN 083.33-00.44"	"HII"	"LBN 083.33-00.44"
"LBN 083.33-00.44"	"HII"	"LBN   329"
"LBN   329"	"HII"	"LBN 083.33-00.44"
"LBN   329"	"HII"	"LBN   329"
"LBN 083.73+00.12"	"HII"	"LBN 083.73+00.12"
"LBN 083.73+00.12"	"HII"	"LBN   334"
"LBN   334"	"HII"	"LBN 083.73+00.12"
"LBN   334"	"HII"	"LBN   334"
"LBN 083.86+00.22"	"HII"	"LBN 083.86+00.22"
"LBN 083.86+00.22"	"HII"	"LBN   338"
"LBN   338"	"HII"	"LBN 083.86+00.22"
"LBN   338"	"HII"	"LBN   338"
"LBN 084.00+00.57"	"HII"	"LBN 084.00+00.57"
"LBN 084.00+00.57"	"HII"	"LBN   341"
"LBN   341"	"HII"	"LBN 084.00+00.57"
"LBN   341"	"HII"	"LBN   341"
"LBN 084.03-01.29"	"HII"	"LBN 084.03-01.29"
"LBN 084.03-01.29"	"HII"	"LBN   342"
"LBN   342"	"HII"	"LBN 084.03-01.29"
"LBN   342"	"HII"	"LBN   342"
"LBN 084.07-00.30"	"HII"	"LBN 084.07-00.30"
"LBN 084.07-00.30"	"HII"	"LBN   343"
"LBN   343"	"HII"	"LBN 084.07-00.30"
"LBN   343"	"HII"	"LBN   343"
"LBN 084.28-01.32"	"HII"	"LBN 084.28-01.32"
"LBN 084.28-01.32"	"HII"	"LBN   348"
"LBN 084.28-01.32"	"HII"	"LBN   349"
"LBN   348"	"HII"	"LBN 084.28-01.32"
"LBN   348"	"HII"	"LBN   348"
"LBN   348"	"HII"	"LBN   349"
"LBN   349"	"HII"	"LBN 084.28-01.32"
"LBN   349"	"HII"	"LBN   348"
"LBN   349"	"HII"	"LBN   349"
"LBN 084.64-01.49"	"HII"	"LBN 084.64-01.49"
"LBN 084.64-01.49"	"HII"	"LBN   354"
"LBN   354"	"HII"	"LBN 084.64-01.49"
"LBN   354"	"HII"	"LBN   354"
"LBN 084.82-00.15"	"HII"	"LBN 084.82-00.15"
"LBN 084.82-00.15"	"HII"	"LBN   359"
"LBN   359"	"HII"	"LBN 084.82-00.15"
"LBN   359"	"HII"	"LBN   359"
"LBN 083.18-01.05"	"HII"	"IC 5068"
"LBN 083.18-01.05"	"HII"	"LBN 083.18-01.05"
"LBN 083.18-01.05"	"HII"	"LBN   328"
"LBN   328"	"HII"	"IC 5068"
"LBN   328"	"HII"	"LBN 083.18-01.05"
"LBN   328"	"HII"	"LBN   328"
"LBN 082.57-00.83"	"HII"	"LBN 082.57-00.83"
"LBN 082.57-00.83"	"HII"	"LBN   320"
"LBN   320"	"HII"	"LBN 082.57-00.83"
"LBN   320"	"HII"	"LBN   320"
"LBN 082.64+00.41"	"HII"	"LBN 082.64+00.41"
"LBN 082.64+00.41"	"HII"	"LBN   322"
"LBN   322"	"HII"	"LBN 082.64+00.41"
"LBN   322"	"HII"	"LBN   322"
"LBN 082.70+00.46"	"HII"	"LBN 082.70+00.46"
"LBN 082.70+00.46"	"HII"	"LBN   323"
"LBN   323"	"HII"	"LBN 082.70+00.46"
"LBN   323"	"HII"	"LBN   323"
"LBN 085.68+00.12"	"HII"	"LBN 085.68+00.12"
"LBN 085.68+00.12"	"HII"	"LBN   371"
"LBN   371"	"HII"	"LBN 085.68+00.12"
"LBN   371"	"HII"	"LBN   371"
"LBN 086.04-00.04"	"HII"	"LBN 086.04-00.04"
"LBN 086.04-00.04"	"HII"	"LBN   378"
"LBN   378"	"HII"	"LBN 086.04-00.04"
"LBN   378"	"HII"	"LBN   378"
"LBN 086.52-00.09"	"HII"	"LBN 086.52-00.09"
"LBN 086.52-00.09"	"HII"	"LBN   384"
"LBN   384"	"HII"	"LBN 086.52-00.09"
"LBN   384"	"HII"	"LBN   384"
"LBN 086.61-00.95"	"HII"	"LBN 086.61-00.95"
"LBN 086.61-00.95"	"HII"	"LBN   385"
"LBN   385"	"HII"	"LBN 086.61-00.95"
"LBN   385"	"HII"	"LBN   385"
"LBN 086.76-00.11"	"HII"	"LBN 086.76-00.11"
"LBN 086.76-00.11"	"HII"	"LBN   387"
"LBN   387"	"HII"	"LBN 086.76-00.11"
"LBN   387"	"HII"	"LBN   387"
"LBN 087.33-01.73"	"HII"	"LBN 087.33-01.73"
"LBN 087.33-01.73"	"HII"	"LBN   392"
"LBN   392"	"HII"	"LBN 087.33-01.73"
"LBN   392"	"HII"	"LBN   392"
"LBN 085.75-01.48"	"Cl*"	"LBN 085.75-01.48"
"LBN 085.75-01.48"	"Cl*"	"LBN   373"
"LBN 085.75-01.48"	"Cl*"	"NAME NORTH AMER NEB"
"LBN 085.75-01.48"	"Cl*"	"NAME North America"
"LBN 085.75-01.48"	"Cl*"	"NGC  7000"
"LBN 085.75-01.48"	"Cl*"	"SH  2-117"
"LBN 085.75-01.48"	"Cl*"	"NAME North America Nebula"
"LBN 085.75-01.48"	"Cl*"	"NAME Bermuda Cluster"
"LBN   373"	"Cl*"	"LBN 085.75-01.48"
"LBN   373"	"Cl*"	"LBN   373"
"LBN   373"	"Cl*"	"NAME NORTH AMER NEB"
"LBN   373"	"Cl*"	"NAME North America"
"LBN   373"	"Cl*"	"NGC  7000"
"LBN   373"	"Cl*"	"SH  2-117"
"LBN   373"	"Cl*"	"NAME North America Nebula"
"LBN   373"	"Cl*"	"NAME Bermuda Cluster"
"LBN 091.66-02.54"	"HII"	"LBN 091.66-02.54"
"LBN 091.66-02.54"	"HII"	"LBN   416"
"LBN   416"	"HII"	"LBN 091.66-02.54"
"LBN   416"	"HII"	"LBN   416"
"LBN 091.75-01.47"	"HII"	"LBN 091.75-01.47"
"LBN 091.75-01.47"	"HII"	"LBN   417"
"LBN   417"	"HII"	"LBN 091.75-01.47"
"LBN   417"	"HII"	"LBN   417"
"LBN 094.79-01.77"	"HII"	"LBN 094.79-01.77"
"LBN 094.79-01.77"	"HII"	"LBN   426"
"LBN 094.79-01.77"	"HII"	"SH  2-124"
"LBN   426"	"HII"	"LBN 094.79-01.77"
"LBN   426"	"HII"	"LBN   426"
"LBN   426"	"HII"	"SH  2-124"
"LBN 094.08-01.36"	"HII"	"LBN 094.08-01.36"
"LBN 094.08-01.36"	"HII"	"LBN   421"
"LBN   421"	"HII"	"LBN 094.08-01.36"
"LBN   421"	"HII"	"LBN   421"
"LBN 094.41-01.48"	"HII"	"LBN 094.41-01.48"
"LBN 094.41-01.48"	"HII"	"LBN   423"
"LBN   423"	"HII"	"LBN 094.41-01.48"
"LBN   423"	"HII"	"LBN   423"
"LBN 114.18-06.90"	"HII"	"LBN 114.18-06.90"
"LBN 114.18-06.90"	"HII"	"LBN   562"
"LBN   562"	"HII"	"LBN 114.18-06.90"
"LBN   562"	"HII"	"LBN   562"
"LBN 122.60-07.27"	"RNe"	"LBN 122.60-07.27"
"LBN 122.60-07.27"	"RNe"	"LBN   610"
"LBN   610"	"RNe"	"LBN 122.60-07.27"
"LBN   610"	"RNe"	"LBN   610"
"LBN 137.50-10.06"	"HII"	"LBN 137.50-10.06"
"LBN 137.50-10.06"	"HII"	"LBN   671"
"LBN   671"	"HII"	"LBN 137.50-10.06"
"LBN   671"	"HII"	"LBN   671"
"LBN 137.23-09.80"	"HII"	"LBN 137.23-09.80"
"LBN 137.23-09.80"	"HII"	"LBN   666"
"LBN   666"	"HII"	"LBN 137.23-09.80"
"LBN   666"	"HII"	"LBN   666"
"LBN 137.29-09.96"	"HII"	"LBN 137.29-09.96"
"LBN 137.29-09.96"	"HII"	"LBN   668"
"LBN   668"	"HII"	"LBN 137.29-09.96"
"LBN   668"	"HII"	"LBN   668"
"LBN 077.60+04.58"	"HII"	"LBN 077.60+04.58"
"LBN 077.60+04.58"	"HII"	"LBN   233"
"LBN   233"	"HII"	"LBN 077.60+04.58"
"LBN   233"	"HII"	"LBN   233"
"LBN 077.78+03.11"	"HII"	"LBN 077.78+03.11"
"LBN 077.78+03.11"	"HII"	"LBN   236"
"LBN   236"	"HII"	"LBN 077.78+03.11"
"LBN   236"	"HII"	"LBN   236"
"LBN 078.12+03.79"	"HII"	"LBN 078.12+03.79"
"LBN 078.12+03.79"	"HII"	"LBN   239"
"LBN   239"	"HII"	"LBN 078.12+03.79"
"LBN   239"	"HII"	"LBN   239"
"LBN 078.21+02.48"	"HII"	"LBN 078.21+02.48"
"LBN 078.21+02.48"	"HII"	"LBN   240"
"LBN 078.21+02.48"	"HII"	"LBN   241"
"LBN   240"	"HII"	"LBN 078.21+02.48"
"LBN   240"	"HII"	"LBN   240"
"LBN   240"	"HII"	"LBN   241"
"LBN   241"	"HII"	"LBN 078.21+02.48"
"LBN   241"	"HII"	"LBN   240"
"LBN   241"	"HII"	"LBN   241"
"LBN 078.73+02.61"	"HII"	"LBN 078.73+02.61"
"LBN 078.73+02.61"	"HII"	"LBN   248"
"LBN   248"	"HII"	"LBN 078.73+02.61"
"LBN   248"	"HII"	"LBN   248"
"LBN 078.85+03.60"	"HII"	"IC 1318A"
"LBN 078.85+03.60"	"HII"	"LBN 078.85+03.60"
"LBN 078.85+03.60"	"HII"	"LBN   251"
"LBN   251"	"HII"	"IC 1318A"
"LBN   251"	"HII"	"LBN 078.85+03.60"
"LBN   251"	"HII"	"LBN   251"
"LBN 077.26+04.80"	"HII"	"LBN 077.26+04.80"
"LBN 077.26+04.80"	"HII"	"LBN   227"
"LBN   227"	"HII"	"LBN 077.26+04.80"
"LBN   227"	"HII"	"LBN   227"
"LBN 078.37+04.63"	"HII"	"LBN 078.37+04.63"
"LBN 078.37+04.63"	"HII"	"LBN   243"
"LBN   243"	"HII"	"LBN 078.37+04.63"
"LBN   243"	"HII"	"LBN   243"
"LBN 076.80+04.28"	"HII"	"LBN 076.80+04.28"
"LBN 076.80+04.28"	"HII"	"LBN   222"
"LBN   222"	"HII"	"LBN 076.80+04.28"
"LBN   222"	"HII"	"LBN   222"
"LBN 076.90+03.21"	"HII"	"LBN 076.90+03.21"
"LBN 076.90+03.21"	"HII"	"LBN   223"
"LBN   223"	"HII"	"LBN 076.90+03.21"
"LBN   223"	"HII"	"LBN   223"
"LBN 079.87+02.72"	"HII"	"LBN 079.87+02.72"
"LBN 079.87+02.72"	"HII"	"LBN   270"
"LBN   270"	"HII"	"LBN 079.87+02.72"
"LBN   270"	"HII"	"LBN   270"
"LBN 080.08+02.42"	"HII"	"LBN 080.08+02.42"
"LBN 080.08+02.42"	"HII"	"LBN   273"
"LBN   273"	"HII"	"LBN 080.08+02.42"
"LBN   273"	"HII"	"LBN   273"
"LBN 080.16+04.05"	"HII"	"LBN 080.16+04.05"
"LBN 080.16+04.05"	"HII"	"LBN   278"
"LBN   278"	"HII"	"LBN 080.16+04.05"
"LBN   278"	"HII"	"LBN   278"
"LBN 080.19+02.27"	"HII"	"LBN 080.19+02.27"
"LBN 080.19+02.27"	"HII"	"LBN   279"
"LBN   279"	"HII"	"LBN 080.19+02.27"
"LBN   279"	"HII"	"LBN   279"
"LBN 080.34+02.60"	"HII"	"LBN 080.34+02.60"
"LBN 080.34+02.60"	"HII"	"LBN   281"
"LBN   281"	"HII"	"LBN 080.34+02.60"
"LBN   281"	"HII"	"LBN   281"
"LBN 080.79+03.15"	"HII"	"LBN 080.79+03.15"
"LBN 080.79+03.15"	"HII"	"LBN   292"
"LBN   292"	"HII"	"LBN 080.79+03.15"
"LBN   292"	"HII"	"LBN   292"
"LBN 080.92+02.11"	"HII"	"LBN 080.92+02.11"
"LBN 080.92+02.11"	"HII"	"LBN   293"
"LBN   293"	"HII"	"LBN 080.92+02.11"
"LBN   293"	"HII"	"LBN   293"
"LBN 081.27+03.92"	"HII"	"LBN 081.27+03.92"
"LBN 081.27+03.92"	"HII"	"LBN   300"
"LBN   300"	"HII"	"LBN 081.27+03.92"
"LBN   300"	"HII"	"LBN   300"
"LBN 081.38+02.90"	"HII"	"LBN 081.38+02.90"
"LBN 081.38+02.90"	"HII"	"LBN   305"
"LBN   305"	"HII"	"LBN 081.38+02.90"
"LBN   305"	"HII"	"LBN   305"
"LBN 081.54+02.11"	"HII"	"LBN 081.54+02.11"
"LBN 081.54+02.11"	"HII"	"LBN   309"
"LBN   309"	"HII"	"LBN 081.54+02.11"
"LBN   309"	"HII"	"LBN   309"
"LBN 080.26+02.54"	"HII"	"LBN 080.26+02.54"
"LBN 080.26+02.54"	"HII"	"LBN   274"
"LBN 080.26+02.54"	"HII"	"LBN   280"
"LBN 080.26+02.54"	"HII"	"LBN 080.10+02.66"
"LBN 080.26+02.54"	"HII"	"NGC  6914"
"LBN   274"	"HII"	"LBN 080.26+02.54"
"LBN   274"	"HII"	"LBN   274"
"LBN   274"	"HII"	"LBN   280"
"LBN   274"	"HII"	"LBN 080.10+02.66"
"LBN   274"	"HII"	"NGC  6914"
"LBN   280"	"HII"	"LBN 080.26+02.54"
"LBN   280"	"HII"	"LBN   274"
"LBN   280"	"HII"	"LBN   280"
"LBN   280"	"HII"	"LBN 080.10+02.66"
"LBN   280"	"HII"	"NGC  6914"
"LBN 080.10+02.66"	"HII"	"LBN 080.26+02.54"
"LBN 080.10+02.66"	"HII"	"LBN   274"
"LBN 080.10+02.66"	"HII"	"LBN   280"
"LBN 080.10+02.66"	"HII"	"LBN 080.10+02.66"
"LBN 080.10+02.66"	"HII"	"NGC  6914"
"LBN 079.34+03.48"	"HII"	"LBN 079.34+03.48"
"LBN 079.34+03.48"	"HII"	"LBN   259"
"LBN   259"	"HII"	"LBN 079.34+03.48"
"LBN   259"	"HII"	"LBN   259"
"LBN 079.73+02.40"	"HII"	"LBN 079.73+02.40"
"LBN 079.73+02.40"	"HII"	"LBN   268"
"LBN   268"	"HII"	"LBN 079.73+02.40"
"LBN   268"	"HII"	"LBN   268"
"LBN 083.34+02.78"	"HII"	"LBN 083.34+02.78"
"LBN 083.34+02.78"	"HII"	"LBN   330"
"LBN   330"	"HII"	"LBN 083.34+02.78"
"LBN   330"	"HII"	"LBN   330"
"LBN 083.92+02.55"	"HII"	"LBN 083.92+02.55"
"LBN 083.92+02.55"	"HII"	"LBN   339"
"LBN   339"	"HII"	"LBN 083.92+02.55"
"LBN   339"	"HII"	"LBN   339"
"LBN 084.48+03.20"	"HII"	"LBN 084.48+03.20"
"LBN 084.48+03.20"	"HII"	"LBN   351"
"LBN   351"	"HII"	"LBN 084.48+03.20"
"LBN   351"	"HII"	"LBN   351"
"LBN 083.77+03.32"	"HII"	"Ced 181"
"LBN 083.77+03.32"	"HII"	"LBN 083.77+03.32"
"LBN 083.77+03.32"	"HII"	"LBN   337"
"LBN   337"	"HII"	"Ced 181"
"LBN   337"	"HII"	"LBN 083.77+03.32"
"LBN   337"	"HII"	"LBN   337"
"LBN 082.24+02.85"	"HII"	"LBN 082.24+02.85"
"LBN 082.24+02.85"	"HII"	"LBN   315"
"LBN   315"	"HII"	"LBN 082.24+02.85"
"LBN   315"	"HII"	"LBN   315"
"LBN 082.35+02.71"	"HII"	"LBN 082.35+02.71"
"LBN 082.35+02.71"	"HII"	"LBN   317"
"LBN   317"	"HII"	"LBN 082.35+02.71"
"LBN   317"	"HII"	"LBN   317"
"LBN 086.87+01.80"	"HII"	"LBN 086.87+01.80"
"LBN 086.87+01.80"	"HII"	"LBN   388"
"LBN   388"	"HII"	"LBN 086.87+01.80"
"LBN   388"	"HII"	"LBN   388"
"LBN 084.88+02.41"	"HII"	"LBN 084.88+02.41"
"LBN 084.88+02.41"	"HII"	"LBN   361"
"LBN   361"	"HII"	"LBN 084.88+02.41"
"LBN   361"	"HII"	"LBN   361"
"LBN 088.34+01.71"	"RNe"	"LBN 088.34+01.71"
"LBN 088.34+01.71"	"RNe"	"LBN   403"
"LBN   403"	"RNe"	"LBN 088.34+01.71"
"LBN   403"	"RNe"	"LBN   403"
"LBN 087.47+01.41"	"RNe"	"Ced 185"
"LBN 087.47+01.41"	"RNe"	"IC 5076"
"LBN 087.47+01.41"	"RNe"	"LBN 087.47+01.41"
"LBN 087.47+01.41"	"RNe"	"LBN   394"
"LBN   394"	"RNe"	"Ced 185"
"LBN   394"	"RNe"	"IC 5076"
"LBN   394"	"RNe"	"LBN 087.47+01.41"
"LBN   394"	"RNe"	"LBN   394"
"LBN 090.45+01.40"	"HII"	"LBN 090.45+01.40"
"LBN 090.45+01.40"	"HII"	"LBN   410"
"LBN   410"	"HII"	"LBN 090.45+01.40"
"LBN   410"	"HII"	"LBN   410"
"LBN 102.79-00.92"	"HII"	"LBN 102.79-00.92"
"LBN 102.79-00.92"	"HII"	"LBN   473"
"LBN 102.79-00.92"	"HII"	"SH  2-132"
"LBN   473"	"HII"	"LBN 102.79-00.92"
"LBN   473"	"HII"	"LBN   473"
"LBN   473"	"HII"	"SH  2-132"
"LBN 102.76-00.70"	"HII"	"LBN 102.76-00.70"
"LBN 102.76-00.70"	"HII"	"LBN   471"
"LBN   471"	"HII"	"LBN 102.76-00.70"
"LBN   471"	"HII"	"LBN   471"
"LBN 108.59-02.73"	"HII"	"LBN 108.59-02.73"
"LBN 108.59-02.73"	"HII"	"LBN   517"
"LBN 108.59-02.73"	"HII"	"SH  2-151"
"LBN   517"	"HII"	"LBN 108.59-02.73"
"LBN   517"	"HII"	"LBN   517"
"LBN   517"	"HII"	"SH  2-151"
"LBN   597"	"PN"	"LBN   597"
"LBN   597"	"PN"	"LBN 120.29-05.51"
"LBN   597"	"PN"	"SH  2-176"
"LBN 120.29-05.51"	"PN"	"LBN   597"
"LBN 120.29-05.51"	"PN"	"LBN 120.29-05.51"
"LBN 120.29-05.51"	"PN"	"SH  2-176"
"LBN 119.83-06.05"	"MoC"	"LBN 119.83-06.05"
"LBN 119.83-06.05"	"MoC"	"LBN   594"
"LBN   594"	"MoC"	"LBN 119.83-06.05"
"LBN   594"	"MoC"	"LBN   594"
"LBN 119.98-06.02"	"HII"	"LBN 119.98-06.02"
"LBN 119.98-06.02"	"HII"	"LBN   595"
"LBN   595"	"HII"	"LBN 119.98-06.02"
"LBN   595"	"HII"	"LBN   595"
"LBN 122.17-07.10"	"HII"	"LBN 122.17-07.10"
"LBN 122.17-07.10"	"HII"	"LBN   605"
"LBN   605"	"HII"	"LBN 122.17-07.10"
"LBN   605"	"HII"	"LBN   605"
"LBN 122.36-04.94"	"HII"	"LBN 122.36-04.94"
"LBN 122.36-04.94"	"HII"	"LBN   607"
"LBN   607"	"HII"	"LBN 122.36-04.94"
"LBN   607"	"HII"	"LBN   607"
"LBN 122.62-05.61"	"HII"	"LBN 122.62-05.61"
"LBN 122.62-05.61"	"HII"	"LBN   611"
"LBN   611"	"HII"	"LBN 122.62-05.61"
"LBN   611"	"HII"	"LBN   611"
"LBN 120.50-06.52"	"RNe"	"LBN 120.50-06.52"
"LBN 120.50-06.52"	"RNe"	"LBN   599"
"LBN   599"	"RNe"	"LBN 120.50-06.52"
"LBN   599"	"RNe"	"LBN   599"
"LBN 123.70-06.40"	"RNe"	"LBN 123.70-06.40"
"LBN 123.70-06.40"	"RNe"	"LBN   621"
"LBN   621"	"RNe"	"LBN 123.70-06.40"
"LBN   621"	"RNe"	"LBN   621"
"LBN 123.03-06.44"	"HII"	"LBN 123.03-06.44"
"LBN 123.03-06.44"	"HII"	"LBN   615"
"LBN   615"	"HII"	"LBN 123.03-06.44"
"LBN   615"	"HII"	"LBN   615"
"LBN 123.17-06.28"	"HII"	"Ced   3"
"LBN 123.17-06.28"	"HII"	"LBN 123.17-06.28"
"LBN 123.17-06.28"	"HII"	"LBN   616"
"LBN 123.17-06.28"	"HII"	"NGC   281"
"LBN 123.17-06.28"	"HII"	"NGC   281W"
"LBN 123.17-06.28"	"HII"	"SH  2-184"
"LBN   616"	"HII"	"Ced   3"
"LBN   616"	"HII"	"LBN 123.17-06.28"
"LBN   616"	"HII"	"LBN   616"
"LBN   616"	"HII"	"NGC   281"
"LBN   616"	"HII"	"NGC   281W"
"LBN   616"	"HII"	"SH  2-184"
"LBN 130.43-06.52"	"HII"	"LBN 130.43-06.52"
"LBN 130.43-06.52"	"HII"	"LBN   637"
"LBN   637"	"HII"	"LBN 130.43-06.52"
"LBN   637"	"HII"	"LBN   637"
"LBN 131.54-08.16"	"HII"	"LBN 131.54-08.16"
"LBN 131.54-08.16"	"HII"	"LBN   640"
"LBN   640"	"HII"	"LBN 131.54-08.16"
"LBN   640"	"HII"	"LBN   640"
"LBN 130.67-06.98"	"HII"	"LBN 130.67-06.98"
"LBN 130.67-06.98"	"HII"	"LBN   638"
"LBN   638"	"HII"	"LBN 130.67-06.98"
"LBN   638"	"HII"	"LBN   638"
"LBN 077.47+06.04"	"HII"	"LBN 077.47+06.04"
"LBN 077.47+06.04"	"HII"	"LBN   232"
"LBN   232"	"HII"	"LBN 077.47+06.04"
"LBN   232"	"HII"	"LBN   232"
"LBN 078.05+05.74"	"HII"	"LBN 078.05+05.74"
"LBN 078.05+05.74"	"HII"	"LBN   238"
"LBN   238"	"HII"	"LBN 078.05+05.74"
"LBN   238"	"HII"	"LBN   238"
"LBN 078.28+06.32"	"HII"	"LBN 078.28+06.32"
"LBN 078.28+06.32"	"HII"	"LBN   242"
"LBN   242"	"HII"	"LBN 078.28+06.32"
"LBN   242"	"HII"	"LBN   242"
"LBN 078.46+06.65"	"HII"	"LBN 078.46+06.65"
"LBN 078.46+06.65"	"HII"	"LBN   244"
"LBN   244"	"HII"	"LBN 078.46+06.65"
"LBN   244"	"HII"	"LBN   244"
"LBN 078.85+06.03"	"HII"	"LBN 078.85+06.03"
"LBN 078.85+06.03"	"HII"	"LBN   252"
"LBN   252"	"HII"	"LBN 078.85+06.03"
"LBN   252"	"HII"	"LBN   252"
"LBN 077.82+06.91"	"HII"	"LBN 077.82+06.91"
"LBN 077.82+06.91"	"HII"	"LBN   237"
"LBN   237"	"HII"	"LBN 077.82+06.91"
"LBN   237"	"HII"	"LBN   237"
"LBN 079.62+06.08"	"HII"	"LBN 079.62+06.08"
"LBN 079.62+06.08"	"HII"	"LBN   264"
"LBN   264"	"HII"	"LBN 079.62+06.08"
"LBN   264"	"HII"	"LBN   264"
"LBN 081.23+04.56"	"HII"	"LBN 081.23+04.56"
"LBN 081.23+04.56"	"HII"	"LBN   298"
"LBN   298"	"HII"	"LBN 081.23+04.56"
"LBN   298"	"HII"	"LBN   298"
"LBN 081.31+05.04"	"HII"	"LBN 081.31+05.04"
"LBN 081.31+05.04"	"HII"	"LBN   301"
"LBN   301"	"HII"	"LBN 081.31+05.04"
"LBN   301"	"HII"	"LBN   301"
"LBN 081.37+04.65"	"HII"	"LBN 081.37+04.65"
"LBN 081.37+04.65"	"HII"	"LBN   303"
"LBN   303"	"HII"	"LBN 081.37+04.65"
"LBN   303"	"HII"	"LBN   303"
"LBN 081.62+05.47"	"HII"	"LBN 081.62+05.47"
"LBN 081.62+05.47"	"HII"	"LBN   310"
"LBN   310"	"HII"	"LBN 081.62+05.47"
"LBN   310"	"HII"	"LBN   310"
"LBN 079.37+06.78"	"HII"	"LBN 079.37+06.78"
"LBN 079.37+06.78"	"HII"	"LBN   260"
"LBN   260"	"HII"	"LBN 079.37+06.78"
"LBN   260"	"HII"	"LBN   260"
"LBN 082.79+05.83"	"HII"	"LBN 082.79+05.83"
"LBN 082.79+05.83"	"HII"	"LBN   325"
"LBN   325"	"HII"	"LBN 082.79+05.83"
"LBN   325"	"HII"	"LBN   325"
"LBN 083.03+05.78"	"HII"	"LBN 083.03+05.78"
"LBN 083.03+05.78"	"HII"	"LBN   326"
"LBN   326"	"HII"	"LBN 083.03+05.78"
"LBN   326"	"HII"	"LBN   326"
"LBN 083.73+05.64"	"HII"	"LBN 083.73+05.64"
"LBN 083.73+05.64"	"HII"	"LBN   335"
"LBN   335"	"HII"	"LBN 083.73+05.64"
"LBN   335"	"HII"	"LBN   335"
"LBN 083.77+05.88"	"HII"	"LBN 083.77+05.88"
"LBN 083.77+05.88"	"HII"	"LBN   336"
"LBN   336"	"HII"	"LBN 083.77+05.88"
"LBN   336"	"HII"	"LBN   336"
"LBN 084.07+05.46"	"HII"	"LBN 084.07+05.46"
"LBN 084.07+05.46"	"HII"	"LBN   344"
"LBN   344"	"HII"	"LBN 084.07+05.46"
"LBN   344"	"HII"	"LBN   344"
"LBN 081.88+04.79"	"HII"	"LBN 081.88+04.79"
"LBN 081.88+04.79"	"HII"	"LBN   314"
"LBN   314"	"HII"	"LBN 081.88+04.79"
"LBN   314"	"HII"	"LBN   314"
"LBN   357"	"HII"	"LBN   357"
"LBN   357"	"HII"	"SH  2-115"
"LBN 084.81+03.88"	"HII"	"LBN 084.81+03.88"
"LBN 084.81+03.88"	"HII"	"LBN   358"
"LBN   358"	"HII"	"LBN 084.81+03.88"
"LBN   358"	"HII"	"LBN   358"
"LBN 084.97+04.21"	"HII"	"LBN 084.97+04.21"
"LBN 084.97+04.21"	"HII"	"LBN   362"
"LBN   362"	"HII"	"LBN 084.97+04.21"
"LBN   362"	"HII"	"LBN   362"
"LBN 085.58+04.24"	"HII"	"LBN 085.58+04.24"
"LBN 085.58+04.24"	"HII"	"LBN   367"
"LBN 085.58+04.24"	"HII"	"LBN   368"
"LBN   367"	"HII"	"LBN 085.58+04.24"
"LBN   367"	"HII"	"LBN   367"
"LBN   367"	"HII"	"LBN   368"
"LBN   368"	"HII"	"LBN 085.58+04.24"
"LBN   368"	"HII"	"LBN   367"
"LBN   368"	"HII"	"LBN   368"
"LBN 085.71+04.34"	"HII"	"LBN 085.71+04.34"
"LBN 085.71+04.34"	"HII"	"LBN   372"
"LBN   372"	"HII"	"LBN 085.71+04.34"
"LBN   372"	"HII"	"LBN   372"
"LBN 085.91+04.07"	"HII"	"LBN 085.91+04.07"
"LBN 085.91+04.07"	"HII"	"LBN   375"
"LBN   375"	"HII"	"LBN 085.91+04.07"
"LBN   375"	"HII"	"LBN   375"
"LBN 085.94+04.31"	"HII"	"LBN 085.94+04.31"
"LBN 085.94+04.31"	"HII"	"LBN   376"
"LBN   376"	"HII"	"LBN 085.94+04.31"
"LBN   376"	"HII"	"LBN   376"
"LBN 086.08+04.41"	"HII"	"LBN 086.08+04.41"
"LBN 086.08+04.41"	"HII"	"LBN   380"
"LBN   380"	"HII"	"LBN 086.08+04.41"
"LBN   380"	"HII"	"LBN   380"
"LBN 086.28+04.98"	"HII"	"LBN 086.28+04.98"
"LBN 086.28+04.98"	"HII"	"LBN   381"
"LBN   381"	"HII"	"LBN 086.28+04.98"
"LBN   381"	"HII"	"LBN   381"
"LBN 084.57+04.76"	"HII"	"LBN 084.57+04.76"
"LBN 084.57+04.76"	"HII"	"LBN   352"
"LBN   352"	"HII"	"LBN 084.57+04.76"
"LBN   352"	"HII"	"LBN   352"
"LBN 090.48+02.30"	"HII"	"LBN 090.48+02.30"
"LBN 090.48+02.30"	"HII"	"LBN   412"
"LBN   412"	"HII"	"LBN 090.48+02.30"
"LBN   412"	"HII"	"LBN   412"
"LBN 096.23+02.55"	"HII"	"LBN 096.23+02.55"
"LBN 096.23+02.55"	"HII"	"LBN   436"
"LBN 096.23+02.55"	"HII"	"SH  2-127"
"LBN   436"	"HII"	"LBN 096.23+02.55"
"LBN   436"	"HII"	"LBN   436"
"LBN   436"	"HII"	"SH  2-127"
"LBN 104.28+02.09"	"HII"	"LBN 104.28+02.09"
"LBN 104.28+02.09"	"HII"	"LBN   490"
"LBN 104.28+02.09"	"HII"	"SH  2-134"
"LBN   490"	"HII"	"LBN 104.28+02.09"
"LBN   490"	"HII"	"LBN   490"
"LBN   490"	"HII"	"SH  2-134"
"LBN 102.84+02.07"	"HII"	"LBN 102.84+02.07"
"LBN 102.84+02.07"	"HII"	"LBN   474"
"LBN   474"	"HII"	"LBN 102.84+02.07"
"LBN   474"	"HII"	"LBN   474"
"LBN 103.10+01.28"	"HII"	"LBN 103.10+01.28"
"LBN 103.10+01.28"	"HII"	"LBN   479"
"LBN   479"	"HII"	"LBN 103.10+01.28"
"LBN   479"	"HII"	"LBN   479"
"LBN 103.71+02.17"	"HII"	"LBN 103.71+02.17"
"LBN 103.71+02.17"	"HII"	"LBN   485"
"LBN   485"	"HII"	"LBN 103.71+02.17"
"LBN   485"	"HII"	"LBN   485"
"LBN 104.04+01.73"	"HII"	"LBN 104.04+01.73"
"LBN 104.04+01.73"	"HII"	"LBN   486"
"LBN   486"	"HII"	"LBN 104.04+01.73"
"LBN   486"	"HII"	"LBN   486"
"LBN 104.23+02.02"	"HII"	"LBN 104.23+02.02"
"LBN 104.23+02.02"	"HII"	"LBN   489"
"LBN   489"	"HII"	"LBN 104.23+02.02"
"LBN   489"	"HII"	"LBN   489"
"LBN 104.38+02.02"	"HII"	"LBN 104.38+02.02"
"LBN 104.38+02.02"	"HII"	"LBN   491"
"LBN   491"	"HII"	"LBN 104.38+02.02"
"LBN   491"	"HII"	"LBN   491"
"LBN 104.44+01.39"	"HII"	"LBN 104.44+01.39"
"LBN 104.44+01.39"	"HII"	"LBN   493"
"LBN   493"	"HII"	"LBN 104.44+01.39"
"LBN   493"	"HII"	"LBN   493"
"LBN 104.39+01.32"	"HII"	"LBN 104.39+01.32"
"LBN 104.39+01.32"	"HII"	"LBN   492"
"LBN 104.39+01.32"	"HII"	"SH  2-135"
"LBN   492"	"HII"	"LBN 104.39+01.32"
"LBN   492"	"HII"	"LBN   492"
"LBN   492"	"HII"	"SH  2-135"
"LBN 106.32-00.35"	"HII"	"LBN 106.32-00.35"
"LBN 106.32-00.35"	"HII"	"LBN   502"
"LBN 106.32-00.35"	"HII"	"SH  2-139"
"LBN   502"	"HII"	"LBN 106.32-00.35"
"LBN   502"	"HII"	"LBN   502"
"LBN   502"	"HII"	"SH  2-139"
"LBN 106.30-00.11"	"HII"	"LBN 106.30-00.11"
"LBN 106.30-00.11"	"HII"	"LBN   501"
"LBN   501"	"HII"	"LBN 106.30-00.11"
"LBN   501"	"HII"	"LBN   501"
"LBN 106.76-00.92"	"HII"	"LBN 106.76-00.92"
"LBN 106.76-00.92"	"HII"	"LBN   506"
"LBN   506"	"HII"	"LBN 106.76-00.92"
"LBN   506"	"HII"	"LBN   506"
"LBN 108.78-01.01"	"HII"	"LBN 108.78-01.01"
"LBN 108.78-01.01"	"HII"	"LBN   518"
"LBN 108.78-01.01"	"HII"	"SH  2-153"
"LBN   518"	"HII"	"LBN 108.78-01.01"
"LBN   518"	"HII"	"LBN   518"
"LBN   518"	"HII"	"SH  2-153"
"LBN 108.33-01.05"	"HII"	"LBN 108.33-01.05"
"LBN 108.33-01.05"	"HII"	"LBN   516"
"LBN 108.33-01.05"	"HII"	"SH  2-149"
"LBN   516"	"HII"	"LBN 108.33-01.05"
"LBN   516"	"HII"	"LBN   516"
"LBN   516"	"HII"	"SH  2-149"
"LBN 107.80-00.34"	"HII"	"LBN 107.80-00.34"
"LBN 107.80-00.34"	"HII"	"LBN   513"
"LBN   513"	"HII"	"LBN 107.80-00.34"
"LBN   513"	"HII"	"LBN   513"
"LBN 107.64+00.76"	"HII"	"LBN 107.64+00.76"
"LBN 107.64+00.76"	"HII"	"LBN   512"
"LBN 107.64+00.76"	"HII"	"SH  2-144"
"LBN   512"	"HII"	"LBN 107.64+00.76"
"LBN   512"	"HII"	"LBN   512"
"LBN   512"	"HII"	"SH  2-144"
"LBN 108.80-00.98"	"HII"	"LBN 108.80-00.98"
"LBN 108.80-00.98"	"HII"	"LBN   519"
"LBN 108.80-00.98"	"HII"	"SH  2-152"
"LBN   519"	"HII"	"LBN 108.80-00.98"
"LBN   519"	"HII"	"LBN   519"
"LBN   519"	"HII"	"SH  2-152"
"LBN   543"	"Y*O"	"LBN   543"
"LBN   543"	"Y*O"	"LBN 111.67+00.33"
"LBN   543"	"Y*O"	"SH  2-159"
"LBN 111.67+00.33"	"Y*O"	"LBN   543"
"LBN 111.67+00.33"	"Y*O"	"LBN 111.67+00.33"
"LBN 111.67+00.33"	"Y*O"	"SH  2-159"
"LBN 111.14-00.72"	"HII"	"LBN 111.14-00.72"
"LBN 111.14-00.72"	"HII"	"LBN   537"
"LBN 111.14-00.72"	"HII"	"SH  1-109"
"LBN 111.14-00.72"	"HII"	"SH  2-157"
"LBN   537"	"HII"	"LBN 111.14-00.72"
"LBN   537"	"HII"	"LBN   537"
"LBN   537"	"HII"	"SH  1-109"
"LBN   537"	"HII"	"SH  2-157"
"LBN 110.96-00.83"	"HII"	"LBN 110.96-00.83"
"LBN 110.96-00.83"	"HII"	"LBN   533"
"LBN   533"	"HII"	"LBN 110.96-00.83"
"LBN   533"	"HII"	"LBN   533"
"LBN 111.08-00.87"	"HII"	"LBN 111.08-00.87"
"LBN 111.08-00.87"	"HII"	"LBN   536"
"LBN   536"	"HII"	"LBN 111.08-00.87"
"LBN   536"	"HII"	"LBN   536"
"LBN 111.37-00.45"	"HII"	"LBN 111.37-00.45"
"LBN 111.37-00.45"	"HII"	"LBN   540"
"LBN   540"	"HII"	"LBN 111.37-00.45"
"LBN   540"	"HII"	"LBN   540"
"LBN 111.72-00.23"	"HII"	"LBN 111.72-00.23"
"LBN 111.72-00.23"	"HII"	"LBN   544"
"LBN   544"	"HII"	"LBN 111.72-00.23"
"LBN   544"	"HII"	"LBN   544"
"LBN 113.53-00.67"	"HII"	"LBN 113.53-00.67"
"LBN 113.53-00.67"	"HII"	"LBN   557"
"LBN 113.53-00.67"	"HII"	"SH  2-163"
"LBN   557"	"HII"	"LBN 113.53-00.67"
"LBN   557"	"HII"	"LBN   557"
"LBN   557"	"HII"	"SH  2-163"
"LBN 113.05-04.51"	"HII"	"LBN 113.05-04.51"
"LBN 113.05-04.51"	"HII"	"LBN   554"
"LBN 113.05-04.51"	"HII"	"SH  2-164"
"LBN   554"	"HII"	"LBN 113.05-04.51"
"LBN   554"	"HII"	"LBN   554"
"LBN   554"	"HII"	"SH  2-164"
"LBN   548"	"HII"	"LBN   548"
"LBN   548"	"HII"	"NGC  7635"
"LBN   548"	"HII"	"SH  2-162"
"LBN   548"	"HII"	"NAME Bubble Nebula"
"LBN 112.16+00.23"	"HII"	"LBN 112.16+00.23"
"LBN 112.16+00.23"	"HII"	"LBN   549"
"LBN   549"	"HII"	"LBN 112.16+00.23"
"LBN   549"	"HII"	"LBN   549"
"LBN 115.71-01.61"	"HII"	"LBN 115.71-01.61"
"LBN 115.71-01.61"	"HII"	"LBN   568"
"LBN 115.71-01.61"	"HII"	"SH  2-168"
"LBN   568"	"HII"	"LBN 115.71-01.61"
"LBN   568"	"HII"	"LBN   568"
"LBN   568"	"HII"	"SH  2-168"
"LBN 115.84-01.60"	"HII"	"LBN 115.84-01.60"
"LBN 115.84-01.60"	"HII"	"LBN   571"
"LBN   571"	"HII"	"LBN 115.84-01.60"
"LBN   571"	"HII"	"LBN   571"
"LBN 114.63-00.85"	"HII"	"LBN 114.63-00.85"
"LBN 114.63-00.85"	"HII"	"LBN   566"
"LBN 114.63-00.85"	"HII"	"SH  2-166"
"LBN   566"	"HII"	"LBN 114.63-00.85"
"LBN   566"	"HII"	"LBN   566"
"LBN   566"	"HII"	"SH  2-166"
"LBN 119.57-00.92"	"HII"	"LBN 119.57-00.92"
"LBN 119.57-00.92"	"HII"	"LBN   593"
"LBN 119.57-00.92"	"HII"	"SH  2-173"
"LBN   593"	"HII"	"LBN 119.57-00.92"
"LBN   593"	"HII"	"LBN   593"
"LBN   593"	"HII"	"SH  2-173"
"LBN   622"	"HII"	"Ced   4b"
"LBN   622"	"HII"	"IC   63"
"LBN   622"	"HII"	"LBN   622"
"LBN   622"	"HII"	"LBN 123.88-01.93"
"LBN 123.88-01.93"	"HII"	"Ced   4b"
"LBN 123.88-01.93"	"HII"	"IC   63"
"LBN 123.88-01.93"	"HII"	"LBN   622"
"LBN 123.88-01.93"	"HII"	"LBN 123.88-01.93"
"LBN   623"	"HII"	"LBN   623"
"LBN   623"	"HII"	"SH  2-185"
"LBN 123.63-01.77"	"RNe"	"IC   59"
"LBN 123.63-01.77"	"RNe"	"LBN 123.63-01.77"
"LBN 123.63-01.77"	"RNe"	"LBN   620"
"LBN   620"	"RNe"	"IC   59"
"LBN   620"	"RNe"	"LBN 123.63-01.77"
"LBN   620"	"RNe"	"LBN   620"
"LBN 128.04-04.12"	"PN"	"LBN 128.04-04.12"
"LBN 128.04-04.12"	"PN"	"LBN   633"
"LBN 128.04-04.12"	"PN"	"SH  2-188"
"LBN   633"	"PN"	"LBN 128.04-04.12"
"LBN   633"	"PN"	"LBN   633"
"LBN   633"	"PN"	"SH  2-188"
"LBN 134.90-05.49"	"HII"	"LBN 134.90-05.49"
"LBN 134.90-05.49"	"HII"	"LBN   653"
"LBN   653"	"HII"	"LBN 134.90-05.49"
"LBN   653"	"HII"	"LBN   653"
"LBN 153.32-08.88"	"HII"	"LBN 153.32-08.88"
"LBN 153.32-08.88"	"HII"	"LBN   714"
"LBN   714"	"HII"	"LBN 153.32-08.88"
"LBN   714"	"HII"	"LBN   714"
"LBN 152.91-08.35"	"HII"	"LBN 152.91-08.35"
"LBN 152.91-08.35"	"HII"	"LBN   713"
"LBN   713"	"HII"	"LBN 152.91-08.35"
"LBN   713"	"HII"	"LBN   713"
"LBN 076.75+08.21"	"HII"	"LBN 076.75+08.21"
"LBN 076.75+08.21"	"HII"	"LBN   221"
"LBN   221"	"HII"	"LBN 076.75+08.21"
"LBN   221"	"HII"	"LBN   221"
"LBN 077.27+07.65"	"HII"	"LBN 077.27+07.65"
"LBN 077.27+07.65"	"HII"	"LBN   228"
"LBN   228"	"HII"	"LBN 077.27+07.65"
"LBN   228"	"HII"	"LBN   228"
"LBN 079.51+06.87"	"HII"	"LBN 079.51+06.87"
"LBN 079.51+06.87"	"HII"	"LBN   262"
"LBN   262"	"HII"	"LBN 079.51+06.87"
"LBN   262"	"HII"	"LBN   262"
"LBN 079.99+07.37"	"HII"	"LBN 079.99+07.37"
"LBN 079.99+07.37"	"HII"	"LBN   272"
"LBN   272"	"HII"	"LBN 079.99+07.37"
"LBN   272"	"HII"	"LBN   272"
"LBN 080.94+07.75"	"HII"	"LBN 080.94+07.75"
"LBN 080.94+07.75"	"HII"	"LBN   294"
"LBN   294"	"HII"	"LBN 080.94+07.75"
"LBN   294"	"HII"	"LBN   294"
"LBN 081.04+08.22"	"HII"	"LBN 081.04+08.22"
"LBN 081.04+08.22"	"HII"	"LBN   297"
"LBN   297"	"HII"	"LBN 081.04+08.22"
"LBN   297"	"HII"	"LBN   297"
"LBN 083.43+07.28"	"HII"	"LBN 083.43+07.28"
"LBN 083.43+07.28"	"HII"	"LBN   331"
"LBN   331"	"HII"	"LBN 083.43+07.28"
"LBN   331"	"HII"	"LBN   331"
"LBN 081.69+06.57"	"HII"	"LBN 081.69+06.57"
"LBN 081.69+06.57"	"HII"	"LBN   313"
"LBN   313"	"HII"	"LBN 081.69+06.57"
"LBN   313"	"HII"	"LBN   313"
"LBN 085.30+06.32"	"HII"	"LBN 085.30+06.32"
"LBN 085.30+06.32"	"HII"	"LBN   364"
"LBN   364"	"HII"	"LBN 085.30+06.32"
"LBN   364"	"HII"	"LBN   364"
"LBN 085.66+06.97"	"HII"	"LBN 085.66+06.97"
"LBN 085.66+06.97"	"HII"	"LBN   370"
"LBN   370"	"HII"	"LBN 085.66+06.97"
"LBN   370"	"HII"	"LBN   370"
"LBN 085.99+06.80"	"HII"	"LBN 085.99+06.80"
"LBN 085.99+06.80"	"HII"	"LBN   377"
"LBN   377"	"HII"	"LBN 085.99+06.80"
"LBN   377"	"HII"	"LBN   377"
"LBN 086.06+05.84"	"HII"	"LBN 086.06+05.84"
"LBN 086.06+05.84"	"HII"	"LBN   379"
"LBN   379"	"HII"	"LBN 086.06+05.84"
"LBN   379"	"HII"	"LBN   379"
"LBN 086.39+05.67"	"HII"	"LBN 086.39+05.67"
"LBN 086.39+05.67"	"HII"	"LBN   382"
"LBN   382"	"HII"	"LBN 086.39+05.67"
"LBN   382"	"HII"	"LBN   382"
"LBN 086.66+05.87"	"HII"	"LBN 086.66+05.87"
"LBN 086.66+05.87"	"HII"	"LBN   386"
"LBN   386"	"HII"	"LBN 086.66+05.87"
"LBN   386"	"HII"	"LBN   386"
"LBN 084.19+06.16"	"HII"	"LBN 084.19+06.16"
"LBN 084.19+06.16"	"HII"	"LBN   345"
"LBN   345"	"HII"	"LBN 084.19+06.16"
"LBN   345"	"HII"	"LBN   345"
"LBN 099.50+03.86"	"HII"	"LBN 099.50+03.86"
"LBN 099.50+03.86"	"HII"	"LBN   455"
"LBN   455"	"HII"	"LBN 099.50+03.86"
"LBN   455"	"HII"	"LBN   455"
"LBN 098.83+04.12"	"MoC"	"IC 1396B"
"LBN 098.83+04.12"	"MoC"	"LBN 098.83+04.12"
"LBN 098.83+04.12"	"MoC"	"LBN   451"
"LBN   451"	"MoC"	"IC 1396B"
"LBN   451"	"MoC"	"LBN 098.83+04.12"
"LBN   451"	"MoC"	"LBN   451"
"LBN 098.87+03.97"	"MoC"	"IC 1396A"
"LBN 098.87+03.97"	"MoC"	"LBN 098.87+03.97"
"LBN 098.87+03.97"	"MoC"	"LBN   452"
"LBN 098.87+03.97"	"MoC"	"NAME Elephant Trunk Nebula"
"LBN   452"	"MoC"	"IC 1396A"
"LBN   452"	"MoC"	"LBN 098.87+03.97"
"LBN   452"	"MoC"	"LBN   452"
"LBN   452"	"MoC"	"NAME Elephant Trunk Nebula"
"LBN 100.22+03.68"	"HII"	"LBN 100.22+03.68"
"LBN 100.22+03.68"	"HII"	"LBN   457"
"LBN   457"	"HII"	"LBN 100.22+03.68"
"LBN   457"	"HII"	"LBN   457"
"LBN 099.88+04.30"	"HII"	"LBN 099.88+04.30"
"LBN 099.88+04.30"	"HII"	"LBN   456"
"LBN   456"	"HII"	"LBN 099.88+04.30"
"LBN   456"	"HII"	"LBN   456"
"LBN 103.30+03.38"	"HII"	"LBN 103.30+03.38"
"LBN 103.30+03.38"	"HII"	"LBN   482"
"LBN   482"	"HII"	"LBN 103.30+03.38"
"LBN   482"	"HII"	"LBN   482"
"LBN 104.11+03.42"	"HII"	"LBN 104.11+03.42"
"LBN 104.11+03.42"	"HII"	"LBN   488"
"LBN   488"	"HII"	"LBN 104.11+03.42"
"LBN   488"	"HII"	"LBN   488"
"LBN 104.68+04.24"	"HII"	"LBN 104.68+04.24"
"LBN 104.68+04.24"	"HII"	"LBN   494"
"LBN   494"	"HII"	"LBN 104.68+04.24"
"LBN   494"	"HII"	"LBN   494"
"LBN 106.83+03.34"	"HII"	"LBN 106.83+03.34"
"LBN 106.83+03.34"	"HII"	"LBN   510"
"LBN   510"	"HII"	"LBN 106.83+03.34"
"LBN   510"	"HII"	"LBN   510"
"LBN 105.28+04.03"	"RNe"	"LBN 105.28+04.03"
"LBN 105.28+04.03"	"RNe"	"LBN   496"
"LBN   496"	"RNe"	"LBN 105.28+04.03"
"LBN   496"	"RNe"	"LBN   496"
"LBN 108.96+01.70"	"HII"	"LBN 108.96+01.70"
"LBN 108.96+01.70"	"HII"	"LBN   521"
"LBN 108.96+01.70"	"HII"	"SH  2-154"
"LBN   521"	"HII"	"LBN 108.96+01.70"
"LBN   521"	"HII"	"LBN   521"
"LBN   521"	"HII"	"SH  2-154"
"LBN 108.98+02.80"	"HII"	"LBN 108.98+02.80"
"LBN 108.98+02.80"	"HII"	"LBN   522"
"LBN   522"	"HII"	"LBN 108.98+02.80"
"LBN   522"	"HII"	"LBN   522"
"LBN 109.57+02.41"	"RNe"	"LBN 109.57+02.41"
"LBN 109.57+02.41"	"RNe"	"LBN   524"
"LBN   524"	"RNe"	"LBN 109.57+02.41"
"LBN   524"	"RNe"	"LBN   524"
"LBN 110.11+02.44"	"HII"	"LBN 110.11+02.44"
"LBN 110.11+02.44"	"HII"	"LBN   529"
"LBN 110.11+02.44"	"HII"	"SH  2-155"
"LBN   529"	"HII"	"LBN 110.11+02.44"
"LBN   529"	"HII"	"LBN   529"
"LBN   529"	"HII"	"SH  2-155"
"LBN 112.02+00.90"	"HII"	"LBN 112.02+00.90"
"LBN 112.02+00.90"	"HII"	"SH  2-161 B"
"LBN 110.07+02.64"	"HII"	"LBN 110.07+02.64"
"LBN 110.07+02.64"	"HII"	"LBN   527"
"LBN   527"	"HII"	"LBN 110.07+02.64"
"LBN   527"	"HII"	"LBN   527"
"LBN 111.58+00.77"	"OpC"	"LBN 111.58+00.77"
"LBN 111.58+00.77"	"OpC"	"LBN   542"
"LBN 111.58+00.77"	"OpC"	"NGC  7538"
"LBN 111.58+00.77"	"OpC"	"SH  2-158"
"LBN 111.58+00.77"	"OpC"	"Ced 209"
"LBN   542"	"OpC"	"LBN 111.58+00.77"
"LBN   542"	"OpC"	"LBN   542"
"LBN   542"	"OpC"	"NGC  7538"
"LBN   542"	"OpC"	"SH  2-158"
"LBN   542"	"OpC"	"Ced 209"
"LBN 116.81+00.03"	"HII"	"LBN 116.81+00.03"
"LBN 116.81+00.03"	"HII"	"LBN   576"
"LBN   576"	"HII"	"LBN 116.81+00.03"
"LBN   576"	"HII"	"LBN   576"
"LBN 114.55+00.22"	"HII"	"LBN 114.55+00.22"
"LBN 114.55+00.22"	"HII"	"LBN   565"
"LBN 114.55+00.22"	"HII"	"SH  2-165"
"LBN   565"	"HII"	"LBN 114.55+00.22"
"LBN   565"	"HII"	"LBN   565"
"LBN   565"	"HII"	"SH  2-165"
"LBN 119.33-00.89"	"HII"	"LBN 119.33-00.89"
"LBN 119.33-00.89"	"HII"	"LBN   592"
"LBN   592"	"HII"	"LBN 119.33-00.89"
"LBN   592"	"HII"	"LBN   592"
"LBN 117.62+02.29"	"HII"	"LBN 117.62+02.29"
"LBN 117.62+02.29"	"HII"	"LBN   577"
"LBN 117.62+02.29"	"HII"	"SH  2-170"
"LBN   577"	"HII"	"LBN 117.62+02.29"
"LBN   577"	"HII"	"LBN   577"
"LBN   577"	"HII"	"SH  2-170"
"LBN 124.12-01.76"	"HII"	"LBN 124.12-01.76"
"LBN 124.12-01.76"	"HII"	"LBN   625"
"LBN   625"	"HII"	"LBN 124.12-01.76"
"LBN   625"	"HII"	"LBN   625"
"LBN 122.07-00.93"	"HII"	"LBN 122.07-00.93"
"LBN 122.07-00.93"	"HII"	"LBN   604"
"LBN   604"	"HII"	"LBN 122.07-00.93"
"LBN   604"	"HII"	"LBN   604"
"LBN 155.53-06.41"	"HII"	"LBN 155.53-06.41"
"LBN 155.53-06.41"	"HII"	"LBN   724"
"LBN   724"	"HII"	"LBN 155.53-06.41"
"LBN   724"	"HII"	"LBN   724"
"LBN 094.20+08.02"	"HII"	"Ced 184"
"LBN 094.20+08.02"	"HII"	"LBN 094.20+08.02"
"LBN 094.20+08.02"	"HII"	"LBN   422"
"LBN   422"	"HII"	"Ced 184"
"LBN   422"	"HII"	"LBN 094.20+08.02"
"LBN   422"	"HII"	"LBN   422"
"LBN 097.95+07.55"	"HII"	"LBN 097.95+07.55"
"LBN 097.95+07.55"	"HII"	"LBN   445"
"LBN   445"	"HII"	"LBN 097.95+07.55"
"LBN   445"	"HII"	"LBN   445"
"LBN 098.97+07.81"	"HII"	"LBN 098.97+07.81"
"LBN 098.97+07.81"	"HII"	"LBN   453"
"LBN   453"	"HII"	"LBN 098.97+07.81"
"LBN   453"	"HII"	"LBN   453"
"LBN 097.99+06.51"	"HII"	"Ced 191"
"LBN 097.99+06.51"	"HII"	"LBN 097.99+06.51"
"LBN 097.99+06.51"	"HII"	"LBN   446"
"LBN   446"	"HII"	"Ced 191"
"LBN   446"	"HII"	"LBN 097.99+06.51"
"LBN   446"	"HII"	"LBN   446"
"LBN 098.26+07.84"	"HII"	"Ced 190"
"LBN 098.26+07.84"	"HII"	"LBN 098.26+07.84"
"LBN 098.26+07.84"	"HII"	"LBN   449"
"LBN   449"	"HII"	"Ced 190"
"LBN   449"	"HII"	"LBN 098.26+07.84"
"LBN   449"	"HII"	"LBN   449"
"LBN 097.47+08.50"	"RNe"	"LBN 097.47+08.50"
"LBN 097.47+08.50"	"RNe"	"LBN   441"
"LBN   441"	"RNe"	"LBN 097.47+08.50"
"LBN   441"	"RNe"	"LBN   441"
"LBN 106.78+04.60"	"RNe"	"LBN 106.78+04.60"
"LBN 106.78+04.60"	"RNe"	"LBN   508"
"LBN   508"	"RNe"	"LBN 106.78+04.60"
"LBN   508"	"RNe"	"LBN   508"
"LBN 106.21+05.41"	"HII"	"LBN 106.21+05.41"
"LBN 106.21+05.41"	"HII"	"LBN   500"
"LBN   500"	"HII"	"LBN 106.21+05.41"
"LBN   500"	"HII"	"LBN   500"
"LBN 108.88+06.09"	"HII"	"LBN 108.88+06.09"
"LBN 108.88+06.09"	"HII"	"LBN   520"
"LBN 108.88+06.09"	"HII"	"SH  2-150"
"LBN   520"	"HII"	"LBN 108.88+06.09"
"LBN   520"	"HII"	"LBN   520"
"LBN   520"	"HII"	"SH  2-150"
"LBN 109.07+06.41"	"RNe"	"LBN 109.07+06.41"
"LBN 109.07+06.41"	"RNe"	"LBN   523"
"LBN   523"	"RNe"	"LBN 109.07+06.41"
"LBN   523"	"RNe"	"LBN   523"
"LBN 112.52+03.75"	"HII"	"LBN 112.52+03.75"
"LBN 112.52+03.75"	"HII"	"LBN   551"
"LBN 112.52+03.75"	"HII"	"SH  2-160"
"LBN   551"	"HII"	"LBN 112.52+03.75"
"LBN   551"	"HII"	"LBN   551"
"LBN   551"	"HII"	"SH  2-160"
"LBN 118.59+06.13"	"HII"	"LBN 118.59+06.13"
"LBN 118.59+06.13"	"HII"	"LBN   589"
"LBN 118.59+06.13"	"HII"	"NGC  7822"
"LBN 118.59+06.13"	"HII"	"SH  2-171"
"LBN   589"	"HII"	"LBN 118.59+06.13"
"LBN   589"	"HII"	"LBN   589"
"LBN   589"	"HII"	"NGC  7822"
"LBN   589"	"HII"	"SH  2-171"
"LBN 118.28+04.49"	"HII"	"LBN 118.28+04.49"
"LBN 118.28+04.49"	"HII"	"LBN   584"
"LBN   584"	"HII"	"LBN 118.28+04.49"
"LBN   584"	"HII"	"LBN   584"
"LBN 118.51+04.62"	"HII"	"LBN 118.51+04.62"
"LBN 118.51+04.62"	"HII"	"LBN   588"
"LBN   588"	"HII"	"LBN 118.51+04.62"
"LBN   588"	"HII"	"LBN   588"
"LBN 118.25+04.84"	"HII"	"LBN 118.25+04.84"
"LBN 118.25+04.84"	"HII"	"LBN   582"
"LBN 118.25+04.84"	"HII"	"LBN   583"
"LBN   582"	"HII"	"LBN 118.25+04.84"
"LBN   582"	"HII"	"LBN   582"
"LBN   582"	"HII"	"LBN   583"
"LBN   583"	"HII"	"LBN 118.25+04.84"
"LBN   583"	"HII"	"LBN   582"
"LBN   583"	"HII"	"LBN   583"
"LBN 118.11+04.78"	"HII"	"Ced 214"
"LBN 118.11+04.78"	"HII"	"LBN 118.11+04.78"
"LBN 118.11+04.78"	"HII"	"LBN   581"
"LBN   581"	"HII"	"Ced 214"
"LBN   581"	"HII"	"LBN 118.11+04.78"
"LBN   581"	"HII"	"LBN   581"
"LBN 120.29+01.86"	"HII"	"LBN 120.29+01.86"
"LBN 120.29+01.86"	"HII"	"LBN   596"
"LBN 120.29+01.86"	"HII"	"SH  2-175"
"LBN   596"	"HII"	"LBN 120.29+01.86"
"LBN   596"	"HII"	"LBN   596"
"LBN   596"	"HII"	"SH  2-175"
"LBN 122.92+02.39"	"HII"	"LBN 122.92+02.39"
"LBN 122.92+02.39"	"HII"	"LBN   614"
"LBN 122.92+02.39"	"HII"	"SH  2-181"
"LBN   614"	"HII"	"LBN 122.92+02.39"
"LBN   614"	"HII"	"LBN   614"
"LBN   614"	"HII"	"SH  2-181"
"LBN 123.23+02.89"	"HII"	"LBN 123.23+02.89"
"LBN 123.23+02.89"	"HII"	"LBN   618"
"LBN   618"	"HII"	"LBN 123.23+02.89"
"LBN   618"	"HII"	"LBN   618"
"LBN 132.05+01.12"	"HII"	"LBN 132.05+01.12"
"LBN 132.05+01.12"	"HII"	"LBN   641"
"LBN   641"	"HII"	"LBN 132.05+01.12"
"LBN   641"	"HII"	"LBN   641"
"LBN 134.04-00.99"	"HII"	"LBN 134.04-00.99"
"LBN 134.04-00.99"	"HII"	"LBN   649"
"LBN   649"	"HII"	"LBN 134.04-00.99"
"LBN   649"	"HII"	"LBN   649"
"LBN 133.80+01.10"	"HII"	"IC 1795"
"LBN 133.80+01.10"	"HII"	"LBN 133.80+01.10"
"LBN 133.80+01.10"	"HII"	"LBN   645"
"LBN   645"	"HII"	"IC 1795"
"LBN   645"	"HII"	"LBN 133.80+01.10"
"LBN   645"	"HII"	"LBN   645"
"LBN 135.10+00.09"	"HII"	"LBN 135.10+00.09"
"LBN 135.10+00.09"	"HII"	"LBN   656"
"LBN   656"	"HII"	"LBN 135.10+00.09"
"LBN   656"	"HII"	"LBN   656"
"LBN 135.13+00.01"	"HII"	"LBN 135.13+00.01"
"LBN 135.13+00.01"	"HII"	"LBN   657"
"LBN   657"	"HII"	"LBN 135.13+00.01"
"LBN   657"	"HII"	"LBN   657"
"LBN 133.27+00.82"	"HII"	"LBN 133.27+00.82"
"LBN 133.27+00.82"	"HII"	"LBN   642"
"LBN   642"	"HII"	"LBN 133.27+00.82"
"LBN   642"	"HII"	"LBN   642"
"LBN 133.82+01.38"	"HII"	"LBN 133.82+01.38"
"LBN 133.82+01.38"	"HII"	"LBN   646"
"LBN   646"	"HII"	"LBN 133.82+01.38"
"LBN   646"	"HII"	"LBN   646"
"LBN 133.99+01.26"	"HII"	"LBN 133.99+01.26"
"LBN 133.99+01.26"	"HII"	"LBN   647"
"LBN   647"	"HII"	"LBN 133.99+01.26"
"LBN   647"	"HII"	"LBN   647"
"LBN 134.04+01.46"	"HII"	"LBN 134.04+01.46"
"LBN 134.04+01.46"	"HII"	"LBN   648"
"LBN   648"	"HII"	"LBN 134.04+01.46"
"LBN   648"	"HII"	"LBN   648"
"LBN 134.05+00.75"	"HII"	"LBN 134.05+00.75"
"LBN 134.05+00.75"	"HII"	"LBN   650"
"LBN   650"	"HII"	"LBN 134.05+00.75"
"LBN   650"	"HII"	"LBN   650"
"LBN 135.02+00.60"	"HII"	"LBN 135.02+00.60"
"LBN 135.02+00.60"	"HII"	"LBN   655"
"LBN   655"	"HII"	"LBN 135.02+00.60"
"LBN   655"	"HII"	"LBN   655"
"LBN 135.74+01.09"	"HII"	"LBN 135.74+01.09"
"LBN 135.74+01.09"	"HII"	"LBN   658"
"LBN   658"	"HII"	"LBN 135.74+01.09"
"LBN   658"	"HII"	"LBN   658"
"LBN 134.96+00.75"	"OpC"	"NAME AFGL 333 Cloud"
"LBN 134.96+00.75"	"OpC"	"IC 1805"
"LBN 134.96+00.75"	"OpC"	"LBN 134.96+00.75"
"LBN 134.96+00.75"	"OpC"	"LBN   654"
"LBN 134.96+00.75"	"OpC"	"SH  2-190"
"LBN 134.96+00.75"	"OpC"	"Cl Melotte   15"
"LBN 134.96+00.75"	"OpC"	"Cl Collinder   26"
"LBN   654"	"OpC"	"NAME AFGL 333 Cloud"
"LBN   654"	"OpC"	"IC 1805"
"LBN   654"	"OpC"	"LBN 134.96+00.75"
"LBN   654"	"OpC"	"LBN   654"
"LBN   654"	"OpC"	"SH  2-190"
"LBN   654"	"OpC"	"Cl Melotte   15"
"LBN   654"	"OpC"	"Cl Collinder   26"
"LBN   659"	"GiG"	"LBN   659"
"LBN   659"	"GiG"	"LBN 135.91-00.56"
"LBN   659"	"GiG"	"SH  2-191"
"LBN 135.91-00.56"	"GiG"	"LBN   659"
"LBN 135.91-00.56"	"GiG"	"LBN 135.91-00.56"
"LBN 135.91-00.56"	"GiG"	"SH  2-191"
"LBN 136.53-00.37"	"HII"	"LBN 136.53-00.37"
"LBN 136.53-00.37"	"HII"	"LBN   665"
"LBN 136.53-00.37"	"HII"	"SH  2-195"
"LBN   665"	"HII"	"LBN 136.53-00.37"
"LBN   665"	"HII"	"LBN   665"
"LBN   665"	"HII"	"SH  2-195"
"LBN 137.38+00.19"	"HII"	"LBN 137.38+00.19"
"LBN 137.38+00.19"	"HII"	"LBN   669"
"LBN   669"	"HII"	"LBN 137.38+00.19"
"LBN   669"	"HII"	"LBN   669"
"LBN 137.39+00.47"	"HII"	"LBN 137.39+00.47"
"LBN 137.39+00.47"	"HII"	"LBN   670"
"LBN   670"	"HII"	"LBN 137.39+00.47"
"LBN   670"	"HII"	"LBN   670"
"LBN 137.62+00.86"	"HII"	"LBN 137.62+00.86"
"LBN 137.62+00.86"	"HII"	"LBN   672"
"LBN   672"	"HII"	"LBN 137.62+00.86"
"LBN   672"	"HII"	"LBN   672"
"LBN 136.29-00.46"	"RNe"	"LBN 136.29-00.46"
"LBN 136.29-00.46"	"RNe"	"LBN   663"
"LBN   663"	"RNe"	"LBN 136.29-00.46"
"LBN   663"	"RNe"	"LBN   663"
"LBN 137.24+00.77"	"OpC"	"IC 1848"
"LBN 137.24+00.77"	"OpC"	"LBN 137.24+00.77"
"LBN 137.24+00.77"	"OpC"	"LBN   667"
"LBN 137.24+00.77"	"OpC"	"SH  2-199"
"LBN 137.24+00.77"	"OpC"	"Cl Collinder   32"
"LBN   667"	"OpC"	"IC 1848"
"LBN   667"	"OpC"	"LBN 137.24+00.77"
"LBN   667"	"OpC"	"LBN   667"
"LBN   667"	"OpC"	"SH  2-199"
"LBN   667"	"OpC"	"Cl Collinder   32"
"LBN 140.77-01.42"	"HII"	"LBN 140.77-01.42"
"LBN 140.77-01.42"	"HII"	"LBN   679"
"LBN   679"	"HII"	"LBN 140.77-01.42"
"LBN   679"	"HII"	"LBN   679"
"LBN 141.62-00.44"	"RNe"	"LBN 141.62-00.44"
"LBN 141.62-00.44"	"RNe"	"LBN   680"
"LBN   680"	"RNe"	"LBN 141.62-00.44"
"LBN   680"	"RNe"	"LBN   680"
"LBN 143.46-02.89"	"HII"	"LBN 143.46-02.89"
"LBN 143.46-02.89"	"HII"	"LBN   686"
"LBN   686"	"HII"	"LBN 143.46-02.89"
"LBN   686"	"HII"	"LBN   686"
"LBN 143.37-02.20"	"HII"	"LBN 143.37-02.20"
"LBN 143.37-02.20"	"HII"	"LBN   685"
"LBN 143.37-02.20"	"HII"	"SH  2-203"
"LBN   685"	"HII"	"LBN 143.37-02.20"
"LBN   685"	"HII"	"LBN   685"
"LBN   685"	"HII"	"SH  2-203"
"LBN 157.08-03.61"	"HII"	"LBN 157.08-03.61"
"LBN 157.08-03.61"	"HII"	"LBN   731"
"LBN 157.08-03.61"	"HII"	"SH  2-213"
"LBN   731"	"HII"	"LBN 157.08-03.61"
"LBN   731"	"HII"	"LBN   731"
"LBN   731"	"HII"	"SH  2-213"
"LBN 157.62-03.90"	"HII"	"LBN 157.62-03.90"
"LBN 157.62-03.90"	"HII"	"LBN   735"
"LBN 157.62-03.90"	"HII"	"SH  2-214"
"LBN   735"	"HII"	"LBN 157.62-03.90"
"LBN   735"	"HII"	"LBN   735"
"LBN   735"	"HII"	"SH  2-214"
"LBN 077.11+12.11"	"HII"	"LBN 077.11+12.11"
"LBN 077.11+12.11"	"HII"	"LBN   225"
"LBN   225"	"HII"	"LBN 077.11+12.11"
"LBN   225"	"HII"	"LBN   225"
"LBN 103.05+09.67"	"HII"	"LBN 103.05+09.67"
"LBN 103.05+09.67"	"HII"	"LBN   476"
"LBN 103.05+09.67"	"HII"	"SH  2-133"
"LBN   476"	"HII"	"LBN 103.05+09.67"
"LBN   476"	"HII"	"LBN   476"
"LBN   476"	"HII"	"SH  2-133"
"LBN 102.78+10.64"	"Be*"	"LBN 102.78+10.64"
"LBN 102.78+10.64"	"Be*"	"LBN   472"
"LBN   472"	"Be*"	"LBN 102.78+10.64"
"LBN   472"	"Be*"	"LBN   472"
"LBN 105.48+07.80"	"HII"	"LBN 105.48+07.80"
"LBN 105.48+07.80"	"HII"	"LBN   498"
"LBN 105.48+07.80"	"HII"	"SH  2-137"
"LBN   498"	"HII"	"LBN 105.48+07.80"
"LBN   498"	"HII"	"LBN   498"
"LBN   498"	"HII"	"SH  2-137"
"LBN 105.30+09.90"	"OpC"	"LBN 105.30+09.90"
"LBN 105.30+09.90"	"OpC"	"LBN   497"
"LBN 105.30+09.90"	"OpC"	"NGC  7129"
"LBN 105.30+09.90"	"OpC"	"NAME NGC 7129 IR Cluster"
"LBN   497"	"OpC"	"LBN 105.30+09.90"
"LBN   497"	"OpC"	"LBN   497"
"LBN   497"	"OpC"	"NGC  7129"
"LBN   497"	"OpC"	"NAME NGC 7129 IR Cluster"
"LBN 109.91+07.43"	"HII"	"LBN 109.91+07.43"
"LBN 109.91+07.43"	"HII"	"LBN   526"
"LBN   526"	"HII"	"LBN 109.91+07.43"
"LBN   526"	"HII"	"LBN   526"
"LBN 118.37+04.98"	"HII"	"LBN 118.37+04.98"
"LBN 118.37+04.98"	"HII"	"LBN   586"
"LBN   586"	"HII"	"LBN 118.37+04.98"
"LBN   586"	"HII"	"LBN   586"
"LBN 118.06+05.04"	"HII"	"LBN 118.06+05.04"
"LBN 118.06+05.04"	"HII"	"LBN   580"
"LBN   580"	"HII"	"LBN 118.06+05.04"
"LBN   580"	"HII"	"LBN   580"
"LBN 118.50+06.15"	"HII"	"LBN 118.50+06.15"
"LBN 118.50+06.15"	"HII"	"LBN   587"
"LBN   587"	"HII"	"LBN 118.50+06.15"
"LBN   587"	"HII"	"LBN   587"
"LBN 121.48+06.62"	"RNe"	"LBN 121.48+06.62"
"LBN 121.48+06.62"	"RNe"	"LBN   602"
"LBN   602"	"RNe"	"LBN 121.48+06.62"
"LBN   602"	"RNe"	"LBN   602"
"LBN 136.21+02.09"	"HII"	"LBN 136.21+02.09"
"LBN 136.21+02.09"	"HII"	"LBN   661"
"LBN 136.21+02.09"	"HII"	"SH  2-192"
"LBN   661"	"HII"	"LBN 136.21+02.09"
"LBN   661"	"HII"	"LBN   661"
"LBN   661"	"HII"	"SH  2-192"
"LBN 136.20+02.10"	"HII"	"LBN 136.20+02.10"
"LBN 136.20+02.10"	"HII"	"LBN   660"
"LBN 136.20+02.10"	"HII"	"SH  2-193"
"LBN   660"	"HII"	"LBN 136.20+02.10"
"LBN   660"	"HII"	"LBN   660"
"LBN   660"	"HII"	"SH  2-193"
"LBN 136.23+02.04"	"HII"	"LBN 136.23+02.04"
"LBN 136.23+02.04"	"HII"	"LBN   662"
"LBN   662"	"HII"	"LBN 136.23+02.04"
"LBN   662"	"HII"	"LBN   662"
"LBN 137.69+01.27"	"HII"	"LBN   673"
"LBN 137.69+01.27"	"HII"	"LBN 137.69+01.27"
"LBN 138.50+01.59"	"HII"	"IC 1871"
"LBN 138.50+01.59"	"HII"	"LBN 138.50+01.59"
"LBN 138.50+01.59"	"HII"	"LBN   675"
"LBN   675"	"HII"	"IC 1871"
"LBN   675"	"HII"	"LBN 138.50+01.59"
"LBN   675"	"HII"	"LBN   675"
"LBN 136.40+02.50"	"HII"	"LBN 136.40+02.50"
"LBN 136.40+02.50"	"HII"	"LBN   664"
"LBN 136.40+02.50"	"HII"	"SH  2-196"
"LBN   664"	"HII"	"LBN 136.40+02.50"
"LBN   664"	"HII"	"LBN   664"
"LBN   664"	"HII"	"SH  2-196"
"LBN 140.07+01.64"	"HII"	"LBN 140.07+01.64"
"LBN 140.07+01.64"	"HII"	"LBN   677"
"LBN 140.07+01.64"	"HII"	"SH  2-202"
"LBN   677"	"HII"	"LBN 140.07+01.64"
"LBN   677"	"HII"	"LBN   677"
"LBN   677"	"HII"	"SH  2-202"
"LBN 139.57+02.70"	"HII"	"LBN 139.57+02.70"
"LBN 139.57+02.70"	"HII"	"LBN   676"
"LBN   676"	"HII"	"LBN 139.57+02.70"
"LBN   676"	"HII"	"LBN   676"
"LBN 142.65+01.91"	"HII"	"LBN 142.65+01.91"
"LBN 142.65+01.91"	"HII"	"LBN   684"
"LBN   684"	"HII"	"LBN 142.65+01.91"
"LBN   684"	"HII"	"LBN   684"
"LBN 142.14+01.97"	"RNe"	"Ced  14"
"LBN 142.14+01.97"	"RNe"	"LBN 142.14+01.97"
"LBN 142.14+01.97"	"RNe"	"LBN   682"
"LBN   682"	"RNe"	"Ced  14"
"LBN   682"	"RNe"	"LBN 142.14+01.97"
"LBN   682"	"RNe"	"LBN   682"
"LBN 149.02-00.13"	"HII"	"LBN 149.02-00.13"
"LBN 149.02-00.13"	"HII"	"LBN   701"
"LBN 149.02-00.13"	"HII"	"SH  2-205"
"LBN   701"	"HII"	"LBN 149.02-00.13"
"LBN   701"	"HII"	"LBN   701"
"LBN   701"	"HII"	"SH  2-205"
"LBN 148.11-00.45"	"HII"	"LBN 148.11-00.45"
"LBN 148.11-00.45"	"HII"	"LBN   696"
"LBN   696"	"HII"	"LBN 148.11-00.45"
"LBN   696"	"HII"	"LBN   696"
"LBN 151.45-01.78"	"HII"	"LBN 151.45-01.78"
"LBN 151.45-01.78"	"HII"	"LBN   709"
"LBN   709"	"HII"	"LBN 151.45-01.78"
"LBN   709"	"HII"	"LBN   709"
"LBN 150.56-00.99"	"HII"	"Ced  25"
"LBN 150.56-00.99"	"HII"	"LBN 150.56-00.99"
"LBN 150.56-00.99"	"HII"	"LBN 150.90-01.15"
"LBN 150.56-00.99"	"HII"	"LBN   706"
"LBN 150.56-00.99"	"HII"	"LBN   704"
"LBN 150.56-00.99"	"HII"	"NGC  1491"
"LBN 150.56-00.99"	"HII"	"SH  2-206"
"LBN 150.90-01.15"	"HII"	"Ced  25"
"LBN 150.90-01.15"	"HII"	"LBN 150.56-00.99"
"LBN 150.90-01.15"	"HII"	"LBN 150.90-01.15"
"LBN 150.90-01.15"	"HII"	"LBN   706"
"LBN 150.90-01.15"	"HII"	"LBN   704"
"LBN 150.90-01.15"	"HII"	"NGC  1491"
"LBN 150.90-01.15"	"HII"	"SH  2-206"
"LBN   706"	"HII"	"Ced  25"
"LBN   706"	"HII"	"LBN 150.56-00.99"
"LBN   706"	"HII"	"LBN 150.90-01.15"
"LBN   706"	"HII"	"LBN   706"
"LBN   706"	"HII"	"LBN   704"
"LBN   706"	"HII"	"NGC  1491"
"LBN   706"	"HII"	"SH  2-206"
"LBN   704"	"HII"	"Ced  25"
"LBN   704"	"HII"	"LBN 150.56-00.99"
"LBN   704"	"HII"	"LBN 150.90-01.15"
"LBN   704"	"HII"	"LBN   706"
"LBN   704"	"HII"	"LBN   704"
"LBN   704"	"HII"	"NGC  1491"
"LBN   704"	"HII"	"SH  2-206"
"LBN 150.69-00.90"	"HII"	"LBN 150.69-00.90"
"LBN 150.69-00.90"	"HII"	"LBN   705"
"LBN   705"	"HII"	"LBN 150.69-00.90"
"LBN   705"	"HII"	"LBN   705"
"LBN 151.54-00.24"	"HII"	"LBN 151.54-00.24"
"LBN 151.54-00.24"	"HII"	"LBN   710"
"LBN   710"	"HII"	"LBN 151.54-00.24"
"LBN   710"	"HII"	"LBN   710"
"LBN 106.34+11.77"	"HII"	"LBN 106.34+11.77"
"LBN 106.34+11.77"	"HII"	"LBN   504"
"LBN   504"	"HII"	"LBN 106.34+11.77"
"LBN   504"	"HII"	"LBN   504"
"LBN 110.25+11.38"	"RNe"	"Ced 201"
"LBN 110.25+11.38"	"RNe"	"LBN 110.25+11.38"
"LBN 110.25+11.38"	"RNe"	"LBN   531"
"LBN 110.25+11.38"	"RNe"	"NAME Cave Nebula"
"LBN   531"	"RNe"	"Ced 201"
"LBN   531"	"RNe"	"LBN 110.25+11.38"
"LBN   531"	"RNe"	"LBN   531"
"LBN   531"	"RNe"	"NAME Cave Nebula"
"LBN 110.08+12.31"	"HII"	"LBN 110.08+12.31"
"LBN 110.08+12.31"	"HII"	"LBN   528"
"LBN   528"	"HII"	"LBN 110.08+12.31"
"LBN   528"	"HII"	"LBN   528"
"LBN 110.71+09.67"	"HII"	"LBN 110.71+09.67"
"LBN 110.71+09.67"	"HII"	"LBN   532"
"LBN   532"	"HII"	"LBN 110.71+09.67"
"LBN   532"	"HII"	"LBN   532"
"LBN 111.26+09.35"	"HII"	"LBN 111.26+09.35"
"LBN 111.26+09.35"	"HII"	"LBN   539"
"LBN   539"	"HII"	"LBN 111.26+09.35"
"LBN   539"	"HII"	"LBN   539"
"LBN 111.16+11.66"	"HII"	"LBN 111.16+11.66"
"LBN 111.16+11.66"	"HII"	"LBN   538"
"LBN   538"	"HII"	"LBN 111.16+11.66"
"LBN   538"	"HII"	"LBN   538"
"LBN 134.84+05.44"	"HII"	"LBN 134.84+05.44"
"LBN 134.84+05.44"	"HII"	"LBN   652"
"LBN   652"	"HII"	"LBN 134.84+05.44"
"LBN   652"	"HII"	"LBN   652"
"LBN 138.18+04.11"	"PN"	"LBN 138.18+04.11"
"LBN 138.18+04.11"	"PN"	"LBN   674"
"LBN 138.18+04.11"	"PN"	"SH  2-200"
"LBN   674"	"PN"	"LBN 138.18+04.11"
"LBN   674"	"PN"	"LBN   674"
"LBN   674"	"PN"	"SH  2-200"
"LBN 141.68+02.87"	"HII"	"LBN 141.68+02.87"
"LBN 141.68+02.87"	"HII"	"LBN   681"
"LBN   681"	"HII"	"LBN 141.68+02.87"
"LBN   681"	"HII"	"LBN   681"
"LBN 140.14+03.85"	"RNe"	"LBN 140.14+03.85"
"LBN 140.14+03.85"	"RNe"	"LBN   678"
"LBN   678"	"RNe"	"LBN 140.14+03.85"
"LBN   678"	"RNe"	"LBN   678"
"LBN 145.80+02.83"	"HII"	"LBN 145.80+02.83"
"LBN 145.80+02.83"	"HII"	"LBN   689"
"LBN 145.80+02.83"	"HII"	"SH  2-204"
"LBN   689"	"HII"	"LBN 145.80+02.83"
"LBN   689"	"HII"	"LBN   689"
"LBN   689"	"HII"	"SH  2-204"
"LBN   744"	"PN"	"LBN   744"
"LBN   744"	"PN"	"LBN 158.73+00.83"
"LBN   744"	"PN"	"SH  2-216"
"LBN 158.73+00.83"	"PN"	"LBN   744"
"LBN 158.73+00.83"	"PN"	"LBN 158.73+00.83"
"LBN 158.73+00.83"	"PN"	"SH  2-216"
"LBN 097.80+15.26"	"HII"	"LBN 097.80+15.26"
"LBN 097.80+15.26"	"HII"	"LBN   444"
"LBN   444"	"HII"	"LBN 097.80+15.26"
"LBN   444"	"HII"	"LBN   444"
"LBN 098.01+15.90"	"HII"	"LBN 098.01+15.90"
"LBN 098.01+15.90"	"HII"	"LBN   447"
"LBN   447"	"HII"	"LBN 098.01+15.90"
"LBN   447"	"HII"	"LBN   447"
"LBN 102.67+15.42"	"HII"	"LBN 102.67+15.42"
"LBN 102.67+15.42"	"HII"	"LBN   468"
"LBN   468"	"HII"	"LBN 102.67+15.42"
"LBN   468"	"HII"	"LBN   468"
"LBN 103.47+14.94"	"HII"	"LBN 103.47+14.94"
"LBN 103.47+14.94"	"HII"	"LBN   483"
"LBN   483"	"HII"	"LBN 103.47+14.94"
"LBN   483"	"HII"	"LBN   483"
"LBN 105.17+13.40"	"RNe"	"LBN 105.17+13.40"
"LBN 105.17+13.40"	"RNe"	"LBN   495"
"LBN   495"	"RNe"	"LBN 105.17+13.40"
"LBN   495"	"RNe"	"LBN   495"
"LBN 104.08+14.21"	"OpC"	"LBN 104.08+14.21"
"LBN 104.08+14.21"	"OpC"	"LBN   487"
"LBN 104.08+14.21"	"OpC"	"NGC  7023"
"LBN 104.08+14.21"	"OpC"	"NAME IRIS Nebula"
"LBN   487"	"OpC"	"LBN 104.08+14.21"
"LBN   487"	"OpC"	"LBN   487"
"LBN   487"	"OpC"	"NGC  7023"
"LBN   487"	"OpC"	"NAME IRIS Nebula"
"LBN 103.04+14.12"	"HII"	"LBN 103.04+14.12"
"LBN 103.04+14.12"	"HII"	"LBN   475"
"LBN   475"	"HII"	"LBN 103.04+14.12"
"LBN   475"	"HII"	"LBN   475"
"LBN 108.28+13.32"	"MoC"	"LBN 108.28+13.32"
"LBN 108.28+13.32"	"MoC"	"LBN   515"
"LBN   515"	"MoC"	"LBN 108.28+13.32"
"LBN   515"	"MoC"	"LBN   515"
"LBN 111.07+14.08"	"HII"	"LBN 111.07+14.08"
"LBN 111.07+14.08"	"HII"	"LBN   535"
"LBN   535"	"HII"	"LBN 111.07+14.08"
"LBN   535"	"HII"	"LBN   535"
"LBN 111.54+13.70"	"RNe"	"LBN 111.54+13.70"
"LBN 111.54+13.70"	"RNe"	"LBN   541"
"LBN   541"	"RNe"	"LBN 111.54+13.70"
"LBN   541"	"RNe"	"LBN   541"
"LBN 111.84+14.10"	"RNe"	"LBN 111.84+14.10"
"LBN 111.84+14.10"	"RNe"	"LBN   546"
"LBN   546"	"RNe"	"LBN 111.84+14.10"
"LBN   546"	"RNe"	"LBN   546"
"LBN 116.20+12.34"	"HII"	"LBN 116.20+12.34"
"LBN 116.20+12.34"	"HII"	"LBN   573"
"LBN   573"	"HII"	"LBN 116.20+12.34"
"LBN   573"	"HII"	"LBN   573"
"LBN 116.80+12.30"	"HII"	"LBN 116.80+12.30"
"LBN 116.80+12.30"	"HII"	"LBN   575"
"LBN   575"	"HII"	"LBN 116.80+12.30"
"LBN   575"	"HII"	"LBN   575"
"LBN   624"	"PN"	"LBN   624"
"LBN   624"	"PN"	"LBN 124.12+10.67"
"LBN 124.12+10.67"	"PN"	"LBN   624"
"LBN 124.12+10.67"	"PN"	"LBN 124.12+10.67"
"LBN 125.32+10.53"	"HII"	"LBN 125.32+10.53"
"LBN 125.32+10.53"	"HII"	"LBN   626"
"LBN   626"	"HII"	"LBN 125.32+10.53"
"LBN   626"	"HII"	"LBN   626"
"LBN 133.46+08.48"	"RNe"	"LBN 133.46+08.48"
"LBN 133.46+08.48"	"RNe"	"LBN   643"
"LBN   643"	"RNe"	"LBN 133.46+08.48"
"LBN   643"	"RNe"	"LBN   643"
"LBN 148.13+04.32"	"HII"	"LBN 148.13+04.32"
"LBN 148.13+04.32"	"HII"	"LBN   697"
"LBN   697"	"HII"	"LBN 148.13+04.32"
"LBN   697"	"HII"	"LBN   697"
"LBN 152.67+02.84"	"HII"	"LBN 152.67+02.84"
"LBN 152.67+02.84"	"HII"	"LBN   712"
"LBN 152.67+02.84"	"HII"	"SH  2-210"
"LBN   712"	"HII"	"LBN 152.67+02.84"
"LBN   712"	"HII"	"LBN   712"
"LBN   712"	"HII"	"SH  2-210"
"LBN 154.69+02.43"	"HII"	"LBN 154.69+02.43"
"LBN 154.69+02.43"	"HII"	"LBN   717"
"LBN 154.69+02.43"	"HII"	"SH  2-211"
"LBN   717"	"HII"	"LBN 154.69+02.43"
"LBN   717"	"HII"	"LBN   717"
"LBN   717"	"HII"	"SH  2-211"
"LBN 158.62+00.70"	"HII"	"LBN 158.62+00.70"
"LBN 158.62+00.70"	"HII"	"LBN   742"
"LBN   742"	"HII"	"LBN 158.62+00.70"
"LBN   742"	"HII"	"LBN   742"
"LBN 159.33+02.55"	"HII"	"LBN 159.33+02.55"
"LBN 159.33+02.55"	"HII"	"LBN   747"
"LBN 159.33+02.55"	"HII"	"SH  2-219"
"LBN   747"	"HII"	"LBN 159.33+02.55"
"LBN   747"	"HII"	"LBN   747"
"LBN   747"	"HII"	"SH  2-219"
"LBN 157.77+02.28"	"RNe"	"LBN 157.77+02.28"
"LBN 157.77+02.28"	"RNe"	"LBN   737"
"LBN   737"	"RNe"	"LBN 157.77+02.28"
"LBN   737"	"RNe"	"LBN   737"
"LBN 160.16+00.97"	"HII"	"LBN 160.16+00.97"
"LBN 160.16+00.97"	"HII"	"LBN   755"
"LBN   755"	"HII"	"LBN 160.16+00.97"
"LBN   755"	"HII"	"LBN   755"
"LBN 100.76+17.32"	"HII"	"LBN 100.76+17.32"
"LBN 100.76+17.32"	"HII"	"LBN   459"
"LBN   459"	"HII"	"LBN 100.76+17.32"
"LBN   459"	"HII"	"LBN   459"
"LBN 113.65+15.16"	"HII"	"LBN 113.65+15.16"
"LBN 113.65+15.16"	"HII"	"LBN   558"
"LBN   558"	"HII"	"LBN 113.65+15.16"
"LBN   558"	"HII"	"LBN   558"
"LBN 130.06+11.55"	"RNe"	"LBN 130.06+11.55"
"LBN 130.06+11.55"	"RNe"	"LBN   636"
"LBN   636"	"RNe"	"LBN 130.06+11.55"
"LBN   636"	"RNe"	"LBN   636"
"LBN 128.86+13.60"	"HII"	"LBN 128.86+13.60"
"LBN 128.86+13.60"	"HII"	"LBN   634"
"LBN   634"	"HII"	"LBN 128.86+13.60"
"LBN   634"	"HII"	"LBN   634"
"LBN 129.99+11.52"	"HII"	"LBN 129.99+11.52"
"LBN 129.99+11.52"	"HII"	"LBN   635"
"LBN   635"	"HII"	"LBN 129.99+11.52"
"LBN   635"	"HII"	"LBN   635"
"LBN 159.17+03.33"	"HII"	"LBN 159.17+03.33"
"LBN 159.17+03.33"	"HII"	"LBN   745"
"LBN 159.17+03.33"	"HII"	"SH  2-217"
"LBN   745"	"HII"	"LBN 159.17+03.33"
"LBN   745"	"HII"	"LBN   745"
"LBN   745"	"HII"	"SH  2-217"
"LBN 160.09+01.93"	"HII"	"LBN 160.09+01.93"
"LBN 160.09+01.93"	"HII"	"LBN   754"
"LBN 160.09+01.93"	"HII"	"SH  2-221"
"LBN   754"	"HII"	"LBN 160.09+01.93"
"LBN   754"	"HII"	"LBN   754"
"LBN   754"	"HII"	"SH  2-221"
"LBN 161.30+03.18"	"HII"	"LBN 161.30+03.18"
"LBN 161.30+03.18"	"HII"	"LBN   759"
"LBN   759"	"HII"	"LBN 161.30+03.18"
"LBN   759"	"HII"	"LBN   759"
"LBN 111.81+19.13"	"HII"	"LBN 111.81+19.13"
"LBN 111.81+19.13"	"HII"	"LBN   545"
"LBN   545"	"HII"	"LBN 111.81+19.13"
"LBN   545"	"HII"	"LBN   545"
"LBN 112.77+18.02"	"HII"	"LBN 112.77+18.02"
"LBN 112.77+18.02"	"HII"	"LBN   553"
"LBN   553"	"HII"	"LBN 112.77+18.02"
"LBN   553"	"HII"	"LBN   553"
"LBN 115.35+17.57"	"HII"	"LBN 115.35+17.57"
"LBN 115.35+17.57"	"HII"	"LBN   567"
"LBN   567"	"HII"	"LBN 115.35+17.57"
"LBN   567"	"HII"	"LBN   567"
"LBN 120.29+18.39"	"PN"	"LBN 120.29+18.39"
"LBN 120.29+18.39"	"PN"	"LBN   598"
"LBN 120.29+18.39"	"PN"	"SH  2-174"
"LBN   598"	"PN"	"LBN 120.29+18.39"
"LBN   598"	"PN"	"LBN   598"
"LBN   598"	"PN"	"SH  2-174"
"LBN 134.25+14.00"	"HII"	"LBN 134.25+14.00"
"LBN 134.25+14.00"	"HII"	"LBN   651"
"LBN   651"	"HII"	"LBN 134.25+14.00"
"LBN   651"	"HII"	"LBN   651"
"LBN 158.22+05.92"	"HII"	"LBN 158.22+05.92"
"LBN 158.22+05.92"	"HII"	"LBN   739"
"LBN   739"	"HII"	"LBN 158.22+05.92"
"LBN   739"	"HII"	"LBN   739"
"LBN 101.56+22.01"	"HII"	"LBN 101.56+22.01"
"LBN 101.56+22.01"	"HII"	"LBN   464"
"LBN   464"	"HII"	"LBN 101.56+22.01"
"LBN   464"	"HII"	"LBN   464"
"LBN 101.66+22.77"	"HII"	"LBN 101.66+22.77"
"LBN 101.66+22.77"	"HII"	"LBN   465"
"LBN   465"	"HII"	"LBN 101.66+22.77"
"LBN   465"	"HII"	"LBN   465"
"LBN 102.76+21.89"	"HII"	"LBN 102.76+21.89"
"LBN 102.76+21.89"	"HII"	"LBN   469"
"LBN   469"	"HII"	"LBN 102.76+21.89"
"LBN   469"	"HII"	"LBN   469"
"LBN 103.20+22.72"	"HII"	"LBN 103.20+22.72"
"LBN 103.20+22.72"	"HII"	"LBN   481"
"LBN   481"	"HII"	"LBN 103.20+22.72"
"LBN   481"	"HII"	"LBN   481"
"LBN 112.23+20.50"	"HII"	"LBN 112.23+20.50"
"LBN 112.23+20.50"	"HII"	"LBN   550"
"LBN   550"	"HII"	"LBN 112.23+20.50"
"LBN   550"	"HII"	"LBN   550"
"LBN 112.55+20.79"	"HII"	"LBN 112.55+20.79"
"LBN 112.55+20.79"	"HII"	"LBN   552"
"LBN   552"	"HII"	"LBN 112.55+20.79"
"LBN   552"	"HII"	"LBN   552"
"LBN 113.08+21.10"	"HII"	"LBN 113.08+21.10"
"LBN 113.08+21.10"	"HII"	"LBN   555"
"LBN   555"	"HII"	"LBN 113.08+21.10"
"LBN   555"	"HII"	"LBN   555"
"LBN 115.73+20.13"	"HII"	"LBN 115.73+20.13"
"LBN 115.73+20.13"	"HII"	"LBN   569"
"LBN   569"	"HII"	"LBN 115.73+20.13"
"LBN   569"	"HII"	"LBN   569"
"LBN 116.03+25.51"	"HII"	"LBN 116.03+25.51"
"LBN 116.03+25.51"	"HII"	"LBN   572"
"LBN   572"	"HII"	"LBN 116.03+25.51"
"LBN   572"	"HII"	"LBN   572"
"LBN 117.94+24.90"	"HII"	"LBN 117.94+24.90"
"LBN 117.94+24.90"	"HII"	"LBN   579"
"LBN   579"	"HII"	"LBN 117.94+24.90"
"LBN   579"	"HII"	"LBN   579"
"LBN 123.21+23.39"	"HII"	"LBN 123.21+23.39"
"LBN 123.21+23.39"	"HII"	"LBN   617"
"LBN 123.21+23.39"	"HII"	"SH  2-178"
"LBN   617"	"HII"	"LBN 123.21+23.39"
"LBN   617"	"HII"	"LBN   617"
"LBN   617"	"HII"	"SH  2-178"
"LBN 144.89+17.42"	"HII"	"LBN 144.89+17.42"
"LBN 144.89+17.42"	"HII"	"LBN   687"
"LBN   687"	"HII"	"LBN 144.89+17.42"
"LBN   687"	"HII"	"LBN   687"
"LBN 159.90+11.58"	"HII"	"LBN 159.90+11.58"
"LBN 159.90+11.58"	"HII"	"LBN   751"
"LBN   751"	"HII"	"LBN 159.90+11.58"
"LBN   751"	"HII"	"LBN   751"
"LBN 122.23+26.05"	"HII"	"LBN 122.23+26.05"
"LBN 122.23+26.05"	"HII"	"LBN   606"
"LBN   606"	"HII"	"LBN 122.23+26.05"
"LBN   606"	"HII"	"LBN   606"
"LBN 126.54+24.68"	"HII"	"LBN 126.54+24.68"
"LBN 126.54+24.68"	"HII"	"LBN   628"
"LBN   628"	"HII"	"LBN 126.54+24.68"
"LBN   628"	"HII"	"LBN   628"
"LBN 126.81+23.74"	"HII"	"LBN 126.81+23.74"
"LBN 126.81+23.74"	"HII"	"LBN   631"
"LBN   631"	"HII"	"LBN 126.81+23.74"
"LBN   631"	"HII"	"LBN   631"
"LBN 127.53+24.47"	"HII"	"LBN 127.53+24.47"
"LBN 127.53+24.47"	"HII"	"LBN   632"
"LBN   632"	"HII"	"LBN 127.53+24.47"
"LBN   632"	"HII"	"LBN   632"
"LBN 146.21+17.61"	"HII"	"LBN 146.21+17.61"
"LBN 146.21+17.61"	"HII"	"LBN   690"
"LBN   690"	"HII"	"LBN 146.21+17.61"
"LBN   690"	"HII"	"LBN   690"
"LBN 147.69+17.07"	"HII"	"LBN 147.69+17.07"
"LBN 147.69+17.07"	"HII"	"LBN   693"
"LBN   693"	"HII"	"LBN 147.69+17.07"
"LBN   693"	"HII"	"LBN   693"
"LBN 148.81+16.60"	"HII"	"LBN 148.81+16.60"
"LBN 148.81+16.60"	"HII"	"LBN   699"
"LBN   699"	"HII"	"LBN 148.81+16.60"
"LBN   699"	"HII"	"LBN   699"
"LBN 148.83+17.71"	"HII"	"LBN 148.83+17.71"
"LBN 148.83+17.71"	"HII"	"LBN   700"
"LBN   700"	"HII"	"LBN 148.83+17.71"
"LBN   700"	"HII"	"LBN   700"
"LBN 159.84+12.50"	"HII"	"LBN 159.84+12.50"
"LBN 159.84+12.50"	"HII"	"LBN   750"
"LBN 159.84+12.50"	"HII"	"SH  2-218"
"LBN   750"	"HII"	"LBN 159.84+12.50"
"LBN   750"	"HII"	"LBN   750"
"LBN   750"	"HII"	"SH  2-218"
"LBN 163.16+12.53"	"HII"	"LBN 163.16+12.53"
"LBN 163.16+12.53"	"HII"	"LBN   764"
"LBN   764"	"HII"	"LBN 163.16+12.53"
"LBN   764"	"HII"	"LBN   764"
"LBN 163.76+12.22"	"HII"	"LBN 163.76+12.22"
"LBN 163.76+12.22"	"HII"	"LBN   765"
"LBN   765"	"HII"	"LBN 163.76+12.22"
"LBN   765"	"HII"	"LBN   765"
"LBN 161.45+14.78"	"HII"	"LBN 161.45+14.78"
"LBN 161.45+14.78"	"HII"	"LBN   760"
"LBN   760"	"HII"	"LBN 161.45+14.78"
"LBN   760"	"HII"	"LBN   760"
"LBN 148.15+23.46"	"HII"	"LBN 148.15+23.46"
"LBN 148.15+23.46"	"HII"	"LBN   698"
"LBN   698"	"HII"	"LBN 148.15+23.46"
"LBN   698"	"HII"	"LBN   698"
"LBN 149.07+24.06"	"HII"	"LBN 149.07+24.06"
"LBN 149.07+24.06"	"HII"	"LBN   702"
"LBN   702"	"HII"	"LBN 149.07+24.06"
"LBN   702"	"HII"	"LBN   702"
"LBN 125.98+32.27"	"HII"	"LBN 125.98+32.27"
"LBN 125.98+32.27"	"HII"	"LBN   627"
"LBN   627"	"HII"	"LBN 125.98+32.27"
"LBN   627"	"HII"	"LBN   627"
"LBN 126.54+32.58"	"HII"	"LBN 126.54+32.58"
"LBN 126.54+32.58"	"HII"	"LBN   629"
"LBN   629"	"HII"	"LBN 126.54+32.58"
"LBN   629"	"HII"	"LBN   629"
"LBN 090.48+38.06"	"HII"	"LBN 090.48+38.06"
"LBN 090.48+38.06"	"HII"	"LBN   413"
"LBN   413"	"HII"	"LBN 090.48+38.06"
"LBN   413"	"HII"	"LBN   413"
"LBN 090.02+38.77"	"HII"	"LBN 090.02+38.77"
"LBN 090.02+38.77"	"HII"	"LBN   406"
"LBN   406"	"HII"	"LBN 090.02+38.77"
"LBN   406"	"HII"	"LBN   406"
"LBN 091.47+38.51"	"HII"	"LBN 091.47+38.51"
"LBN 091.47+38.51"	"HII"	"LBN   415"
"LBN   415"	"HII"	"LBN 091.47+38.51"
"LBN   415"	"HII"	"LBN   415"
"LBN 142.46+37.02"	"HII"	"LBN 142.46+37.02"
"LBN 142.46+37.02"	"HII"	"LBN   683"
"LBN   683"	"HII"	"LBN 142.46+37.02"
"LBN   683"	"HII"	"LBN   683"
"LBN 147.56+36.88"	"HII"	"LBN 147.56+36.88"
"LBN 147.56+36.88"	"HII"	"LBN   692"
"LBN   692"	"HII"	"LBN 147.56+36.88"
"LBN   692"	"HII"	"LBN   692"
"LBN 155.50+32.62"	"HII"	"LBN 155.50+32.62"
"LBN 155.50+32.62"	"HII"	"LBN   723"
"LBN   723"	"HII"	"LBN 155.50+32.62"
"LBN   723"	"HII"	"LBN   723"
"LBN 156.50+32.52"	"HII"	"LBN 156.50+32.52"
"LBN 156.50+32.52"	"HII"	"LBN   727"
"LBN   727"	"HII"	"LBN 156.50+32.52"
"LBN   727"	"HII"	"LBN   727"
"LBN 147.82+37.57"	"HII"	"LBN 147.82+37.57"
"LBN 147.82+37.57"	"HII"	"LBN   695"
"LBN   695"	"HII"	"LBN 147.82+37.57"
"LBN   695"	"HII"	"LBN   695"
"LBN 156.51+35.11"	"HII"	"LBN 156.51+35.11"
"LBN 156.51+35.11"	"HII"	"LBN   728"
"LBN   728"	"HII"	"LBN 156.51+35.11"
"LBN   728"	"HII"	"LBN   728"
"LBN 156.68+34.50"	"HII"	"LBN 156.68+34.50"
"LBN 156.68+34.50"	"HII"	"LBN   729"
"LBN   729"	"HII"	"LBN 156.68+34.50"
"LBN   729"	"HII"	"LBN   729"
"LBN 157.08+32.78"	"HII"	"LBN 157.08+32.78"
"LBN 157.08+32.78"	"HII"	"LBN   732"
"LBN   732"	"HII"	"LBN 157.08+32.78"
"LBN   732"	"HII"	"LBN   732"
"LBN 157.48+32.66"	"HII"	"LBN 157.48+32.66"
"LBN 157.48+32.66"	"HII"	"LBN   733"
"LBN   733"	"HII"	"LBN 157.48+32.66"
"LBN   733"	"HII"	"LBN   733"
"LBN 147.05+41.11"	"HII"	"LBN 147.05+41.11"
"LBN 147.05+41.11"	"HII"	"LBN   691"
"LBN   691"	"HII"	"LBN 147.05+41.11"
"LBN   691"	"HII"	"LBN   691"
"LBN 172.02+30.47"	"HII"	"LBN 172.02+30.47"
"LBN 172.02+30.47"	"HII"	"LBN   790"
"LBN   790"	"HII"	"LBN 172.02+30.47"
"LBN   790"	"HII"	"LBN   790"
"LBN 173.21+31.70"	"HII"	"LBN 173.21+31.70"
"LBN 173.21+31.70"	"HII"	"LBN   801"
"LBN   801"	"HII"	"LBN 173.21+31.70"
"LBN   801"	"HII"	"LBN   801"
"LBN 173.96+30.38"	"HII"	"LBN 173.96+30.38"
"LBN 173.96+30.38"	"HII"	"LBN   811"
"LBN   811"	"HII"	"LBN 173.96+30.38"
"LBN   811"	"HII"	"LBN   811"
"LBN 155.96-24.08"	"HII"	"LBN 155.96-24.08"
"LBN 155.96-24.08"	"HII"	"LBN   725"
"LBN   725"	"HII"	"LBN 155.96-24.08"
"LBN   725"	"HII"	"LBN   725"
"LBN 156.05-23.42"	"HII"	"LBN 156.05-23.42"
"LBN 156.05-23.42"	"HII"	"LBN   726"
"LBN   726"	"HII"	"LBN 156.05-23.42"
"LBN   726"	"HII"	"LBN   726"
"LBN 162.83-31.84"	"HII"	"LBN 162.83-31.84"
"LBN 162.83-31.84"	"HII"	"LBN   763"
"LBN   763"	"HII"	"LBN 162.83-31.84"
"LBN   763"	"HII"	"LBN   763"
"LBN 191.43-52.20"	"HII"	"LBN 191.43-52.20"
"LBN 191.43-52.20"	"HII"	"LBN   856"
"LBN   856"	"HII"	"LBN 191.43-52.20"
"LBN   856"	"HII"	"LBN   856"
"LBN 154.40-16.40"	"HII"	"LBN 154.40-16.40"
"LBN 154.40-16.40"	"HII"	"LBN   716"
"LBN   716"	"HII"	"LBN 154.40-16.40"
"LBN   716"	"HII"	"LBN   716"
"LBN 154.74-15.14"	"HII"	"LBN 154.74-15.14"
"LBN 154.74-15.14"	"HII"	"LBN   718"
"LBN   718"	"HII"	"LBN 154.74-15.14"
"LBN   718"	"HII"	"LBN   718"
"LBN 154.79-15.20"	"HII"	"LBN 154.79-15.20"
"LBN 154.79-15.20"	"HII"	"LBN   719"
"LBN   719"	"HII"	"LBN 154.79-15.20"
"LBN   719"	"HII"	"LBN   719"
"LBN 158.25-21.08"	"HII"	"LBN 158.25-21.08"
"LBN 158.25-21.08"	"HII"	"LBN   740"
"LBN   740"	"HII"	"LBN 158.25-21.08"
"LBN   740"	"HII"	"LBN   740"
"LBN 157.58-20.59"	"RNe"	"Ced  12"
"LBN 157.58-20.59"	"RNe"	"LBN 157.58-20.59"
"LBN 157.58-20.59"	"RNe"	"LBN   734"
"LBN   734"	"RNe"	"Ced  12"
"LBN   734"	"RNe"	"LBN 157.58-20.59"
"LBN   734"	"RNe"	"LBN   734"
"LBN 158.31-20.44"	"OpC"	"Ced  16"
"LBN 158.31-20.44"	"OpC"	"LBN 158.31-20.44"
"LBN 158.31-20.44"	"OpC"	"LBN   741"
"LBN 158.31-20.44"	"OpC"	"NGC  1333"
"LBN   741"	"OpC"	"Ced  16"
"LBN   741"	"OpC"	"LBN 158.31-20.44"
"LBN   741"	"OpC"	"LBN   741"
"LBN   741"	"OpC"	"NGC  1333"
"LBN 159.31-21.67"	"RNe"	"Ced  15"
"LBN 159.31-21.67"	"RNe"	"LBN 159.31-21.67"
"LBN 159.31-21.67"	"RNe"	"LBN   746"
"LBN   746"	"RNe"	"Ced  15"
"LBN   746"	"RNe"	"LBN 159.31-21.67"
"LBN   746"	"RNe"	"LBN   746"
"LBN 194.85-48.90"	"HII"	"LBN 194.85-48.90"
"LBN 194.85-48.90"	"HII"	"LBN   870"
"LBN   870"	"HII"	"LBN 194.85-48.90"
"LBN   870"	"HII"	"LBN   870"
"LBN 155.13-14.65"	"HII"	"LBN 155.13-14.65"
"LBN 155.13-14.65"	"HII"	"LBN   720"
"LBN   720"	"HII"	"LBN 155.13-14.65"
"LBN   720"	"HII"	"LBN   720"
"LBN 155.19-14.40"	"RNe"	"LBN 155.19-14.40"
"LBN 155.19-14.40"	"RNe"	"LBN   721"
"LBN   721"	"RNe"	"LBN 155.19-14.40"
"LBN   721"	"RNe"	"LBN   721"
"LBN 159.59-18.51"	"HII"	"LBN 159.59-18.51"
"LBN 159.59-18.51"	"HII"	"LBN   749"
"LBN   749"	"HII"	"LBN 159.59-18.51"
"LBN   749"	"HII"	"LBN   749"
"LBN 160.47-17.86"	"OpC"	"Ced  20"
"LBN 160.47-17.86"	"OpC"	"IC  348"
"LBN 160.47-17.86"	"OpC"	"LBN 160.47-17.86"
"LBN 160.47-17.86"	"OpC"	"LBN   758"
"LBN 160.47-17.86"	"OpC"	"NAME Gingrich 1"
"LBN 160.47-17.86"	"OpC"	"Cl Collinder   41"
"LBN 160.47-17.86"	"OpC"	"NAME omi Per Cloud"
"LBN   758"	"OpC"	"Ced  20"
"LBN   758"	"OpC"	"IC  348"
"LBN   758"	"OpC"	"LBN 160.47-17.86"
"LBN   758"	"OpC"	"LBN   758"
"LBN   758"	"OpC"	"NAME Gingrich 1"
"LBN   758"	"OpC"	"Cl Collinder   41"
"LBN   758"	"OpC"	"NAME omi Per Cloud"
"LBN 161.59-20.85"	"HII"	"LBN 161.59-20.85"
"LBN 161.59-20.85"	"HII"	"LBN   761"
"LBN   761"	"HII"	"LBN 161.59-20.85"
"LBN   761"	"HII"	"LBN   761"
"LBN 166.92-25.20"	"HII"	"Ced  19"
"LBN 166.92-25.20"	"HII"	"IC  336"
"LBN 166.92-25.20"	"HII"	"LBN 166.92-25.20"
"LBN 166.92-25.20"	"HII"	"LBN   773"
"LBN   773"	"HII"	"Ced  19"
"LBN   773"	"HII"	"IC  336"
"LBN   773"	"HII"	"LBN 166.92-25.20"
"LBN   773"	"HII"	"LBN   773"
"LBN 158.14-13.85"	"HII"	"LBN 158.14-13.85"
"LBN 158.14-13.85"	"HII"	"LBN   738"
"LBN   738"	"HII"	"LBN 158.14-13.85"
"LBN   738"	"HII"	"LBN   738"
"LBN 159.39-14.36"	"HII"	"LBN 159.39-14.36"
"LBN 159.39-14.36"	"HII"	"LBN   748"
"LBN   748"	"HII"	"LBN 159.39-14.36"
"LBN   748"	"HII"	"LBN   748"
"LBN 160.45-15.24"	"HII"	"LBN 160.45-15.24"
"LBN 160.45-15.24"	"HII"	"LBN   757"
"LBN   757"	"HII"	"LBN 160.45-15.24"
"LBN   757"	"HII"	"LBN   757"
"LBN 166.39-23.63"	"HII"	"LBN 166.39-23.63"
"LBN 166.39-23.63"	"HII"	"LBN   770"
"LBN 166.39-23.63"	"HII"	"LBN   772"
"LBN   770"	"HII"	"LBN 166.39-23.63"
"LBN   770"	"HII"	"LBN   770"
"LBN   770"	"HII"	"LBN   772"
"LBN   772"	"HII"	"LBN 166.39-23.63"
"LBN   772"	"HII"	"LBN   770"
"LBN   772"	"HII"	"LBN   772"
"LBN   771"	"HII"	"LBN   771"
"LBN   771"	"HII"	"NGC  1432"
"LBN   771"	"HII"	"NAME Maia Nebula"
"LBN 167.05-21.26"	"HII"	"LBN 167.05-21.26"
"LBN 167.05-21.26"	"HII"	"LBN   774"
"LBN   774"	"HII"	"LBN 167.05-21.26"
"LBN   774"	"HII"	"LBN   774"
"LBN 167.67-22.55"	"HII"	"LBN   776"
"LBN 167.67-22.55"	"HII"	"LBN 167.67-22.55"
"LBN 157.76-08.90"	"HII"	"LBN 157.76-08.90"
"LBN 157.76-08.90"	"HII"	"LBN   736"
"LBN   736"	"HII"	"LBN 157.76-08.90"
"LBN   736"	"HII"	"LBN   736"
"LBN   756"	"HII"	"LBN   756"
"LBN   756"	"HII"	"LBN 160.18-12.15"
"LBN   756"	"HII"	"NAME California Nebula"
"LBN   756"	"HII"	"NGC  1499"
"LBN   756"	"HII"	"SH  2-220"
"LBN 160.18-12.15"	"HII"	"LBN   756"
"LBN 160.18-12.15"	"HII"	"LBN 160.18-12.15"
"LBN 160.18-12.15"	"HII"	"NAME California Nebula"
"LBN 160.18-12.15"	"HII"	"NGC  1499"
"LBN 160.18-12.15"	"HII"	"SH  2-220"
"LBN 159.95-11.90"	"HII"	"LBN 159.95-11.90"
"LBN 159.95-11.90"	"HII"	"LBN   752"
"LBN   752"	"HII"	"LBN 159.95-11.90"
"LBN   752"	"HII"	"LBN   752"
"LBN 167.58-19.18"	"HII"	"LBN 167.58-19.18"
"LBN 167.58-19.18"	"HII"	"LBN   775"
"LBN   775"	"HII"	"LBN 167.58-19.18"
"LBN   775"	"HII"	"LBN   775"
"LBN 168.34-20.57"	"HII"	"LBN 168.34-20.57"
"LBN 168.34-20.57"	"HII"	"LBN   779"
"LBN   779"	"HII"	"LBN 168.34-20.57"
"LBN   779"	"HII"	"LBN   779"
"LBN 168.10-19.04"	"RNe"	"LBN 168.10-19.04"
"LBN 168.10-19.04"	"RNe"	"LBN   777"
"LBN   777"	"RNe"	"LBN 168.10-19.04"
"LBN   777"	"RNe"	"LBN   777"
"LBN 185.03-34.34"	"HII"	"LBN 185.03-34.34"
"LBN 185.03-34.34"	"HII"	"LBN   835"
"LBN   835"	"HII"	"LBN 185.03-34.34"
"LBN   835"	"HII"	"LBN   835"
"LBN 183.46-33.30"	"HII"	"LBN 183.46-33.30"
"LBN 183.46-33.30"	"HII"	"LBN   829"
"LBN   829"	"HII"	"LBN 183.46-33.30"
"LBN   829"	"HII"	"LBN   829"
"LBN 187.35-34.86"	"HII"	"LBN 187.35-34.86"
"LBN 187.35-34.86"	"HII"	"LBN   839"
"LBN 187.35-34.86"	"HII"	"SH  2-245"
"LBN   839"	"HII"	"LBN 187.35-34.86"
"LBN   839"	"HII"	"LBN   839"
"LBN   839"	"HII"	"SH  2-245"
"LBN 186.52-34.66"	"HII"	"LBN 186.52-34.66"
"LBN 186.52-34.66"	"HII"	"LBN   836"
"LBN   836"	"HII"	"LBN 186.52-34.66"
"LBN   836"	"HII"	"LBN   836"
"LBN 189.99-37.03"	"HII"	"LBN 189.99-37.03"
"LBN 189.99-37.03"	"HII"	"LBN   853"
"LBN   853"	"HII"	"LBN 189.99-37.03"
"LBN   853"	"HII"	"LBN   853"
"LBN 194.03-39.47"	"HII"	"LBN 194.03-39.47"
"LBN 194.03-39.47"	"HII"	"LBN   861"
"LBN   861"	"HII"	"LBN 194.03-39.47"
"LBN   861"	"HII"	"LBN   861"
"LBN   786"	"ISM"	"Ced  29"
"LBN   786"	"ISM"	"IC  360"
"LBN   786"	"ISM"	"LBN   786"
"LBN   786"	"ISM"	"LBN 170.00-18.29"
"LBN 170.00-18.29"	"ISM"	"Ced  29"
"LBN 170.00-18.29"	"ISM"	"IC  360"
"LBN 170.00-18.29"	"ISM"	"LBN   786"
"LBN 170.00-18.29"	"ISM"	"LBN 170.00-18.29"
"LBN 182.72-28.39"	"RNe"	"LBN 182.72-28.39"
"LBN 182.72-28.39"	"RNe"	"LBN   828"
"LBN   828"	"RNe"	"LBN 182.72-28.39"
"LBN   828"	"RNe"	"LBN   828"
"LBN 184.36-28.85"	"HII"	"LBN 184.36-28.85"
"LBN 184.36-28.85"	"HII"	"LBN   831"
"LBN 184.36-28.85"	"HII"	"LBN   832"
"LBN   831"	"HII"	"LBN 184.36-28.85"
"LBN   831"	"HII"	"LBN   831"
"LBN   831"	"HII"	"LBN   832"
"LBN   832"	"HII"	"LBN 184.36-28.85"
"LBN   832"	"HII"	"LBN   831"
"LBN   832"	"HII"	"LBN   832"
"LBN 184.96-29.26"	"HII"	"LBN 184.96-29.26"
"LBN 184.96-29.26"	"HII"	"LBN   834"
"LBN   834"	"HII"	"LBN 184.96-29.26"
"LBN   834"	"HII"	"LBN   834"
"LBN 169.30-14.89"	"RNe"	"Ced  31"
"LBN 169.30-14.89"	"RNe"	"LBN 169.30-14.89"
"LBN 169.30-14.89"	"RNe"	"LBN   785"
"LBN   785"	"RNe"	"Ced  31"
"LBN   785"	"RNe"	"LBN 169.30-14.89"
"LBN   785"	"RNe"	"LBN   785"
"LBN   788"	"TT*"	"Ced  33"
"LBN   788"	"TT*"	"LBN   788"
"LBN   788"	"TT*"	"LBN 171.88-15.66"
"LBN 171.88-15.66"	"TT*"	"Ced  33"
"LBN 171.88-15.66"	"TT*"	"LBN   788"
"LBN 171.88-15.66"	"TT*"	"LBN 171.88-15.66"
"LBN 173.17-17.99"	"HII"	"LBN 173.17-17.99"
"LBN 173.17-17.99"	"HII"	"LBN   799"
"LBN   799"	"HII"	"LBN 173.17-17.99"
"LBN   799"	"HII"	"LBN   799"
"LBN 173.19-16.48"	"HII"	"LBN 173.19-16.48"
"LBN 173.19-16.48"	"HII"	"LBN   800"
"LBN   800"	"HII"	"LBN 173.19-16.48"
"LBN   800"	"HII"	"LBN   800"
"LBN 174.34-17.75"	"HII"	"Ced  34"
"LBN 174.34-17.75"	"HII"	"LBN 174.34-17.75"
"LBN 174.34-17.75"	"HII"	"LBN   814"
"LBN   814"	"HII"	"Ced  34"
"LBN   814"	"HII"	"LBN 174.34-17.75"
"LBN   814"	"HII"	"LBN   814"
"LBN 177.84-20.28"	"HII"	"LBN 177.84-20.28"
"LBN 177.84-20.28"	"HII"	"LBN   819"
"LBN   819"	"HII"	"LBN 177.84-20.28"
"LBN   819"	"HII"	"LBN   819"
"LBN   817"	"RNe"	"NAME Struve's nebula"
"LBN   817"	"RNe"	"Ced  32"
"LBN   817"	"RNe"	"LBN   817"
"LBN   817"	"RNe"	"LBN 176.18-20.82"
"LBN   817"	"RNe"	"NGC  1554"
"LBN 176.18-20.82"	"RNe"	"NAME Struve's nebula"
"LBN 176.18-20.82"	"RNe"	"Ced  32"
"LBN 176.18-20.82"	"RNe"	"LBN   817"
"LBN 176.18-20.82"	"RNe"	"LBN 176.18-20.82"
"LBN 176.18-20.82"	"RNe"	"NGC  1554"
"LBN 201.02-34.67"	"HII"	"LBN 201.02-34.67"
"LBN 201.02-34.67"	"HII"	"LBN   896"
"LBN   896"	"HII"	"LBN 201.02-34.67"
"LBN   896"	"HII"	"LBN   896"
"LBN   767"	"OpC"	"Ced  35"
"LBN   767"	"OpC"	"LBN   767"
"LBN   767"	"OpC"	"LBN 165.38-08.73"
"LBN   767"	"OpC"	"NGC  1579"
"LBN   767"	"OpC"	"SH  2-222"
"LBN 165.38-08.73"	"OpC"	"Ced  35"
"LBN 165.38-08.73"	"OpC"	"LBN   767"
"LBN 165.38-08.73"	"OpC"	"LBN 165.38-08.73"
"LBN 165.38-08.73"	"OpC"	"NGC  1579"
"LBN 165.38-08.73"	"OpC"	"SH  2-222"
"LBN 165.14-08.51"	"HII"	"LBN 165.14-08.51"
"LBN 165.14-08.51"	"HII"	"LBN   766"
"LBN   766"	"HII"	"LBN 165.14-08.51"
"LBN   766"	"HII"	"LBN   766"
"LBN 172.09-14.64"	"HII"	"LBN 172.09-14.64"
"LBN 172.09-14.64"	"HII"	"LBN   793"
"LBN   793"	"HII"	"LBN 172.09-14.64"
"LBN   793"	"HII"	"LBN   793"
"LBN 174.03-15.98"	"RNe"	"LBN 174.03-15.98"
"LBN 174.03-15.98"	"RNe"	"LBN   812"
"LBN   812"	"RNe"	"LBN 174.03-15.98"
"LBN   812"	"RNe"	"LBN   812"
"LBN 173.48-13.73"	"RNe"	"LBN 173.48-13.73"
"LBN 173.48-13.73"	"RNe"	"LBN   806"
"LBN   806"	"RNe"	"LBN 173.48-13.73"
"LBN   806"	"RNe"	"LBN   806"
"LBN 174.71-15.34"	"RNe"	"LBN 174.71-15.34"
"LBN 174.71-15.34"	"RNe"	"LBN   815"
"LBN   815"	"RNe"	"LBN 174.71-15.34"
"LBN   815"	"RNe"	"LBN   815"
"LBN 175.28-16.70"	"HII"	"LBN 175.28-16.70"
"LBN 175.28-16.70"	"HII"	"LBN   816"
"LBN   816"	"HII"	"LBN 175.28-16.70"
"LBN   816"	"HII"	"LBN   816"
"LBN 178.87-20.16"	"HII"	"LBN 178.87-20.16"
"LBN 178.87-20.16"	"HII"	"LBN   821"
"LBN 178.87-20.16"	"HII"	"SH  2-239"
"LBN   821"	"HII"	"LBN 178.87-20.16"
"LBN   821"	"HII"	"LBN   821"
"LBN   821"	"HII"	"SH  2-239"
"LBN 189.66-24.95"	"HII"	"LBN 189.66-24.95"
"LBN 189.66-24.95"	"HII"	"LBN   846"
"LBN 189.66-24.95"	"HII"	"SH  2-250"
"LBN   846"	"HII"	"LBN 189.66-24.95"
"LBN   846"	"HII"	"LBN   846"
"LBN   846"	"HII"	"SH  2-250"
"LBN 189.78-27.14"	"HII"	"LBN 189.78-27.14"
"LBN 189.78-27.14"	"HII"	"LBN   849"
"LBN 189.78-27.14"	"HII"	"SH  2-251"
"LBN   849"	"HII"	"LBN 189.78-27.14"
"LBN   849"	"HII"	"LBN   849"
"LBN   849"	"HII"	"SH  2-251"
"LBN 188.71-26.47"	"HII"	"LBN 188.71-26.47"
"LBN 188.71-26.47"	"HII"	"LBN   842"
"LBN   842"	"HII"	"LBN 188.71-26.47"
"LBN   842"	"HII"	"LBN   842"
"LBN 189.67-24.65"	"HII"	"LBN 189.67-24.65"
"LBN 189.67-24.65"	"HII"	"LBN   847"
"LBN   847"	"HII"	"LBN 189.67-24.65"
"LBN   847"	"HII"	"LBN   847"
"LBN 189.94-26.94"	"HII"	"LBN 189.94-26.94"
"LBN 189.94-26.94"	"HII"	"LBN   852"
"LBN   852"	"HII"	"LBN 189.94-26.94"
"LBN   852"	"HII"	"LBN   852"
"LBN 200.36-32.94"	"HII"	"LBN 200.36-32.94"
"LBN 200.36-32.94"	"HII"	"LBN   893"
"LBN   893"	"HII"	"LBN 200.36-32.94"
"LBN   893"	"HII"	"LBN   893"
"LBN 201.08-33.56"	"HII"	"LBN 201.08-33.56"
"LBN 201.08-33.56"	"HII"	"LBN   897"
"LBN   897"	"HII"	"LBN 201.08-33.56"
"LBN   897"	"HII"	"LBN   897"
"LBN 201.62-32.96"	"HII"	"LBN 201.62-32.96"
"LBN 201.62-32.96"	"HII"	"LBN   900"
"LBN   900"	"HII"	"LBN 201.62-32.96"
"LBN   900"	"HII"	"LBN   900"
"LBN 202.16-31.23"	"HII"	"LBN 202.16-31.23"
"LBN 202.16-31.23"	"HII"	"LBN   906"
"LBN   906"	"HII"	"LBN 202.16-31.23"
"LBN   906"	"HII"	"LBN   906"
"LBN 202.80-31.80"	"HII"	"LBN 202.80-31.80"
"LBN 202.80-31.80"	"HII"	"LBN   909"
"LBN   909"	"HII"	"LBN 202.80-31.80"
"LBN   909"	"HII"	"LBN   909"
"LBN 211.10-36.54"	"HII"	"LBN 211.10-36.54"
"LBN 211.10-36.54"	"HII"	"LBN   981"
"LBN   981"	"HII"	"LBN 211.10-36.54"
"LBN   981"	"HII"	"LBN   981"
"LBN 172.09-09.72"	"HII"	"LBN 172.09-09.72"
"LBN 172.09-09.72"	"HII"	"LBN   792"
"LBN   792"	"HII"	"LBN 172.09-09.72"
"LBN   792"	"HII"	"LBN   792"
"LBN 203.50-30.15"	"HII"	"LBN 203.50-30.15"
"LBN 203.50-30.15"	"HII"	"LBN   917"
"LBN   917"	"HII"	"LBN 203.50-30.15"
"LBN   917"	"HII"	"LBN   917"
"LBN 172.98-07.37"	"RNe"	"LBN 172.98-07.37"
"LBN 172.98-07.37"	"RNe"	"LBN   798"
"LBN   798"	"RNe"	"LBN 172.98-07.37"
"LBN   798"	"RNe"	"LBN   798"
"LBN 186.96-16.62"	"HII"	"LBN 186.96-16.62"
"LBN 186.96-16.62"	"HII"	"LBN   838"
"LBN 186.96-16.62"	"HII"	"SH  2-246"
"LBN   838"	"HII"	"LBN 186.96-16.62"
"LBN   838"	"HII"	"LBN   838"
"LBN   838"	"HII"	"SH  2-246"
"LBN 193.74-22.66"	"HII"	"LBN 193.74-22.66"
"LBN 193.74-22.66"	"HII"	"LBN   860"
"LBN 193.74-22.66"	"HII"	"SH  2-260"
"LBN   860"	"HII"	"LBN 193.74-22.66"
"LBN   860"	"HII"	"LBN   860"
"LBN   860"	"HII"	"SH  2-260"
"LBN 207.50-27.78"	"RNe"	"NGC  1909"
"LBN 207.50-27.78"	"RNe"	"Ced  41"
"LBN 207.50-27.78"	"RNe"	"IC 2118"
"LBN 207.50-27.78"	"RNe"	"LBN 207.50-27.78"
"LBN 207.50-27.78"	"RNe"	"LBN   959"
"LBN 207.50-27.78"	"RNe"	"NAME the Witch Head Nebula"
"LBN   959"	"RNe"	"NGC  1909"
"LBN   959"	"RNe"	"Ced  41"
"LBN   959"	"RNe"	"IC 2118"
"LBN   959"	"RNe"	"LBN 207.50-27.78"
"LBN   959"	"RNe"	"LBN   959"
"LBN   959"	"RNe"	"NAME the Witch Head Nebula"
"LBN 209.16-29.33"	"HII"	"LBN 209.16-29.33"
"LBN 209.16-29.33"	"HII"	"LBN   975"
"LBN   975"	"HII"	"LBN 209.16-29.33"
"LBN   975"	"HII"	"LBN   975"
"LBN 208.39-28.45"	"RNe"	"LBN 208.39-28.45"
"LBN 208.39-28.45"	"RNe"	"LBN   968"
"LBN   968"	"RNe"	"LBN 208.39-28.45"
"LBN   968"	"RNe"	"LBN   968"
"LBN   784"	"HII"	"LBN   784"
"LBN   784"	"HII"	"SH  2-228"
"LBN 168.49-00.89"	"HII"	"LBN 168.49-00.89"
"LBN 168.49-00.89"	"HII"	"LBN   780"
"LBN 168.49-00.89"	"HII"	"SH  2-226"
"LBN   780"	"HII"	"LBN 168.49-00.89"
"LBN   780"	"HII"	"LBN   780"
"LBN   780"	"HII"	"SH  2-226"
"LBN 169.24-00.94"	"HII"	"LBN 169.24-00.94"
"LBN 169.24-00.94"	"HII"	"LBN   783"
"LBN   783"	"HII"	"LBN 169.24-00.94"
"LBN   783"	"HII"	"LBN   783"
"LBN 172.07-02.72"	"HII"	"LBN 172.07-02.72"
"LBN 172.07-02.72"	"HII"	"LBN   791"
"LBN   791"	"HII"	"LBN 172.07-02.72"
"LBN   791"	"HII"	"LBN   791"
"LBN 194.71-19.99"	"HII"	"LBN 194.71-19.99"
"LBN 194.71-19.99"	"HII"	"LBN   868"
"LBN 194.71-19.99"	"HII"	"SH  2-262"
"LBN   868"	"HII"	"LBN 194.71-19.99"
"LBN   868"	"HII"	"LBN   868"
"LBN   868"	"HII"	"SH  2-262"
"LBN 202.59-22.31"	"HII"	"LBN 202.59-22.31"
"LBN 202.59-22.31"	"HII"	"LBN   907"
"LBN   907"	"HII"	"LBN 202.59-22.31"
"LBN   907"	"HII"	"LBN   907"
"LBN 202.82-23.28"	"HII"	"LBN 202.82-23.28"
"LBN 202.82-23.28"	"HII"	"LBN   910"
"LBN   910"	"HII"	"LBN 202.82-23.28"
"LBN   910"	"HII"	"LBN   910"
"LBN 203.79-25.48"	"HII"	"LBN 203.79-25.48"
"LBN 203.79-25.48"	"HII"	"LBN   923"
"LBN   923"	"HII"	"LBN 203.79-25.48"
"LBN   923"	"HII"	"LBN   923"
"LBN 203.49-24.76"	"RNe"	"Ced  40"
"LBN 203.49-24.76"	"RNe"	"LBN 203.49-24.76"
"LBN 203.49-24.76"	"RNe"	"LBN   916"
"LBN 203.49-24.76"	"RNe"	"NGC  1788"
"LBN   916"	"RNe"	"Ced  40"
"LBN   916"	"RNe"	"LBN 203.49-24.76"
"LBN   916"	"RNe"	"LBN   916"
"LBN   916"	"RNe"	"NGC  1788"
"LBN 211.04-28.21"	"HII"	"LBN 211.04-28.21"
"LBN 211.04-28.21"	"HII"	"LBN   980"
"LBN   980"	"HII"	"LBN 211.04-28.21"
"LBN   980"	"HII"	"LBN   980"
"LBN 213.16-27.73"	"HII"	"LBN 213.16-27.73"
"LBN 213.16-27.73"	"HII"	"LBN   991"
"LBN   991"	"HII"	"LBN 213.16-27.73"
"LBN   991"	"HII"	"LBN   991"
"LBN 165.93+02.44"	"HII"	"LBN 165.93+02.44"
"LBN 165.93+02.44"	"HII"	"LBN   768"
"LBN 165.93+02.44"	"HII"	"SH  2-223"
"LBN   768"	"HII"	"LBN 165.93+02.44"
"LBN   768"	"HII"	"LBN   768"
"LBN   768"	"HII"	"SH  2-223"
"LBN 166.16+04.52"	"HII"	"LBN 166.16+04.52"
"LBN 166.16+04.52"	"HII"	"LBN   769"
"LBN 166.16+04.52"	"HII"	"SH  2-224"
"LBN   769"	"HII"	"LBN 166.16+04.52"
"LBN   769"	"HII"	"LBN   769"
"LBN   769"	"HII"	"SH  2-224"
"LBN 168.71+00.89"	"HII"	"LBN 168.71+00.89"
"LBN 168.71+00.89"	"HII"	"LBN   781"
"LBN 168.71+00.89"	"HII"	"SH  2-227"
"LBN   781"	"HII"	"LBN 168.71+00.89"
"LBN   781"	"HII"	"LBN   781"
"LBN   781"	"HII"	"SH  2-227"
"LBN 171.10+00.22"	"HII"	"LBN 171.10+00.22"
"LBN 171.10+00.22"	"HII"	"LBN   787"
"LBN   787"	"HII"	"LBN 171.10+00.22"
"LBN   787"	"HII"	"LBN   787"
"LBN 172.16-02.02"	"Rad"	"IC  405"
"LBN 172.16-02.02"	"Rad"	"LBN 172.16-02.02"
"LBN 172.16-02.02"	"Rad"	"LBN   795"
"LBN 172.16-02.02"	"Rad"	"NAME Flaming Star Nebula"
"LBN   795"	"Rad"	"IC  405"
"LBN   795"	"Rad"	"LBN 172.16-02.02"
"LBN   795"	"Rad"	"LBN   795"
"LBN   795"	"Rad"	"NAME Flaming Star Nebula"
"LBN   807"	"Cl*"	"IC  410"
"LBN   807"	"Cl*"	"LBN   807"
"LBN   807"	"Cl*"	"LBN 173.58-01.75"
"LBN 173.58-01.75"	"Cl*"	"IC  410"
"LBN 173.58-01.75"	"Cl*"	"LBN   807"
"LBN 173.58-01.75"	"Cl*"	"LBN 173.58-01.75"
"LBN 172.15-00.01"	"HII"	"LBN 172.15-00.01"
"LBN 172.15-00.01"	"HII"	"LBN   794"
"LBN   794"	"HII"	"LBN 172.15-00.01"
"LBN   794"	"HII"	"LBN   794"
"LBN 172.56-02.05"	"HII"	"LBN 172.56-02.05"
"LBN 172.56-02.05"	"HII"	"LBN   796"
"LBN   796"	"HII"	"LBN 172.56-02.05"
"LBN   796"	"HII"	"LBN   796"
"LBN 189.68-14.57"	"HII"	"LBN 189.68-14.57"
"LBN 189.68-14.57"	"HII"	"LBN   848"
"LBN   848"	"HII"	"LBN 189.68-14.57"
"LBN   848"	"HII"	"LBN   848"
"LBN 192.05-14.01"	"HII"	"LBN 192.05-14.01"
"LBN 192.05-14.01"	"HII"	"LBN   857"
"LBN   857"	"HII"	"LBN 192.05-14.01"
"LBN   857"	"HII"	"LBN   857"
"LBN   867"	"HII"	"LBN   867"
"LBN   867"	"HII"	"SH  2-263"
"LBN 194.80-16.54"	"HII"	"LBN 194.80-16.54"
"LBN 194.80-16.54"	"HII"	"LBN   869"
"LBN 194.80-16.54"	"HII"	"SH  2-265"
"LBN   869"	"HII"	"LBN 194.80-16.54"
"LBN   869"	"HII"	"LBN   869"
"LBN   869"	"HII"	"SH  2-265"
"LBN 195.39-16.89"	"HII"	"LBN 195.39-16.89"
"LBN 195.39-16.89"	"HII"	"LBN   871"
"LBN   871"	"HII"	"LBN 195.39-16.89"
"LBN   871"	"HII"	"LBN   871"
"LBN 195.41-17.19"	"HII"	"LBN 195.41-17.19"
"LBN 195.41-17.19"	"HII"	"LBN   872"
"LBN   872"	"HII"	"LBN 195.41-17.19"
"LBN   872"	"HII"	"LBN   872"
"LBN 194.69-15.60"	"HII"	"Ced  44"
"LBN 194.69-15.60"	"HII"	"LBN 194.69-15.60"
"LBN 194.69-15.60"	"HII"	"LBN   866"
"LBN   866"	"HII"	"Ced  44"
"LBN   866"	"HII"	"LBN 194.69-15.60"
"LBN   866"	"HII"	"LBN   866"
"LBN 197.65-17.90"	"HII"	"LBN 197.65-17.90"
"LBN 197.65-17.90"	"HII"	"LBN   880"
"LBN   880"	"HII"	"LBN 197.65-17.90"
"LBN   880"	"HII"	"LBN   880"
"LBN 197.79-17.11"	"HII"	"LBN 197.79-17.11"
"LBN 197.79-17.11"	"HII"	"LBN   881"
"LBN   881"	"HII"	"LBN 197.79-17.11"
"LBN   881"	"HII"	"LBN   881"
"LBN 197.83-17.71"	"HII"	"LBN 197.83-17.71"
"LBN 197.83-17.71"	"HII"	"LBN   882"
"LBN   882"	"HII"	"LBN 197.83-17.71"
"LBN   882"	"HII"	"LBN   882"
"LBN 197.88-18.61"	"HII"	"LBN 197.88-18.61"
"LBN 197.88-18.61"	"HII"	"LBN   883"
"LBN   883"	"HII"	"LBN 197.88-18.61"
"LBN   883"	"HII"	"LBN   883"
"LBN 198.15-18.18"	"HII"	"LBN 198.15-18.18"
"LBN 198.15-18.18"	"HII"	"LBN   884"
"LBN   884"	"HII"	"LBN 198.15-18.18"
"LBN   884"	"HII"	"LBN   884"
"LBN 199.76-18.21"	"HII"	"LBN 199.76-18.21"
"LBN 199.76-18.21"	"HII"	"LBN   890"
"LBN   890"	"HII"	"LBN 199.76-18.21"
"LBN   890"	"HII"	"LBN   890"
"LBN 203.48-22.19"	"HII"	"LBN 203.48-22.19"
"LBN 203.48-22.19"	"HII"	"LBN   915"
"LBN   915"	"HII"	"LBN 203.48-22.19"
"LBN   915"	"HII"	"LBN   915"
"LBN 203.68-21.16"	"HII"	"LBN 203.68-21.16"
"LBN 203.68-21.16"	"HII"	"LBN   919"
"LBN   919"	"HII"	"LBN 203.68-21.16"
"LBN   919"	"HII"	"LBN   919"
"LBN 206.18-23.53"	"HII"	"LBN 206.18-23.53"
"LBN 206.18-23.53"	"HII"	"LBN   945"
"LBN   945"	"HII"	"LBN 206.18-23.53"
"LBN   945"	"HII"	"LBN   945"
"LBN 205.13-22.17"	"HII"	"LBN 205.13-22.17"
"LBN 205.13-22.17"	"HII"	"LBN   937"
"LBN   937"	"HII"	"LBN 205.13-22.17"
"LBN   937"	"HII"	"LBN   937"
"LBN 205.70-21.89"	"HII"	"LBN 205.70-21.89"
"LBN 205.70-21.89"	"HII"	"LBN   942"
"LBN   942"	"HII"	"LBN 205.70-21.89"
"LBN   942"	"HII"	"LBN   942"
"LBN 207.42-22.44"	"HII"	"LBN 207.42-22.44"
"LBN 207.42-22.44"	"HII"	"LBN   957"
"LBN   957"	"HII"	"LBN 207.42-22.44"
"LBN   957"	"HII"	"LBN   957"
"LBN 207.66-22.00"	"HII"	"LBN 207.66-22.00"
"LBN 207.66-22.00"	"HII"	"LBN   961"
"LBN   961"	"HII"	"LBN 207.66-22.00"
"LBN   961"	"HII"	"LBN   961"
"LBN 207.29-22.66"	"HII"	"LBN 207.29-22.66"
"LBN 207.29-22.66"	"HII"	"LBN   956"
"LBN 207.29-22.66"	"HII"	"SH  2-278"
"LBN   956"	"HII"	"LBN 207.29-22.66"
"LBN   956"	"HII"	"LBN   956"
"LBN   956"	"HII"	"SH  2-278"
"LBN   960"	"PM*"	"LBN   960"
"LBN   960"	"PM*"	"LBN 207.65-23.11"
"LBN 207.65-23.11"	"PM*"	"LBN   960"
"LBN 207.65-23.11"	"PM*"	"LBN 207.65-23.11"
"LBN 207.86-22.37"	"HII"	"LBN 207.86-22.37"
"LBN 207.86-22.37"	"HII"	"LBN   964"
"LBN   964"	"HII"	"LBN 207.86-22.37"
"LBN   964"	"HII"	"LBN   964"
"LBN 208.43-22.08"	"HII"	"LBN 208.43-22.08"
"LBN 208.43-22.08"	"HII"	"LBN   969"
"LBN   969"	"HII"	"LBN 208.43-22.08"
"LBN   969"	"HII"	"LBN   969"
"LBN 168.13+02.97"	"HII"	"LBN 168.13+02.97"
"LBN 168.13+02.97"	"HII"	"LBN   778"
"LBN 168.13+02.97"	"HII"	"SH  2-225"
"LBN   778"	"HII"	"LBN 168.13+02.97"
"LBN   778"	"HII"	"LBN   778"
"LBN   778"	"HII"	"SH  2-225"
"LBN 173.46-00.16"	"HII"	"IC  417"
"LBN 173.46-00.16"	"HII"	"LBN 173.46-00.16"
"LBN 173.46-00.16"	"HII"	"LBN   804"
"LBN 173.46-00.16"	"HII"	"SH  2-234"
"LBN   804"	"HII"	"IC  417"
"LBN   804"	"HII"	"LBN 173.46-00.16"
"LBN   804"	"HII"	"LBN   804"
"LBN   804"	"HII"	"SH  2-234"
"LBN 173.92+00.24"	"OpC"	"Ced  49"
"LBN 173.92+00.24"	"OpC"	"LBN 173.92+00.24"
"LBN 173.92+00.24"	"OpC"	"LBN   810"
"LBN 173.92+00.24"	"OpC"	"NGC  1931"
"LBN 173.92+00.24"	"OpC"	"SH  2-237"
"LBN   810"	"OpC"	"Ced  49"
"LBN   810"	"OpC"	"LBN 173.92+00.24"
"LBN   810"	"OpC"	"LBN   810"
"LBN   810"	"OpC"	"NGC  1931"
"LBN   810"	"OpC"	"SH  2-237"
"LBN 172.72+02.04"	"HII"	"LBN 172.72+02.04"
"LBN 172.72+02.04"	"HII"	"LBN   797"
"LBN   797"	"HII"	"LBN 172.72+02.04"
"LBN   797"	"HII"	"LBN   797"
"LBN 183.99-04.16"	"HII"	"LBN 183.99-04.16"
"LBN 183.99-04.16"	"HII"	"LBN   830"
"LBN 183.99-04.16"	"HII"	"SH  2-243"
"LBN   830"	"HII"	"LBN 183.99-04.16"
"LBN   830"	"HII"	"LBN   830"
"LBN   830"	"HII"	"SH  2-243"
"LBN   833"	"SNR"	"LBN   833"
"LBN   833"	"SNR"	"LBN 184.62-05.65"
"LBN   833"	"SNR"	"M   1"
"LBN   833"	"SNR"	"NAME CRAB NEB"
"LBN   833"	"SNR"	"NAME Crab"
"LBN   833"	"SNR"	"NAME Crab Nebula"
"LBN   833"	"SNR"	"NAME Tau A"
"LBN   833"	"SNR"	"NAME Taurus A"
"LBN   833"	"SNR"	"NGC  1952"
"LBN   833"	"SNR"	"SH  2-244"
"LBN 184.62-05.65"	"SNR"	"LBN   833"
"LBN 184.62-05.65"	"SNR"	"LBN 184.62-05.65"
"LBN 184.62-05.65"	"SNR"	"M   1"
"LBN 184.62-05.65"	"SNR"	"NAME CRAB NEB"
"LBN 184.62-05.65"	"SNR"	"NAME Crab"
"LBN 184.62-05.65"	"SNR"	"NAME Crab Nebula"
"LBN 184.62-05.65"	"SNR"	"NAME Tau A"
"LBN 184.62-05.65"	"SNR"	"NAME Taurus A"
"LBN 184.62-05.65"	"SNR"	"NGC  1952"
"LBN 184.62-05.65"	"SNR"	"SH  2-244"
"LBN 194.68-12.42"	"HII"	"Ced  54"
"LBN 194.68-12.42"	"HII"	"LBN 194.68-12.42"
"LBN 194.68-12.42"	"HII"	"LBN   865"
"LBN   865"	"HII"	"Ced  54"
"LBN   865"	"HII"	"LBN 194.68-12.42"
"LBN   865"	"HII"	"LBN   865"
"LBN 199.63-16.41"	"HII"	"LBN 199.63-16.41"
"LBN 199.63-16.41"	"HII"	"LBN   888"
"LBN   888"	"HII"	"LBN 199.63-16.41"
"LBN   888"	"HII"	"LBN   888"
"LBN 199.00-15.48"	"HII"	"LBN 199.00-15.48"
"LBN 199.00-15.48"	"HII"	"LBN   885"
"LBN   885"	"HII"	"LBN 199.00-15.48"
"LBN   885"	"HII"	"LBN   885"
"LBN 199.17-15.58"	"HII"	"LBN 199.17-15.58"
"LBN 199.17-15.58"	"HII"	"LBN   886"
"LBN   886"	"HII"	"LBN 199.17-15.58"
"LBN   886"	"HII"	"LBN   886"
"LBN 200.20-16.15"	"HII"	"LBN 200.20-16.15"
"LBN 200.20-16.15"	"HII"	"LBN   892"
"LBN   892"	"HII"	"LBN 200.20-16.15"
"LBN   892"	"HII"	"LBN   892"
"LBN   913"	"MoC"	"Ced  52"
"LBN   913"	"MoC"	"IC  423"
"LBN   913"	"MoC"	"LBN   913"
"LBN   913"	"MoC"	"LBN 203.12-16.87"
"LBN 203.12-16.87"	"MoC"	"Ced  52"
"LBN 203.12-16.87"	"MoC"	"IC  423"
"LBN 203.12-16.87"	"MoC"	"LBN   913"
"LBN 203.12-16.87"	"MoC"	"LBN 203.12-16.87"
"LBN   921"	"MoC"	"Ced  55j"
"LBN   921"	"MoC"	"IC  426"
"LBN   921"	"MoC"	"LBN   921"
"LBN   921"	"MoC"	"LBN 203.76-16.35"
"LBN 203.76-16.35"	"MoC"	"Ced  55j"
"LBN 203.76-16.35"	"MoC"	"IC  426"
"LBN 203.76-16.35"	"MoC"	"LBN   921"
"LBN 203.76-16.35"	"MoC"	"LBN 203.76-16.35"
"LBN 204.96-17.55"	"HII"	"LBN 204.96-17.55"
"LBN 204.96-17.55"	"HII"	"LBN   935"
"LBN   935"	"HII"	"LBN 204.96-17.55"
"LBN   935"	"HII"	"LBN   935"
"LBN   914"	"RNe"	"IC  424"
"LBN   914"	"RNe"	"LBN   914"
"LBN   914"	"RNe"	"LBN 203.43-16.75"
"LBN 203.43-16.75"	"RNe"	"IC  424"
"LBN 203.43-16.75"	"RNe"	"LBN   914"
"LBN 203.43-16.75"	"RNe"	"LBN 203.43-16.75"
"LBN   940"	"HII"	"LBN   940"
"LBN   940"	"HII"	"LBN 205.42-17.78"
"LBN   940"	"HII"	"NGC  1990"
"LBN 205.42-17.78"	"HII"	"LBN   940"
"LBN 205.42-17.78"	"HII"	"LBN 205.42-17.78"
"LBN 205.42-17.78"	"HII"	"NGC  1990"
"LBN 203.64-17.43"	"HII"	"LBN 203.64-17.43"
"LBN 203.64-17.43"	"HII"	"LBN   918"
"LBN   918"	"HII"	"LBN 203.64-17.43"
"LBN   918"	"HII"	"LBN   918"
"LBN 207.80-19.58"	"RNe"	"LBN 207.80-19.58"
"LBN 207.80-19.58"	"RNe"	"LBN   963"
"LBN   963"	"RNe"	"LBN 207.80-19.58"
"LBN   963"	"RNe"	"LBN   963"
"LBN 209.13-19.35"	"HII"	"LBN 209.13-19.35"
"LBN 209.13-19.35"	"HII"	"LBN   974"
"LBN 209.13-19.35"	"HII"	"M  42"
"LBN 209.13-19.35"	"HII"	"NAME Great Orion Nebula"
"LBN 209.13-19.35"	"HII"	"NAME Ori Nebula"
"LBN 209.13-19.35"	"HII"	"NAME Orion Nebula"
"LBN 209.13-19.35"	"HII"	"NGC  1976"
"LBN   974"	"HII"	"LBN 209.13-19.35"
"LBN   974"	"HII"	"LBN   974"
"LBN   974"	"HII"	"M  42"
"LBN   974"	"HII"	"NAME Great Orion Nebula"
"LBN   974"	"HII"	"NAME Ori Nebula"
"LBN   974"	"HII"	"NAME Orion Nebula"
"LBN   974"	"HII"	"NGC  1976"
"LBN   979"	"RNe"	"Ced  55i"
"LBN   979"	"RNe"	"LBN   979"
"LBN   979"	"RNe"	"LBN 210.44-19.70"
"LBN   979"	"RNe"	"NGC  1999"
"LBN 210.44-19.70"	"RNe"	"Ced  55i"
"LBN 210.44-19.70"	"RNe"	"LBN   979"
"LBN 210.44-19.70"	"RNe"	"LBN 210.44-19.70"
"LBN 210.44-19.70"	"RNe"	"NGC  1999"
"LBN 209.84-19.13"	"OpC"	"LBN 209.84-19.13"
"LBN 209.84-19.13"	"OpC"	"LBN   977"
"LBN 209.84-19.13"	"OpC"	"NGC  1980"
"LBN 209.84-19.13"	"OpC"	"NAME Lower Sword"
"LBN   977"	"OpC"	"LBN 209.84-19.13"
"LBN   977"	"OpC"	"LBN   977"
"LBN   977"	"OpC"	"NGC  1980"
"LBN   977"	"OpC"	"NAME Lower Sword"
"LBN  1001"	"HII"	"LBN  1001"
"LBN  1001"	"HII"	"LBN 214.05-22.44"
"LBN 214.05-22.44"	"HII"	"LBN  1001"
"LBN 214.05-22.44"	"HII"	"LBN 214.05-22.44"
"LBN  1005"	"HII"	"LBN  1005"
"LBN  1005"	"HII"	"LBN 214.81-23.31"
"LBN 214.81-23.31"	"HII"	"LBN  1005"
"LBN 214.81-23.31"	"HII"	"LBN 214.81-23.31"
"LBN  1006"	"HII"	"LBN  1006"
"LBN  1006"	"HII"	"LBN 215.48-22.78"
"LBN 215.48-22.78"	"HII"	"LBN  1006"
"LBN 215.48-22.78"	"HII"	"LBN 215.48-22.78"
"LBN 171.92+03.27"	"HII"	"LBN 171.92+03.27"
"LBN 171.92+03.27"	"HII"	"LBN   789"
"LBN   789"	"HII"	"LBN 171.92+03.27"
"LBN   789"	"HII"	"LBN   789"
"LBN 173.33+02.37"	"HII"	"LBN 173.33+02.37"
"LBN 173.33+02.37"	"HII"	"LBN   802"
"LBN 173.33+02.37"	"HII"	"SH  2-233"
"LBN   802"	"HII"	"LBN 173.33+02.37"
"LBN   802"	"HII"	"LBN   802"
"LBN   802"	"HII"	"SH  2-233"
"LBN 173.44+02.54"	"HII"	"LBN 173.44+02.54"
"LBN 173.44+02.54"	"HII"	"LBN   803"
"LBN   803"	"HII"	"LBN 173.44+02.54"
"LBN   803"	"HII"	"LBN   803"
"LBN 173.48+03.24"	"HII"	"LBN 173.48+03.24"
"LBN 173.48+03.24"	"HII"	"LBN   805"
"LBN 173.48+03.24"	"HII"	"SH  2-232"
"LBN   805"	"HII"	"LBN 173.48+03.24"
"LBN   805"	"HII"	"LBN   805"
"LBN   805"	"HII"	"SH  2-232"
"LBN 177.80-00.23"	"RNe"	"LBN 177.80-00.23"
"LBN 177.80-00.23"	"RNe"	"LBN   818"
"LBN   818"	"RNe"	"LBN 177.80-00.23"
"LBN   818"	"RNe"	"LBN   818"
"LBN 180.05-01.66"	"HII"	"LBN 180.05-01.66"
"LBN 180.05-01.66"	"HII"	"LBN   822"
"LBN 180.05-01.66"	"HII"	"SH  2-240"
"LBN   822"	"HII"	"LBN 180.05-01.66"
"LBN   822"	"HII"	"LBN   822"
"LBN   822"	"HII"	"SH  2-240"
"LBN 186.80-05.37"	"HII"	"LBN 186.80-05.37"
"LBN 186.80-05.37"	"HII"	"LBN   837"
"LBN   837"	"HII"	"LBN 186.80-05.37"
"LBN   837"	"HII"	"LBN   837"
"LBN 196.95-10.30"	"HII"	"LBN 196.95-10.30"
"LBN 196.95-10.30"	"HII"	"LBN   878"
"LBN   878"	"HII"	"LBN 196.95-10.30"
"LBN   878"	"HII"	"LBN   878"
"LBN 197.19-10.15"	"HII"	"Ced  59"
"LBN 197.19-10.15"	"HII"	"LBN 197.19-10.15"
"LBN 197.19-10.15"	"HII"	"LBN   879"
"LBN   879"	"HII"	"Ced  59"
"LBN   879"	"HII"	"LBN 197.19-10.15"
"LBN   879"	"HII"	"LBN   879"
"LBN 200.62-14.08"	"RNe"	"LBN 200.62-14.08"
"LBN 200.62-14.08"	"RNe"	"LBN   894"
"LBN   894"	"RNe"	"LBN 200.62-14.08"
"LBN   894"	"RNe"	"LBN   894"
"LBN   939"	"RNe"	"Ced  55s"
"LBN   939"	"RNe"	"LBN   939"
"LBN   939"	"RNe"	"LBN 205.38-14.35"
"LBN   939"	"RNe"	"NGC  2064"
"LBN 205.38-14.35"	"RNe"	"Ced  55s"
"LBN 205.38-14.35"	"RNe"	"LBN   939"
"LBN 205.38-14.35"	"RNe"	"LBN 205.38-14.35"
"LBN 205.38-14.35"	"RNe"	"NGC  2064"
"LBN   933"	"RNe"	"LBN   933"
"LBN 204.60-13.66"	"HII"	"LBN 204.60-13.66"
"LBN 204.60-13.66"	"HII"	"LBN   934"
"LBN   934"	"HII"	"LBN 204.60-13.66"
"LBN   934"	"HII"	"LBN   934"
"LBN 205.32-14.04"	"RNe"	"Ced  55v"
"LBN 205.32-14.04"	"RNe"	"LBN 205.32-14.04"
"LBN 205.32-14.04"	"RNe"	"LBN   938"
"LBN 205.32-14.04"	"RNe"	"NGC  2071"
"LBN   938"	"RNe"	"Ced  55v"
"LBN   938"	"RNe"	"LBN 205.32-14.04"
"LBN   938"	"RNe"	"LBN   938"
"LBN   938"	"RNe"	"NGC  2071"
"LBN 206.41-17.44"	"HII"	"LBN 206.41-17.44"
"LBN 206.41-17.44"	"HII"	"LBN   950"
"LBN   950"	"HII"	"LBN 206.41-17.44"
"LBN   950"	"HII"	"LBN   950"
"LBN 204.24-16.03"	"RNe"	"LBN 204.24-16.03"
"LBN 204.24-16.03"	"RNe"	"LBN   928"
"LBN   928"	"RNe"	"LBN 204.24-16.03"
"LBN   928"	"RNe"	"LBN   928"
"LBN 204.03-15.35"	"RNe"	"LBN 204.03-15.35"
"LBN 204.03-15.35"	"RNe"	"LBN   925"
"LBN   925"	"RNe"	"LBN 204.03-15.35"
"LBN   925"	"RNe"	"LBN   925"
"LBN 203.96-15.31"	"HII"	"LBN 203.96-15.31"
"LBN 203.96-15.31"	"HII"	"LBN   924"
"LBN   924"	"HII"	"LBN 203.96-15.31"
"LBN   924"	"HII"	"LBN   924"
"LBN 204.09-15.38"	"RNe"	"LBN 204.09-15.38"
"LBN 204.09-15.38"	"RNe"	"LBN   927"
"LBN   927"	"RNe"	"LBN 204.09-15.38"
"LBN   927"	"RNe"	"LBN   927"
"LBN   944"	"RNe"	"Ced  55l"
"LBN   944"	"RNe"	"IC  431"
"LBN   944"	"RNe"	"LBN   944"
"LBN   944"	"RNe"	"LBN 206.06-16.41"
"LBN 206.06-16.41"	"RNe"	"Ced  55l"
"LBN 206.06-16.41"	"RNe"	"IC  431"
"LBN 206.06-16.41"	"RNe"	"LBN   944"
"LBN 206.06-16.41"	"RNe"	"LBN 206.06-16.41"
"LBN   953"	"HII"	"LBN   953"
"LBN   953"	"HII"	"LBN 206.90-16.56"
"LBN   953"	"HII"	"NAME Flame Nebula"
"LBN 206.90-16.56"	"HII"	"LBN   953"
"LBN 206.90-16.56"	"HII"	"LBN 206.90-16.56"
"LBN 206.90-16.56"	"HII"	"NAME Flame Nebula"
"LBN   954"	"RNe"	"LBN   954"
"LBN   954"	"RNe"	"NGC  2023"
"LBN   954"	"RNe"	"VDB  52"
"LBN 207.43-17.39"	"HII"	"LBN 207.43-17.39"
"LBN 207.43-17.39"	"HII"	"LBN   958"
"LBN   958"	"HII"	"LBN 207.43-17.39"
"LBN   958"	"HII"	"LBN   958"
"LBN 207.89-17.62"	"HII"	"LBN 207.89-17.62"
"LBN 207.89-17.62"	"HII"	"LBN   965"
"LBN   965"	"HII"	"LBN 207.89-17.62"
"LBN   965"	"HII"	"LBN   965"
"LBN 208.20-17.77"	"HII"	"LBN 208.20-17.77"
"LBN 208.20-17.77"	"HII"	"LBN   967"
"LBN   967"	"HII"	"LBN 208.20-17.77"
"LBN   967"	"HII"	"LBN   967"
"LBN 207.67-16.94"	"HII"	"LBN 207.67-16.94"
"LBN 207.67-16.94"	"HII"	"LBN   962"
"LBN   962"	"HII"	"LBN 207.67-16.94"
"LBN   962"	"HII"	"LBN   962"
"LBN 212.27-17.51"	"HII"	"LBN 212.27-17.51"
"LBN 212.27-17.51"	"HII"	"LBN   989"
"LBN   989"	"HII"	"LBN 212.27-17.51"
"LBN   989"	"HII"	"LBN   989"
"LBN  1002"	"HII"	"LBN  1002"
"LBN  1002"	"HII"	"LBN 214.09-20.83"
"LBN 214.09-20.83"	"HII"	"LBN  1002"
"LBN 214.09-20.83"	"HII"	"LBN 214.09-20.83"
"LBN 213.43-19.98"	"RNe"	"LBN 213.43-19.98"
"LBN 213.43-19.98"	"RNe"	"LBN   992"
"LBN   992"	"RNe"	"LBN 213.43-19.98"
"LBN   992"	"RNe"	"LBN   992"
"LBN  1007"	"HII"	"LBN  1007"
"LBN  1007"	"HII"	"LBN 215.65-21.24"
"LBN 215.65-21.24"	"HII"	"LBN  1007"
"LBN 215.65-21.24"	"HII"	"LBN 215.65-21.24"
"LBN  1009"	"HII"	"LBN  1009"
"LBN  1009"	"HII"	"LBN 216.85-20.42"
"LBN 216.85-20.42"	"HII"	"LBN  1009"
"LBN 216.85-20.42"	"HII"	"LBN 216.85-20.42"
"LBN  1010"	"HII"	"LBN  1010"
"LBN  1010"	"HII"	"LBN 217.12-21.07"
"LBN 217.12-21.07"	"HII"	"LBN  1010"
"LBN 217.12-21.07"	"HII"	"LBN 217.12-21.07"
"LBN 182.30+00.07"	"HII"	"LBN 182.30+00.07"
"LBN 182.30+00.07"	"HII"	"LBN   826"
"LBN 182.30+00.07"	"HII"	"SH  2-242"
"LBN   826"	"HII"	"LBN 182.30+00.07"
"LBN   826"	"HII"	"LBN   826"
"LBN   826"	"HII"	"SH  2-242"
"LBN 182.41+00.27"	"RNe"	"LBN 182.41+00.27"
"LBN 182.41+00.27"	"RNe"	"LBN   827"
"LBN   827"	"RNe"	"LBN 182.41+00.27"
"LBN   827"	"RNe"	"LBN   827"
"LBN 201.83-11.31"	"HII"	"LBN 201.83-11.31"
"LBN 201.83-11.31"	"HII"	"LBN   905"
"LBN   905"	"HII"	"LBN 201.83-11.31"
"LBN   905"	"HII"	"LBN   905"
"LBN 207.26-13.06"	"HII"	"LBN 207.26-13.06"
"LBN 207.26-13.06"	"HII"	"LBN   955"
"LBN   955"	"HII"	"LBN 207.26-13.06"
"LBN   955"	"HII"	"LBN   955"
"LBN 207.98-13.15"	"HII"	"LBN 207.98-13.15"
"LBN 207.98-13.15"	"HII"	"LBN   966"
"LBN   966"	"HII"	"LBN 207.98-13.15"
"LBN   966"	"HII"	"LBN   966"
"LBN 209.43-13.33"	"HII"	"LBN 209.43-13.33"
"LBN 209.43-13.33"	"HII"	"LBN   976"
"LBN   976"	"HII"	"LBN 209.43-13.33"
"LBN   976"	"HII"	"LBN   976"
"LBN 211.26-15.36"	"HII"	"LBN 211.26-15.36"
"LBN 211.26-15.36"	"HII"	"LBN   982"
"LBN   982"	"HII"	"LBN 211.26-15.36"
"LBN   982"	"HII"	"LBN   982"
"LBN 211.92-14.84"	"HII"	"LBN 211.92-14.84"
"LBN 211.92-14.84"	"HII"	"LBN   985"
"LBN   985"	"HII"	"LBN 211.92-14.84"
"LBN   985"	"HII"	"LBN   985"
"LBN 212.07-16.03"	"HII"	"LBN 212.07-16.03"
"LBN 212.07-16.03"	"HII"	"LBN   988"
"LBN   988"	"HII"	"LBN 212.07-16.03"
"LBN   988"	"HII"	"LBN   988"
"LBN  1016"	"HII"	"LBN  1016"
"LBN  1016"	"HII"	"LBN 219.49-17.81"
"LBN 219.49-17.81"	"HII"	"LBN  1016"
"LBN 219.49-17.81"	"HII"	"LBN 219.49-17.81"
"LBN  1019"	"HII"	"LBN  1019"
"LBN  1019"	"HII"	"LBN 219.96-18.02"
"LBN 219.96-18.02"	"HII"	"LBN  1019"
"LBN 219.96-18.02"	"HII"	"LBN 219.96-18.02"
"LBN 180.71+04.30"	"RNe"	"Ced  61"
"LBN 180.71+04.30"	"RNe"	"LBN 180.71+04.30"
"LBN 180.71+04.30"	"RNe"	"LBN   823"
"LBN   823"	"RNe"	"Ced  61"
"LBN   823"	"RNe"	"LBN 180.71+04.30"
"LBN   823"	"RNe"	"LBN   823"
"LBN 181.00+04.13"	"HII"	"LBN 181.00+04.13"
"LBN 181.00+04.13"	"HII"	"LBN   825"
"LBN   825"	"HII"	"LBN 181.00+04.13"
"LBN   825"	"HII"	"LBN   825"
"LBN 180.93+04.18"	"RNe"	"LBN 180.93+04.18"
"LBN 180.93+04.18"	"RNe"	"LBN   824"
"LBN   824"	"RNe"	"LBN 180.93+04.18"
"LBN   824"	"RNe"	"LBN   824"
"LBN 189.02+00.91"	"HII"	"LBN 189.02+00.91"
"LBN 189.02+00.91"	"HII"	"LBN   843"
"LBN 189.02+00.91"	"HII"	"SH  2-247"
"LBN   843"	"HII"	"LBN 189.02+00.91"
"LBN   843"	"HII"	"LBN   843"
"LBN   843"	"HII"	"SH  2-247"
"LBN 190.10+00.58"	"OpC"	"LBN 190.10+00.58"
"LBN 190.10+00.58"	"OpC"	"LBN   854"
"LBN 190.10+00.58"	"OpC"	"NGC  2175"
"LBN 190.10+00.58"	"OpC"	"SH  2-252"
"LBN   854"	"OpC"	"LBN 190.10+00.58"
"LBN   854"	"OpC"	"LBN   854"
"LBN   854"	"OpC"	"NGC  2175"
"LBN   854"	"OpC"	"SH  2-252"
"LBN 191.42-00.74"	"RNe"	"Ced  62"
"LBN 191.42-00.74"	"RNe"	"LBN 191.42-00.74"
"LBN 191.42-00.74"	"RNe"	"LBN   855"
"LBN 191.42-00.74"	"RNe"	"NGC  2163"
"LBN   855"	"RNe"	"Ced  62"
"LBN   855"	"RNe"	"LBN 191.42-00.74"
"LBN   855"	"RNe"	"LBN   855"
"LBN   855"	"RNe"	"NGC  2163"
"LBN 194.10-01.93"	"HII"	"LBN 194.10-01.93"
"LBN 194.10-01.93"	"HII"	"LBN   863"
"LBN 194.10-01.93"	"HII"	"NAME Lower's Nebula"
"LBN 194.10-01.93"	"HII"	"SH  2-261"
"LBN   863"	"HII"	"LBN 194.10-01.93"
"LBN   863"	"HII"	"LBN   863"
"LBN   863"	"HII"	"NAME Lower's Nebula"
"LBN   863"	"HII"	"SH  2-261"
"LBN 194.05-01.91"	"HII"	"LBN 194.05-01.91"
"LBN 194.05-01.91"	"HII"	"LBN   862"
"LBN   862"	"HII"	"LBN 194.05-01.91"
"LBN   862"	"HII"	"LBN   862"
"LBN 194.20-01.99"	"HII"	"LBN 194.20-01.99"
"LBN 194.20-01.99"	"HII"	"LBN   864"
"LBN   864"	"HII"	"LBN 194.20-01.99"
"LBN   864"	"HII"	"LBN   864"
"LBN 196.79-03.15"	"HII"	"LBN 196.79-03.15"
"LBN 196.79-03.15"	"HII"	"LBN   877"
"LBN 196.79-03.15"	"HII"	"SH  2-270"
"LBN   877"	"HII"	"LBN 196.79-03.15"
"LBN   877"	"HII"	"LBN   877"
"LBN   877"	"HII"	"SH  2-270"
"LBN 195.63-02.51"	"HII"	"LBN 195.63-02.51"
"LBN 195.63-02.51"	"HII"	"LBN 196.11-02.50"
"LBN 195.63-02.51"	"HII"	"LBN   873"
"LBN 195.63-02.51"	"HII"	"LBN   874"
"LBN 195.63-02.51"	"HII"	"SH  2-268"
"LBN 196.11-02.50"	"HII"	"LBN 195.63-02.51"
"LBN 196.11-02.50"	"HII"	"LBN 196.11-02.50"
"LBN 196.11-02.50"	"HII"	"LBN   873"
"LBN 196.11-02.50"	"HII"	"LBN   874"
"LBN 196.11-02.50"	"HII"	"SH  2-268"
"LBN   873"	"HII"	"LBN 195.63-02.51"
"LBN   873"	"HII"	"LBN 196.11-02.50"
"LBN   873"	"HII"	"LBN   873"
"LBN   873"	"HII"	"LBN   874"
"LBN   873"	"HII"	"SH  2-268"
"LBN   874"	"HII"	"LBN 195.63-02.51"
"LBN   874"	"HII"	"LBN 196.11-02.50"
"LBN   874"	"HII"	"LBN   873"
"LBN   874"	"HII"	"LBN   874"
"LBN   874"	"HII"	"SH  2-268"
"LBN 202.61-08.89"	"HII"	"LBN 202.61-08.89"
"LBN 202.61-08.89"	"HII"	"LBN   908"
"LBN   908"	"HII"	"LBN 202.61-08.89"
"LBN   908"	"HII"	"LBN   908"
"LBN 212.81-11.94"	"RNe"	"LBN 212.81-11.94"
"LBN 212.81-11.94"	"RNe"	"LBN   990"
"LBN   990"	"RNe"	"LBN 212.81-11.94"
"LBN   990"	"RNe"	"LBN   990"
"LBN   994"	"RNe"	"Ced  63"
"LBN   994"	"RNe"	"LBN   994"
"LBN   994"	"RNe"	"LBN 213.69-12.65"
"LBN   994"	"RNe"	"NAME Mon R2 IRS3"
"LBN   994"	"RNe"	"NGC  2170"
"LBN 213.69-12.65"	"RNe"	"Ced  63"
"LBN 213.69-12.65"	"RNe"	"LBN   994"
"LBN 213.69-12.65"	"RNe"	"LBN 213.69-12.65"
"LBN 213.69-12.65"	"RNe"	"NAME Mon R2 IRS3"
"LBN 213.69-12.65"	"RNe"	"NGC  2170"
"LBN 213.63-12.34"	"HII"	"Ced  65"
"LBN 213.63-12.34"	"HII"	"LBN 213.63-12.34"
"LBN 213.63-12.34"	"HII"	"LBN   993"
"LBN   993"	"HII"	"Ced  65"
"LBN   993"	"HII"	"LBN 213.63-12.34"
"LBN   993"	"HII"	"LBN   993"
"LBN 213.76-12.40"	"HII"	"Ced  66"
"LBN 213.76-12.40"	"HII"	"LBN 213.76-12.40"
"LBN 213.76-12.40"	"HII"	"LBN   995"
"LBN   995"	"HII"	"Ced  66"
"LBN   995"	"HII"	"LBN 213.76-12.40"
"LBN   995"	"HII"	"LBN   995"
"LBN   997"	"RNe"	"Ced  70"
"LBN   997"	"RNe"	"LBN   997"
"LBN   997"	"RNe"	"LBN 213.86-11.90"
"LBN   997"	"RNe"	"NGC  2185"
"LBN 213.86-11.90"	"RNe"	"Ced  70"
"LBN 213.86-11.90"	"RNe"	"LBN   997"
"LBN 213.86-11.90"	"RNe"	"LBN 213.86-11.90"
"LBN 213.86-11.90"	"RNe"	"NGC  2185"
"LBN 213.91-12.48"	"RNe"	"LBN 213.91-12.48"
"LBN 213.91-12.48"	"RNe"	"LBN   999"
"LBN   999"	"RNe"	"LBN 213.91-12.48"
"LBN   999"	"RNe"	"LBN   999"
"LBN  1000"	"HII"	"Ced  71"
"LBN  1000"	"HII"	"LBN  1000"
"LBN  1000"	"HII"	"LBN 213.92-11.65"
"LBN 213.92-11.65"	"HII"	"Ced  71"
"LBN 213.92-11.65"	"HII"	"LBN  1000"
"LBN 213.92-11.65"	"HII"	"LBN 213.92-11.65"
"LBN   996"	"RNe"	"Ced  69"
"LBN   996"	"RNe"	"LBN   996"
"LBN   996"	"RNe"	"LBN 213.83-11.89"
"LBN   996"	"RNe"	"NGC  2183"
"LBN 213.83-11.89"	"RNe"	"Ced  69"
"LBN 213.83-11.89"	"RNe"	"LBN   996"
"LBN 213.83-11.89"	"RNe"	"LBN 213.83-11.89"
"LBN 213.83-11.89"	"RNe"	"NGC  2183"
"LBN  1008"	"HII"	"LBN  1008"
"LBN  1008"	"HII"	"LBN 216.45-14.81"
"LBN 216.45-14.81"	"HII"	"LBN  1008"
"LBN 216.45-14.81"	"HII"	"LBN 216.45-14.81"
"LBN  1011"	"HII"	"LBN  1011"
"LBN  1011"	"HII"	"LBN 217.73-15.13"
"LBN 217.73-15.13"	"HII"	"LBN  1011"
"LBN 217.73-15.13"	"HII"	"LBN 217.73-15.13"
"LBN  1025"	"HII"	"LBN  1025"
"LBN  1025"	"HII"	"LBN 222.45-17.24"
"LBN 222.45-17.24"	"HII"	"LBN  1025"
"LBN 222.45-17.24"	"HII"	"LBN 222.45-17.24"
"LBN   840"	"RNe"	"Ced  74"
"LBN   840"	"RNe"	"IC  444"
"LBN   840"	"RNe"	"LBN   840"
"LBN   840"	"RNe"	"LBN 188.65+03.75"
"LBN 188.65+03.75"	"RNe"	"Ced  74"
"LBN 188.65+03.75"	"RNe"	"IC  444"
"LBN 188.65+03.75"	"RNe"	"LBN   840"
"LBN 188.65+03.75"	"RNe"	"LBN 188.65+03.75"
"LBN   844"	"SNR"	"NAME Jellyfish Nebula"
"LBN   844"	"SNR"	"IC  443"
"LBN   844"	"SNR"	"LBN   844"
"LBN   844"	"SNR"	"LBN 189.13+02.97"
"LBN   844"	"SNR"	"NAME Gem A"
"LBN   844"	"SNR"	"SH  2-248"
"LBN 189.13+02.97"	"SNR"	"NAME Jellyfish Nebula"
"LBN 189.13+02.97"	"SNR"	"IC  443"
"LBN 189.13+02.97"	"SNR"	"LBN   844"
"LBN 189.13+02.97"	"SNR"	"LBN 189.13+02.97"
"LBN 189.13+02.97"	"SNR"	"NAME Gem A"
"LBN 189.13+02.97"	"SNR"	"SH  2-248"
"LBN 192.48-00.21"	"HII"	"LBN 192.48-00.21"
"LBN 192.48-00.21"	"HII"	"LBN   858"
"LBN 192.48-00.21"	"HII"	"SH  2-254"
"LBN   858"	"HII"	"LBN 192.48-00.21"
"LBN   858"	"HII"	"LBN   858"
"LBN   858"	"HII"	"SH  2-254"
"LBN 192.63-00.02"	"HII"	"IC 2162"
"LBN 192.63-00.02"	"HII"	"LBN 192.63-00.02"
"LBN 192.63-00.02"	"HII"	"LBN   859"
"LBN 192.63-00.02"	"HII"	"SH  2-255"
"LBN   859"	"HII"	"IC 2162"
"LBN   859"	"HII"	"LBN 192.63-00.02"
"LBN   859"	"HII"	"LBN   859"
"LBN   859"	"HII"	"SH  2-255"
"LBN 196.21-01.17"	"HII"	"LBN 196.21-01.17"
"LBN 196.21-01.17"	"HII"	"LBN   875"
"LBN 196.21-01.17"	"HII"	"SH  2-267"
"LBN   875"	"HII"	"LBN 196.21-01.17"
"LBN   875"	"HII"	"LBN   875"
"LBN   875"	"HII"	"SH  2-267"
"LBN 196.49-01.60"	"HII"	"LBN 196.49-01.60"
"LBN 196.49-01.60"	"HII"	"LBN   876"
"LBN 196.49-01.60"	"HII"	"SH  2-269"
"LBN   876"	"HII"	"LBN 196.49-01.60"
"LBN   876"	"HII"	"LBN   876"
"LBN   876"	"HII"	"SH  2-269"
"LBN  1003"	"RNe"	"LBN  1003"
"LBN  1003"	"RNe"	"LBN 214.35-11.06"
"LBN 214.35-11.06"	"RNe"	"LBN  1003"
"LBN 214.35-11.06"	"RNe"	"LBN 214.35-11.06"
"LBN  1004"	"RNe"	"LBN  1004"
"LBN  1004"	"RNe"	"LBN 214.49-10.86"
"LBN 214.49-10.86"	"RNe"	"LBN  1004"
"LBN 214.49-10.86"	"RNe"	"LBN 214.49-10.86"
"LBN  1018"	"HII"	"LBN  1018"
"LBN  1018"	"HII"	"LBN 219.64-13.58"
"LBN 219.64-13.58"	"HII"	"LBN  1018"
"LBN 219.64-13.58"	"HII"	"LBN 219.64-13.58"
"LBN 188.69+04.25"	"HII"	"LBN 188.69+04.25"
"LBN 188.69+04.25"	"HII"	"LBN   841"
"LBN 188.69+04.25"	"HII"	"SH  2-249"
"LBN   841"	"HII"	"LBN 188.69+04.25"
"LBN   841"	"HII"	"LBN   841"
"LBN   841"	"HII"	"SH  2-249"
"LBN 189.33+04.40"	"RNe"	"LBN 189.33+04.40"
"LBN 189.33+04.40"	"RNe"	"LBN   845"
"LBN   845"	"RNe"	"LBN 189.33+04.40"
"LBN   845"	"RNe"	"LBN   845"
"LBN 199.51+00.09"	"HII"	"LBN 199.51+00.09"
"LBN 199.51+00.09"	"HII"	"LBN   887"
"LBN   887"	"HII"	"LBN 199.51+00.09"
"LBN   887"	"HII"	"LBN   887"
"LBN 199.67+01.11"	"HII"	"LBN 199.67+01.11"
"LBN 199.67+01.11"	"HII"	"LBN   889"
"LBN   889"	"HII"	"LBN 199.67+01.11"
"LBN   889"	"HII"	"LBN   889"
"LBN 201.31+00.25"	"Cl*"	"Ced  77"
"LBN 201.31+00.25"	"Cl*"	"IC 2167"
"LBN 201.31+00.25"	"Cl*"	"IC  446"
"LBN 201.31+00.25"	"Cl*"	"LBN 201.31+00.25"
"LBN 201.31+00.25"	"Cl*"	"LBN   898"
"LBN   898"	"Cl*"	"Ced  77"
"LBN   898"	"Cl*"	"IC 2167"
"LBN   898"	"Cl*"	"IC  446"
"LBN   898"	"Cl*"	"LBN 201.31+00.25"
"LBN   898"	"Cl*"	"LBN   898"
"LBN 201.79+00.55"	"RNe"	"Ced  80"
"LBN 201.79+00.55"	"RNe"	"LBN 201.79+00.55"
"LBN 201.79+00.55"	"RNe"	"LBN   904"
"LBN 201.79+00.55"	"RNe"	"NGC  2245"
"LBN   904"	"RNe"	"Ced  80"
"LBN   904"	"RNe"	"LBN 201.79+00.55"
"LBN   904"	"RNe"	"LBN   904"
"LBN   904"	"RNe"	"NGC  2245"
"LBN 201.63+00.64"	"RNe"	"Ced  81"
"LBN 201.63+00.64"	"RNe"	"LBN 201.63+00.64"
"LBN 201.63+00.64"	"RNe"	"LBN   901"
"LBN 201.63+00.64"	"RNe"	"NGC  2247"
"LBN   901"	"RNe"	"Ced  81"
"LBN   901"	"RNe"	"LBN 201.63+00.64"
"LBN   901"	"RNe"	"LBN   901"
"LBN   901"	"RNe"	"NGC  2247"
"LBN 200.85+00.49"	"HII"	"LBN 200.85+00.49"
"LBN 200.85+00.49"	"HII"	"LBN   895"
"LBN   895"	"HII"	"LBN 200.85+00.49"
"LBN   895"	"HII"	"LBN   895"
"LBN 201.69+00.05"	"HII"	"Ced  78"
"LBN 201.69+00.05"	"HII"	"IC 2169"
"LBN 201.69+00.05"	"HII"	"IC  447"
"LBN 201.69+00.05"	"HII"	"LBN 201.69+00.05"
"LBN 201.69+00.05"	"HII"	"LBN   903"
"LBN   903"	"HII"	"Ced  78"
"LBN   903"	"HII"	"IC 2169"
"LBN   903"	"HII"	"IC  447"
"LBN   903"	"HII"	"LBN 201.69+00.05"
"LBN   903"	"HII"	"LBN   903"
"LBN 204.50-01.16"	"HII"	"LBN 204.50-01.16"
"LBN 204.50-01.16"	"HII"	"LBN   932"
"LBN   932"	"HII"	"LBN 204.50-01.16"
"LBN   932"	"HII"	"LBN   932"
"LBN 205.46-01.66"	"HII"	"LBN 205.46-01.66"
"LBN 205.46-01.66"	"HII"	"LBN   941"
"LBN   941"	"HII"	"LBN 205.46-01.66"
"LBN   941"	"HII"	"LBN   941"
"LBN  1017"	"HII"	"LBN  1017"
"LBN  1017"	"HII"	"LBN 219.50-10.51"
"LBN 219.50-10.51"	"HII"	"LBN  1017"
"LBN 219.50-10.51"	"HII"	"LBN 219.50-10.51"
"LBN  1015"	"RNe"	"LBN  1015"
"LBN  1015"	"RNe"	"LBN 219.20-09.02"
"LBN 219.20-09.02"	"RNe"	"LBN  1015"
"LBN 219.20-09.02"	"RNe"	"LBN 219.20-09.02"
"LBN 201.54+01.79"	"HII"	"LBN 201.54+01.79"
"LBN 201.54+01.79"	"HII"	"LBN   899"
"LBN   899"	"HII"	"LBN 201.54+01.79"
"LBN   899"	"HII"	"LBN   899"
"LBN 201.68+01.72"	"HII"	"LBN 201.68+01.72"
"LBN 201.68+01.72"	"HII"	"LBN   902"
"LBN   902"	"HII"	"LBN 201.68+01.72"
"LBN   902"	"HII"	"LBN   902"
"LBN 203.10+02.09"	"HII"	"LBN 203.10+02.09"
"LBN 203.10+02.09"	"HII"	"LBN   912"
"LBN   912"	"HII"	"LBN 203.10+02.09"
"LBN   912"	"HII"	"LBN   912"
"LBN 203.77+01.74"	"HII"	"LBN 203.77+01.74"
"LBN 203.77+01.74"	"HII"	"LBN   922"
"LBN   922"	"HII"	"LBN 203.77+01.74"
"LBN   922"	"HII"	"LBN   922"
"LBN 202.92+02.18"	"OpC"	"LBN 202.92+02.18"
"LBN 202.92+02.18"	"OpC"	"LBN   911"
"LBN 202.92+02.18"	"OpC"	"NAME XMAS TREE CL"
"LBN 202.92+02.18"	"OpC"	"NGC  2264"
"LBN 202.92+02.18"	"OpC"	"SH  2-273"
"LBN 202.92+02.18"	"OpC"	"NAME Christmas Tree Cluster"
"LBN   911"	"OpC"	"LBN 202.92+02.18"
"LBN   911"	"OpC"	"LBN   911"
"LBN   911"	"OpC"	"NAME XMAS TREE CL"
"LBN   911"	"OpC"	"NGC  2264"
"LBN   911"	"OpC"	"SH  2-273"
"LBN   911"	"OpC"	"NAME Christmas Tree Cluster"
"LBN 204.44-00.56"	"HII"	"LBN 204.44-00.56"
"LBN 204.44-00.56"	"HII"	"LBN   930"
"LBN   930"	"HII"	"LBN 204.44-00.56"
"LBN   930"	"HII"	"LBN   930"
"LBN 205.03-00.87"	"HII"	"LBN 205.03-00.87"
"LBN 205.03-00.87"	"HII"	"LBN   936"
"LBN   936"	"HII"	"LBN 205.03-00.87"
"LBN   936"	"HII"	"LBN   936"
"LBN 205.92-01.34"	"HII"	"LBN 205.92-01.34"
"LBN 205.92-01.34"	"HII"	"LBN   943"
"LBN   943"	"HII"	"LBN 205.92-01.34"
"LBN   943"	"HII"	"LBN   943"
"LBN   931"	"HII"	"Ced  79"
"LBN   931"	"HII"	"IC  448"
"LBN   931"	"HII"	"LBN   931"
"LBN 204.31+00.62"	"HII"	"LBN 204.31+00.62"
"LBN 204.31+00.62"	"HII"	"LBN   929"
"LBN   929"	"HII"	"LBN 204.31+00.62"
"LBN   929"	"HII"	"LBN   929"
"LBN 206.71-00.91"	"HII"	"LBN 206.71-00.91"
"LBN 206.71-00.91"	"HII"	"LBN   951"
"LBN   951"	"HII"	"LBN 206.71-00.91"
"LBN   951"	"HII"	"LBN   951"
"LBN 206.87+00.13"	"HII"	"LBN 206.87+00.13"
"LBN 206.87+00.13"	"HII"	"LBN   952"
"LBN   952"	"HII"	"LBN 206.87+00.13"
"LBN   952"	"HII"	"LBN   952"
"LBN   970"	"HII"	"LBN   970"
"LBN   970"	"HII"	"SH  2-280"
"LBN 208.69-02.51"	"HII"	"LBN 208.69-02.51"
"LBN 208.69-02.51"	"HII"	"LBN   971"
"LBN 208.69-02.51"	"HII"	"LBN   972"
"LBN 208.69-02.51"	"HII"	"LBN   973"
"LBN   971"	"HII"	"LBN 208.69-02.51"
"LBN   971"	"HII"	"LBN   971"
"LBN   971"	"HII"	"LBN   972"
"LBN   971"	"HII"	"LBN   973"
"LBN   972"	"HII"	"LBN 208.69-02.51"
"LBN   972"	"HII"	"LBN   971"
"LBN   972"	"HII"	"LBN   972"
"LBN   972"	"HII"	"LBN   973"
"LBN   973"	"HII"	"LBN 208.69-02.51"
"LBN   973"	"HII"	"LBN   971"
"LBN   973"	"HII"	"LBN   972"
"LBN   973"	"HII"	"LBN   973"
"LBN 210.04-02.09"	"HII"	"LBN 210.04-02.09"
"LBN 210.04-02.09"	"HII"	"LBN   978"
"LBN 210.04-02.09"	"HII"	"SH  2-282"
"LBN   978"	"HII"	"LBN 210.04-02.09"
"LBN   978"	"HII"	"LBN   978"
"LBN   978"	"HII"	"SH  2-282"
"LBN 204.08+04.64"	"PN"	"LBN 204.08+04.64"
"LBN 204.08+04.64"	"PN"	"LBN   926"
"LBN   926"	"PN"	"LBN 204.08+04.64"
"LBN   926"	"PN"	"LBN   926"
"LBN 206.29+01.55"	"HII"	"LBN 206.29+01.55"
"LBN 206.29+01.55"	"HII"	"LBN   947"
"LBN   947"	"HII"	"LBN 206.29+01.55"
"LBN   947"	"HII"	"LBN   947"
"LBN 211.65-01.51"	"HII"	"LBN 211.65-01.51"
"LBN 211.65-01.51"	"HII"	"LBN   983"
"LBN 211.65-01.51"	"HII"	"SH  2-284"
"LBN   983"	"HII"	"LBN 211.65-01.51"
"LBN   983"	"HII"	"LBN   983"
"LBN   983"	"HII"	"SH  2-284"
"LBN 211.91-01.37"	"HII"	"LBN 211.91-01.37"
"LBN 211.91-01.37"	"HII"	"LBN   984"
"LBN   984"	"HII"	"LBN 211.91-01.37"
"LBN   984"	"HII"	"LBN   984"
"LBN 212.03-01.15"	"HII"	"LBN 212.03-01.15"
"LBN 212.03-01.15"	"HII"	"LBN   986"
"LBN   986"	"HII"	"LBN 212.03-01.15"
"LBN   986"	"HII"	"LBN   986"
"LBN 212.06-01.45"	"HII"	"LBN 212.06-01.45"
"LBN 212.06-01.45"	"HII"	"LBN   987"
"LBN   987"	"HII"	"LBN 212.06-01.45"
"LBN   987"	"HII"	"LBN   987"
"LBN  1014"	"HII"	"LBN  1014"
"LBN  1014"	"HII"	"LBN 218.92-04.42"
"LBN  1014"	"HII"	"SH  2-289"
"LBN 218.92-04.42"	"HII"	"LBN  1014"
"LBN 218.92-04.42"	"HII"	"LBN 218.92-04.42"
"LBN 218.92-04.42"	"HII"	"SH  2-289"
"LBN  1020"	"HII"	"LBN  1020"
"LBN  1020"	"HII"	"LBN 220.43-02.69"
"LBN  1020"	"HII"	"SH  2-291"
"LBN 220.43-02.69"	"HII"	"LBN  1020"
"LBN 220.43-02.69"	"HII"	"LBN 220.43-02.69"
"LBN 220.43-02.69"	"HII"	"SH  2-291"
"LBN  1022"	"RNe"	"LBN  1022"
"LBN  1022"	"RNe"	"LBN 220.84-02.62"
"LBN 220.84-02.62"	"RNe"	"LBN  1022"
"LBN 220.84-02.62"	"RNe"	"LBN 220.84-02.62"
"LBN  1049"	"HII"	"LBN  1049"
"LBN  1049"	"HII"	"LBN 233.98-12.00"
"LBN  1049"	"HII"	"SH  2-304"
"LBN 233.98-12.00"	"HII"	"LBN  1049"
"LBN 233.98-12.00"	"HII"	"LBN 233.98-12.00"
"LBN 233.98-12.00"	"HII"	"SH  2-304"
"LBN  1047"	"HII"	"LBN  1047"
"LBN  1047"	"HII"	"LBN 233.76-09.35"
"LBN  1047"	"HII"	"SH  2-303"
"LBN 233.76-09.35"	"HII"	"LBN  1047"
"LBN 233.76-09.35"	"HII"	"LBN 233.76-09.35"
"LBN 233.76-09.35"	"HII"	"SH  2-303"
"LBN 234.57-10.00"	"WR*"	"LBN 234.57-10.00"
"LBN 234.57-10.00"	"WR*"	"LBN  1052"
"LBN 234.57-10.00"	"WR*"	"SH  2-308"
"LBN 234.57-10.00"	"WR*"	"Cl Collinder  121     4"
"LBN  1052"	"WR*"	"LBN 234.57-10.00"
"LBN  1052"	"WR*"	"LBN  1052"
"LBN  1052"	"WR*"	"SH  2-308"
"LBN  1052"	"WR*"	"Cl Collinder  121     4"
"LBN  1012"	"HII"	"LBN  1012"
"LBN  1012"	"HII"	"LBN 218.08-00.35"
"LBN  1012"	"HII"	"SH  2-287"
"LBN 218.08-00.35"	"HII"	"LBN  1012"
"LBN 218.08-00.35"	"HII"	"LBN 218.08-00.35"
"LBN 218.08-00.35"	"HII"	"SH  2-287"
"LBN  1021"	"HII"	"LBN  1021"
"LBN  1021"	"HII"	"LBN 220.74-01.73"
"LBN 220.74-01.73"	"HII"	"LBN  1021"
"LBN 220.74-01.73"	"HII"	"LBN 220.74-01.73"
"LBN  1023"	"RNe"	"LBN  1023"
"LBN  1023"	"RNe"	"LBN 221.85-02.02"
"LBN 221.85-02.02"	"RNe"	"LBN  1023"
"LBN 221.85-02.02"	"RNe"	"LBN 221.85-02.02"
"LBN  1035"	"HII"	"LBN  1035"
"LBN  1035"	"HII"	"LBN 224.52-02.58"
"LBN  1035"	"HII"	"SH  2-295"
"LBN 224.52-02.58"	"HII"	"LBN  1035"
"LBN 224.52-02.58"	"HII"	"LBN 224.52-02.58"
"LBN 224.52-02.58"	"HII"	"SH  2-295"
"LBN  1037"	"RNe"	"LBN  1037"
"LBN  1037"	"RNe"	"LBN 225.27-02.42"
"LBN 225.27-02.42"	"RNe"	"LBN  1037"
"LBN 225.27-02.42"	"RNe"	"LBN 225.27-02.42"
"LBN  1039"	"HII"	"Ced  90"
"LBN  1039"	"HII"	"LBN  1039"
"LBN  1039"	"HII"	"LBN 225.43-02.50"
"LBN  1039"	"HII"	"SH  2-297"
"LBN 225.43-02.50"	"HII"	"Ced  90"
"LBN 225.43-02.50"	"HII"	"LBN  1039"
"LBN 225.43-02.50"	"HII"	"LBN 225.43-02.50"
"LBN 225.43-02.50"	"HII"	"SH  2-297"
"LBN  1042"	"HII"	"LBN  1042"
"LBN  1042"	"HII"	"LBN 229.12-04.41"
"LBN 229.12-04.41"	"HII"	"LBN  1042"
"LBN 229.12-04.41"	"HII"	"LBN 229.12-04.41"
"LBN  1056"	"HII"	"LBN  1056"
"LBN  1056"	"HII"	"LBN 236.15-07.96"
"LBN 236.15-07.96"	"HII"	"LBN  1056"
"LBN 236.15-07.96"	"HII"	"LBN 236.15-07.96"
"LBN 200.10+11.99"	"HII"	"LBN 200.10+11.99"
"LBN 200.10+11.99"	"HII"	"LBN   891"
"LBN   891"	"HII"	"LBN 200.10+11.99"
"LBN   891"	"HII"	"LBN   891"
"LBN  1013"	"HII"	"IC  466"
"LBN  1013"	"HII"	"LBN  1013"
"LBN  1013"	"HII"	"LBN 218.66+01.84"
"LBN  1013"	"HII"	"SH  2-288"
"LBN 218.66+01.84"	"HII"	"IC  466"
"LBN 218.66+01.84"	"HII"	"LBN  1013"
"LBN 218.66+01.84"	"HII"	"LBN 218.66+01.84"
"LBN 218.66+01.84"	"HII"	"SH  2-288"
"LBN  1024"	"HII"	"LBN  1024"
"LBN  1024"	"HII"	"LBN 222.15+00.61"
"LBN 222.15+00.61"	"HII"	"LBN  1024"
"LBN 222.15+00.61"	"HII"	"LBN 222.15+00.61"
"LBN  1032"	"HII"	"LBN  1032"
"LBN  1032"	"HII"	"LBN 224.24+01.18"
"LBN  1032"	"HII"	"SH  2-294"
"LBN 224.24+01.18"	"HII"	"LBN  1032"
"LBN 224.24+01.18"	"HII"	"LBN 224.24+01.18"
"LBN 224.24+01.18"	"HII"	"SH  2-294"
"LBN  1026"	"HII"	"LBN  1026"
"LBN  1026"	"HII"	"LBN 223.58+01.53"
"LBN 223.58+01.53"	"HII"	"LBN  1026"
"LBN 223.58+01.53"	"HII"	"LBN 223.58+01.53"
"LBN  1028"	"HII"	"LBN  1028"
"LBN  1028"	"HII"	"LBN 223.87+01.37"
"LBN 223.87+01.37"	"HII"	"LBN  1028"
"LBN 223.87+01.37"	"HII"	"LBN 223.87+01.37"
"LBN  1034"	"HII"	"LBN  1034"
"LBN  1034"	"HII"	"LBN 224.51-00.63"
"LBN 224.51-00.63"	"HII"	"LBN  1034"
"LBN 224.51-00.63"	"HII"	"LBN 224.51-00.63"
"LBN  1036"	"HII"	"LBN  1036"
"LBN  1036"	"HII"	"LBN 225.20+00.67"
"LBN 225.20+00.67"	"HII"	"LBN  1036"
"LBN 225.20+00.67"	"HII"	"LBN 225.20+00.67"
"LBN  1038"	"HII"	"LBN  1038"
"LBN  1038"	"HII"	"LBN 225.39-01.65"
"LBN 225.39-01.65"	"HII"	"LBN  1038"
"LBN 225.39-01.65"	"HII"	"LBN 225.39-01.65"
"LBN  1033"	"HII"	"LBN  1033"
"LBN  1033"	"HII"	"LBN 224.49-01.74"
"LBN  1033"	"HII"	"SH  2-296"
"LBN 224.49-01.74"	"HII"	"LBN  1033"
"LBN 224.49-01.74"	"HII"	"LBN 224.49-01.74"
"LBN 224.49-01.74"	"HII"	"SH  2-296"
"LBN  1040"	"HII"	"IC  468"
"LBN  1040"	"HII"	"LBN  1040"
"LBN  1040"	"HII"	"LBN 227.63-00.08"
"LBN 227.63-00.08"	"HII"	"IC  468"
"LBN 227.63-00.08"	"HII"	"LBN  1040"
"LBN 227.63-00.08"	"HII"	"LBN 227.63-00.08"
"LBN  1043"	"HII"	"LBN  1043"
"LBN  1043"	"HII"	"LBN 231.33-04.51"
"LBN 231.33-04.51"	"HII"	"LBN  1043"
"LBN 231.33-04.51"	"HII"	"LBN 231.33-04.51"
"LBN  1044"	"HII"	"LBN  1044"
"LBN  1044"	"HII"	"LBN 231.48-04.33"
"LBN 231.48-04.33"	"HII"	"LBN  1044"
"LBN 231.48-04.33"	"HII"	"LBN 231.48-04.33"
"LBN  1055"	"HII"	"LBN  1055"
"LBN  1055"	"HII"	"LBN 235.62-06.41"
"LBN 235.62-06.41"	"HII"	"LBN  1055"
"LBN 235.62-06.41"	"HII"	"LBN 235.62-06.41"
"LBN  1068"	"HII"	"LBN  1068"
"LBN  1068"	"HII"	"LBN 243.39-08.35"
"LBN 243.39-08.35"	"HII"	"LBN  1068"
"LBN 243.39-08.35"	"HII"	"LBN 243.39-08.35"
"LBN  1029"	"HII"	"LBN  1029"
"LBN  1029"	"HII"	"LBN 223.87+02.78"
"LBN 223.87+02.78"	"HII"	"LBN  1029"
"LBN 223.87+02.78"	"HII"	"LBN 223.87+02.78"
"LBN  1031"	"HII"	"LBN  1031"
"LBN  1031"	"HII"	"LBN 224.22+03.43"
"LBN 224.22+03.43"	"HII"	"LBN  1031"
"LBN 224.22+03.43"	"HII"	"LBN 224.22+03.43"
"LBN  1045"	"HII"	"LBN  1045"
"LBN  1045"	"HII"	"LBN 231.52-00.25"
"LBN 231.52-00.25"	"HII"	"LBN  1045"
"LBN 231.52-00.25"	"HII"	"LBN 231.52-00.25"
"LBN  1054"	"HII"	"LBN  1054"
"LBN  1054"	"HII"	"LBN 235.54-04.03"
"LBN 235.54-04.03"	"HII"	"LBN  1054"
"LBN 235.54-04.03"	"HII"	"LBN 235.54-04.03"
"LBN  1057"	"HII"	"LBN  1057"
"LBN  1057"	"HII"	"LBN 236.79-02.07"
"LBN 236.79-02.07"	"HII"	"LBN  1057"
"LBN 236.79-02.07"	"HII"	"LBN 236.79-02.07"
"LBN  1059"	"HII"	"LBN  1059"
"LBN  1059"	"HII"	"LBN 237.89-04.23"
"LBN  1059"	"HII"	"SH  2-310"
"LBN 237.89-04.23"	"HII"	"LBN  1059"
"LBN 237.89-04.23"	"HII"	"LBN 237.89-04.23"
"LBN 237.89-04.23"	"HII"	"SH  2-310"
"LBN  1060"	"HII"	"LBN  1060"
"LBN  1060"	"HII"	"LBN 238.77-03.67"
"LBN 238.77-03.67"	"HII"	"LBN  1060"
"LBN 238.77-03.67"	"HII"	"LBN 238.77-03.67"
"LBN  1058"	"Y*O"	"Ced  96"
"LBN  1058"	"Y*O"	"LBN  1058"
"LBN  1058"	"Y*O"	"LBN 237.48-04.79"
"LBN 237.48-04.79"	"Y*O"	"Ced  96"
"LBN 237.48-04.79"	"Y*O"	"LBN  1058"
"LBN 237.48-04.79"	"Y*O"	"LBN 237.48-04.79"
"LBN  1063"	"HII"	"LBN  1063"
"LBN  1063"	"HII"	"LBN 241.75-05.53"
"LBN 241.75-05.53"	"HII"	"LBN  1063"
"LBN 241.75-05.53"	"HII"	"LBN 241.75-05.53"
"LBN  1064"	"HII"	"LBN  1064"
"LBN  1064"	"HII"	"LBN 242.53-06.19"
"LBN 242.53-06.19"	"HII"	"LBN  1064"
"LBN 242.53-06.19"	"HII"	"LBN 242.53-06.19"
"LBN  1070"	"HII"	"LBN  1070"
"LBN  1070"	"HII"	"LBN 244.56-07.02"
"LBN 244.56-07.02"	"HII"	"LBN  1070"
"LBN 244.56-07.02"	"HII"	"LBN 244.56-07.02"
"LBN  1046"	"HII"	"LBN  1046"
"LBN  1046"	"HII"	"LBN 232.66+00.99"
"LBN  1046"	"HII"	"SH  2-302"
"LBN 232.66+00.99"	"HII"	"LBN  1046"
"LBN 232.66+00.99"	"HII"	"LBN 232.66+00.99"
"LBN 232.66+00.99"	"HII"	"SH  2-302"
"LBN  1050"	"HII"	"LBN  1050"
"LBN  1050"	"HII"	"LBN 234.32-00.44"
"LBN  1050"	"HII"	"SH  2-306"
"LBN 234.32-00.44"	"HII"	"LBN  1050"
"LBN 234.32-00.44"	"HII"	"LBN 234.32-00.44"
"LBN 234.32-00.44"	"HII"	"SH  2-306"
"LBN  1048"	"HII"	"LBN  1048"
"LBN  1048"	"HII"	"LBN 233.83-00.16"
"LBN  1048"	"HII"	"SH  2-305"
"LBN 233.83-00.16"	"HII"	"LBN  1048"
"LBN 233.83-00.16"	"HII"	"LBN 233.83-00.16"
"LBN 233.83-00.16"	"HII"	"SH  2-305"
"LBN  1053"	"HII"	"LBN  1053"
"LBN  1053"	"HII"	"LBN 234.83-00.18"
"LBN  1053"	"HII"	"SH  2-309"
"LBN 234.83-00.18"	"HII"	"LBN  1053"
"LBN 234.83-00.18"	"HII"	"LBN 234.83-00.18"
"LBN 234.83-00.18"	"HII"	"SH  2-309"
"LBN 234.57+00.78"	"HII"	"LBN 234.57+00.78"
"LBN 234.57+00.78"	"HII"	"LBN  1051"
"LBN 234.57+00.78"	"HII"	"SH  2-307"
"LBN  1051"	"HII"	"LBN 234.57+00.78"
"LBN  1051"	"HII"	"LBN  1051"
"LBN  1051"	"HII"	"SH  2-307"
"LBN  1061"	"HII"	"LBN  1061"
"LBN  1061"	"HII"	"LBN 238.85-02.15"
"LBN 238.85-02.15"	"HII"	"LBN  1061"
"LBN 238.85-02.15"	"HII"	"LBN 238.85-02.15"
"LBN  1062"	"HII"	"Ced 101"
"LBN  1062"	"HII"	"LBN  1062"
"LBN  1062"	"HII"	"LBN 240.34-02.20"
"LBN 240.34-02.20"	"HII"	"Ced 101"
"LBN 240.34-02.20"	"HII"	"LBN  1062"
"LBN 240.34-02.20"	"HII"	"LBN 240.34-02.20"
"LBN  1065"	"OpC"	"LBN  1065"
"LBN  1065"	"OpC"	"LBN 243.28+00.51"
"LBN  1065"	"OpC"	"LBN  1067"
"LBN  1065"	"OpC"	"NGC  2467"
"LBN  1065"	"OpC"	"SH  2-311"
"LBN 243.28+00.51"	"OpC"	"LBN  1065"
"LBN 243.28+00.51"	"OpC"	"LBN 243.28+00.51"
"LBN 243.28+00.51"	"OpC"	"LBN  1067"
"LBN 243.28+00.51"	"OpC"	"NGC  2467"
"LBN 243.28+00.51"	"OpC"	"SH  2-311"
"LBN  1067"	"OpC"	"LBN  1065"
"LBN  1067"	"OpC"	"LBN 243.28+00.51"
"LBN  1067"	"OpC"	"LBN  1067"
"LBN  1067"	"OpC"	"NGC  2467"
"LBN  1067"	"OpC"	"SH  2-311"
"LBN  1066"	"HII"	"LBN  1066"
"LBN  1066"	"HII"	"LBN 243.16+00.32"
"LBN 243.16+00.32"	"HII"	"LBN  1066"
"LBN 243.16+00.32"	"HII"	"LBN 243.16+00.32"
"LBN  1072"	"HII"	"LBN  1072"
"LBN  1072"	"HII"	"LBN 247.26-03.88"
"LBN 247.26-03.88"	"HII"	"LBN  1072"
"LBN 247.26-03.88"	"HII"	"LBN 247.26-03.88"
"LBN  1074"	"HII"	"LBN  1074"
"LBN  1074"	"HII"	"LBN 247.85+11.37"
"LBN 247.85+11.37"	"HII"	"LBN  1074"
"LBN 247.85+11.37"	"HII"	"LBN 247.85+11.37"
"LBN  1075"	"HII"	"LBN  1075"
"LBN  1075"	"HII"	"LBN 248.14+12.01"
"LBN 248.14+12.01"	"HII"	"LBN  1075"
"LBN 248.14+12.01"	"HII"	"LBN 248.14+12.01"
"LBN  1071"	"HII"	"LBN  1071"
"LBN  1071"	"HII"	"LBN 245.79+11.73"
"LBN 245.79+11.73"	"HII"	"LBN  1071"
"LBN 245.79+11.73"	"HII"	"LBN 245.79+11.73"
"LBN  1073"	"HII"	"LBN  1073"
"LBN  1073"	"HII"	"LBN 247.70+10.34"
"LBN 247.70+10.34"	"HII"	"LBN  1073"
"LBN 247.70+10.34"	"HII"	"LBN 247.70+10.34"
"LBN  1076"	"HII"	"LBN  1076"
"LBN  1076"	"HII"	"LBN 249.24+12.05"
"LBN 249.24+12.05"	"HII"	"LBN  1076"
"LBN 249.24+12.05"	"HII"	"LBN 249.24+12.05"
"LBN  1079"	"HII"	"LBN  1079"
"LBN  1079"	"HII"	"LBN 252.17+09.77"
"LBN 252.17+09.77"	"HII"	"LBN  1079"
"LBN 252.17+09.77"	"HII"	"LBN 252.17+09.77"
"LBN  1081"	"HII"	"LBN  1081"
"LBN  1081"	"HII"	"LBN 252.47+10.67"
"LBN 252.47+10.67"	"HII"	"LBN  1081"
"LBN 252.47+10.67"	"HII"	"LBN 252.47+10.67"
"LBN  1080"	"HII"	"LBN  1080"
"LBN  1080"	"HII"	"LBN 252.46+10.39"
"LBN 252.46+10.39"	"HII"	"LBN  1080"
"LBN 252.46+10.39"	"HII"	"LBN 252.46+10.39"
"LBN 043.07-35.28"	"HII"	"LBN 043.07-35.28"
"LBN 043.07-35.28"	"HII"	"LBN   117"
"LBN   117"	"HII"	"LBN 043.07-35.28"
"LBN   117"	"HII"	"LBN   117"
"LBN 178.55-53.38"	"HII"	"LBN 178.55-53.38"
"LBN 178.55-53.38"	"HII"	"LBN   820"
"LBN   820"	"HII"	"LBN 178.55-53.38"
"LBN   820"	"HII"	"LBN   820"
"LBN 073.75-51.32"	"HII"	"LBN 073.75-51.32"
"LBN 073.75-51.32"	"HII"	"LBN   188"
"LBN   188"	"HII"	"LBN 073.75-51.32"
"LBN   188"	"HII"	"LBN   188"
"LBN 061.91-33.45"	"HII"	"LBN 061.91-33.45"
"LBN 061.91-33.45"	"HII"	"LBN   140"
"LBN   140"	"HII"	"LBN 061.91-33.45"
"LBN   140"	"HII"	"LBN   140"
"LBN 095.90-49.94"	"HII"	"LBN 095.90-49.94"
"LBN 095.90-49.94"	"HII"	"LBN   434"
"LBN   434"	"HII"	"LBN 095.90-49.94"
"LBN   434"	"HII"	"LBN   434"
"LBN 066.81-28.34"	"HII"	"LBN 066.81-28.34"
"LBN 066.81-28.34"	"HII"	"LBN   152"
"LBN   152"	"HII"	"LBN 066.81-28.34"
"LBN   152"	"HII"	"LBN   152"
"LBN 069.67-30.36"	"HII"	"LBN 069.67-30.36"
"LBN 069.67-30.36"	"HII"	"LBN   157"
"LBN   157"	"HII"	"LBN 069.67-30.36"
"LBN   157"	"HII"	"LBN   157"
"LBN 154.25-44.47"	"HII"	"LBN 154.25-44.47"
"LBN 154.25-44.47"	"HII"	"LBN   715"
"LBN   715"	"HII"	"LBN 154.25-44.47"
"LBN   715"	"HII"	"LBN   715"
"LBN 156.85-44.77"	"HII"	"LBN 156.85-44.77"
"LBN 156.85-44.77"	"HII"	"LBN   730"
"LBN   730"	"HII"	"LBN 156.85-44.77"
"LBN   730"	"HII"	"LBN   730"
"LBN 115.78-44.13"	"HII"	"LBN 115.78-44.13"
"LBN 115.78-44.13"	"HII"	"LBN   570"
"LBN   570"	"HII"	"LBN 115.78-44.13"
"LBN   570"	"HII"	"LBN   570"
"LBN 116.36-44.68"	"HII"	"LBN 116.36-44.68"
"LBN 116.36-44.68"	"HII"	"LBN   574"
"LBN   574"	"HII"	"LBN 116.36-44.68"
"LBN   574"	"HII"	"LBN   574"
"LBN 131.35-45.88"	"HII"	"LBN 131.35-45.88"
"LBN 131.35-45.88"	"HII"	"LBN   639"
"LBN   639"	"HII"	"LBN 131.35-45.88"
"LBN   639"	"HII"	"LBN   639"
"LBN 133.57-44.96"	"HII"	"LBN 133.57-44.96"
"LBN 133.57-44.96"	"HII"	"LBN   644"
"LBN   644"	"HII"	"LBN 133.57-44.96"
"LBN   644"	"HII"	"LBN   644"
"LBN 062.32-10.68"	"HII"	"LBN 062.32-10.68"
"LBN 062.32-10.68"	"HII"	"LBN   142"
"LBN   142"	"HII"	"LBN 062.32-10.68"
"LBN   142"	"HII"	"LBN   142"
"LBN 092.93-37.77"	"HII"	"LBN 092.93-37.77"
"LBN 092.93-37.77"	"HII"	"LBN   419"
"LBN   419"	"HII"	"LBN 092.93-37.77"
"LBN   419"	"HII"	"LBN   419"
"LBN 109.78-40.67"	"HII"	"LBN 109.78-40.67"
"LBN 109.78-40.67"	"HII"	"LBN   525"
"LBN   525"	"HII"	"LBN 109.78-40.67"
"LBN   525"	"HII"	"LBN   525"
"LBN 110.24-41.26"	"HII"	"LBN 110.24-41.26"
"LBN 110.24-41.26"	"HII"	"LBN   530"
"LBN   530"	"HII"	"LBN 110.24-41.26"
"LBN   530"	"HII"	"LBN   530"
"LBN 113.49-42.39"	"HII"	"LBN 113.49-42.39"
"LBN 113.49-42.39"	"HII"	"LBN   556"
"LBN   556"	"HII"	"LBN 113.49-42.39"
"LBN   556"	"HII"	"LBN   556"
"LBN 092.16-31.71"	"HII"	"LBN 092.16-31.71"
"LBN 092.16-31.71"	"HII"	"LBN   418"
"LBN   418"	"HII"	"LBN 092.16-31.71"
"LBN   418"	"HII"	"LBN   418"
"LBN 094.89-33.71"	"HII"	"LBN 094.89-33.71"
"LBN 094.89-33.71"	"HII"	"LBN   427"
"LBN   427"	"HII"	"LBN 094.89-33.71"
"LBN   427"	"HII"	"LBN   427"
"LBN 145.45-39.40"	"RNe"	"LBN 145.45-39.40"
"LBN 145.45-39.40"	"RNe"	"LBN   688"
"LBN   688"	"RNe"	"LBN 145.45-39.40"
"LBN   688"	"RNe"	"LBN   688"
"LBN 149.59-39.12"	"HII"	"LBN 149.59-39.12"
"LBN 149.59-39.12"	"HII"	"LBN   703"
"LBN   703"	"HII"	"LBN 149.59-39.12"
"LBN   703"	"HII"	"LBN   703"
"LBN 150.95-38.06"	"HII"	"LBN 150.95-38.06"
"LBN 150.95-38.06"	"HII"	"LBN   707"
"LBN   707"	"HII"	"LBN 150.95-38.06"
"LBN   707"	"HII"	"LBN   707"
"LBN 152.38-37.68"	"HII"	"LBN 152.38-37.68"
"LBN 152.38-37.68"	"HII"	"LBN   711"
"LBN   711"	"HII"	"LBN 152.38-37.68"
"LBN   711"	"HII"	"LBN   711"
"LBN 160.07-35.54"	"HII"	"LBN 160.07-35.54"
"LBN 160.07-35.54"	"HII"	"LBN   753"
"LBN   753"	"HII"	"LBN 160.07-35.54"
"LBN   753"	"HII"	"LBN   753"
"LBN 161.73-35.81"	"HII"	"LBN 161.73-35.81"
"LBN 161.73-35.81"	"HII"	"LBN   762"
"LBN   762"	"HII"	"LBN 161.73-35.81"
"LBN   762"	"HII"	"LBN   762"
"LBN 076.44-23.42"	"HII"	"LBN 076.44-23.42"
"LBN 076.44-23.42"	"HII"	"LBN   220"
"LBN   220"	"HII"	"LBN 076.44-23.42"
"LBN   220"	"HII"	"LBN   220"
"LBN 095.40-31.87"	"HII"	"LBN 095.40-31.87"
"LBN 095.40-31.87"	"HII"	"LBN   431"
"LBN   431"	"HII"	"LBN 095.40-31.87"
"LBN   431"	"HII"	"LBN   431"
"LBN 158.71-33.88"	"HII"	"LBN 158.71-33.88"
"LBN 158.71-33.88"	"HII"	"LBN   743"
"LBN   743"	"HII"	"LBN 158.71-33.88"
"LBN   743"	"HII"	"LBN   743"
"LBN 096.37-28.75"	"HII"	"LBN 096.37-28.75"
"LBN 096.37-28.75"	"HII"	"LBN   439"
"LBN   439"	"HII"	"LBN 096.37-28.75"
"LBN   439"	"HII"	"LBN   439"
"LBN 102.41-31.06"	"HII"	"LBN 102.41-31.06"
"LBN 102.41-31.06"	"HII"	"LBN   466"
"LBN   466"	"HII"	"LBN 102.41-31.06"
"LBN   466"	"HII"	"LBN   466"
"LBN 103.57-30.89"	"HII"	"LBN 103.57-30.89"
"LBN 103.57-30.89"	"HII"	"LBN   484"
"LBN   484"	"HII"	"LBN 103.57-30.89"
"LBN   484"	"HII"	"LBN   484"
"LBN 102.76-27.25"	"HII"	"LBN 102.76-27.25"
"LBN 102.76-27.25"	"HII"	"LBN   470"
"LBN   470"	"HII"	"LBN 102.76-27.25"
"LBN   470"	"HII"	"LBN   470"
"LBN 080.54-16.49"	"HII"	"LBN 080.54-16.49"
"LBN 080.54-16.49"	"HII"	"LBN   287"
"LBN 080.54-16.49"	"HII"	"SH  2-111"
"LBN   287"	"HII"	"LBN 080.54-16.49"
"LBN   287"	"HII"	"LBN   287"
"LBN   287"	"HII"	"SH  2-111"
"LBN 080.34-17.00"	"HII"	"LBN 080.34-17.00"
"LBN 080.34-17.00"	"HII"	"LBN   282"
"LBN   282"	"HII"	"LBN 080.34-17.00"
"LBN   282"	"HII"	"LBN   282"
"LBN 081.41-17.50"	"HII"	"LBN 081.41-17.50"
"LBN 081.41-17.50"	"HII"	"LBN   306"
"LBN   306"	"HII"	"LBN 081.41-17.50"
"LBN   306"	"HII"	"LBN   306"
"LBN 102.50-25.55"	"HII"	"LBN 102.50-25.55"
"LBN 102.50-25.55"	"HII"	"LBN   467"
"LBN   467"	"HII"	"LBN 102.50-25.55"
"LBN   467"	"HII"	"LBN   467"
"LBN 103.11-24.15"	"HII"	"LBN 103.11-24.15"
"LBN 103.11-24.15"	"HII"	"LBN   480"
"LBN   480"	"HII"	"LBN 103.11-24.15"
"LBN   480"	"HII"	"LBN   480"
"LBN 123.52-28.27"	"HII"	"LBN 123.52-28.27"
"LBN 123.52-28.27"	"HII"	"LBN   619"
"LBN   619"	"HII"	"LBN 123.52-28.27"
"LBN   619"	"HII"	"LBN   619"
"LBN 096.04-18.34"	"HII"	"LBN 096.04-18.34"
"LBN 096.04-18.34"	"HII"	"LBN   435"
"LBN   435"	"HII"	"LBN 096.04-18.34"
"LBN   435"	"HII"	"LBN   435"
"LBN 096.59-19.03"	"HII"	"LBN 096.59-19.03"
"LBN 096.59-19.03"	"HII"	"LBN   440"
"LBN   440"	"HII"	"LBN 096.59-19.03"
"LBN   440"	"HII"	"LBN   440"
"LBN 147.69-25.69"	"HII"	"LBN 147.69-25.69"
"LBN 147.69-25.69"	"HII"	"LBN   694"
"LBN   694"	"HII"	"LBN 147.69-25.69"
"LBN   694"	"HII"	"LBN   694"
"LBN 079.15-12.08"	"HII"	"LBN 079.15-12.08"
"LBN 079.15-12.08"	"HII"	"LBN   254"
"LBN 079.15-12.08"	"HII"	"SH  2-110"
"LBN   254"	"HII"	"LBN 079.15-12.08"
"LBN   254"	"HII"	"LBN   254"
"LBN   254"	"HII"	"SH  2-110"
"LBN 095.10-16.04"	"HII"	"LBN 095.10-16.04"
"LBN 095.10-16.04"	"HII"	"LBN   429"
"LBN   429"	"HII"	"LBN 095.10-16.04"
"LBN   429"	"HII"	"LBN   429"
"LBN 096.31-18.30"	"HII"	"LBN 096.31-18.30"
"LBN 096.31-18.30"	"HII"	"LBN   438"
"LBN   438"	"HII"	"LBN 096.31-18.30"
"LBN   438"	"HII"	"LBN   438"
"LBN 095.27-16.14"	"HII"	"LBN 095.27-16.14"
"LBN 095.27-16.14"	"HII"	"LBN   430"
"LBN   430"	"HII"	"LBN 095.27-16.14"
"LBN   430"	"HII"	"LBN   430"
"LBN 095.77-17.61"	"HII"	"LBN 095.77-17.61"
"LBN 095.77-17.61"	"HII"	"LBN   433"
"LBN   433"	"HII"	"LBN 095.77-17.61"
"LBN   433"	"HII"	"LBN   433"
"LBN 105.75-18.31"	"HII"	"LBN 105.75-18.31"
"LBN 105.75-18.31"	"HII"	"LBN   499"
"LBN   499"	"HII"	"LBN 105.75-18.31"
"LBN   499"	"HII"	"LBN   499"
"LBN 106.32-20.19"	"HII"	"LBN 106.32-20.19"
"LBN 106.32-20.19"	"HII"	"LBN   503"
"LBN   503"	"HII"	"LBN 106.32-20.19"
"LBN   503"	"HII"	"LBN   503"
"LBN 106.77-19.55"	"HII"	"LBN 106.77-19.55"
"LBN 106.77-19.55"	"HII"	"LBN   507"
"LBN   507"	"HII"	"LBN 106.77-19.55"
"LBN   507"	"HII"	"LBN   507"
"LBN 085.53-09.85"	"HII"	"LBN 085.53-09.85"
"LBN 085.53-09.85"	"HII"	"LBN   366"
"LBN   366"	"HII"	"LBN 085.53-09.85"
"LBN   366"	"HII"	"LBN   366"
"LBN 084.67-11.34"	"HII"	"LBN 084.67-11.34"
"LBN 084.67-11.34"	"HII"	"LBN   355"
"LBN   355"	"HII"	"LBN 084.67-11.34"
"LBN   355"	"HII"	"LBN   355"
"LBN 085.86-10.37"	"HII"	"LBN 085.86-10.37"
"LBN 085.86-10.37"	"HII"	"LBN   374"
"LBN   374"	"HII"	"LBN 085.86-10.37"
"LBN   374"	"HII"	"LBN   374"
"LBN 095.55-12.55"	"HII"	"LBN 095.55-12.55"
"LBN 095.55-12.55"	"HII"	"LBN   432"
"LBN   432"	"HII"	"LBN 095.55-12.55"
"LBN   432"	"HII"	"LBN   432"
"LBN 094.98-16.95"	"HII"	"LBN 094.98-16.95"
"LBN 094.98-16.95"	"HII"	"LBN   428"
"LBN 094.98-16.95"	"HII"	"SH  2-126"
"LBN   428"	"HII"	"LBN 094.98-16.95"
"LBN   428"	"HII"	"LBN   428"
"LBN   428"	"HII"	"SH  2-126"
"LBN 096.26-14.97"	"RNe"	"LBN 096.26-14.97"
"LBN 096.26-14.97"	"RNe"	"LBN   437"
"LBN   437"	"RNe"	"LBN 096.26-14.97"
"LBN   437"	"RNe"	"LBN   437"
"LBN 097.54-15.12"	"HII"	"LBN 097.54-15.12"
"LBN 097.54-15.12"	"HII"	"LBN   442"
"LBN   442"	"HII"	"LBN 097.54-15.12"
"LBN   442"	"HII"	"LBN   442"
"LBN 098.14-14.88"	"HII"	"LBN 098.14-14.88"
"LBN 098.14-14.88"	"HII"	"LBN   448"
"LBN   448"	"HII"	"LBN 098.14-14.88"
"LBN   448"	"HII"	"LBN   448"
"LBN 098.81-14.48"	"HII"	"LBN 098.81-14.48"
"LBN 098.81-14.48"	"HII"	"LBN   450"
"LBN   450"	"HII"	"LBN 098.81-14.48"
"LBN   450"	"HII"	"LBN   450"
"LBN 099.41-15.37"	"HII"	"LBN 099.41-15.37"
"LBN 099.41-15.37"	"HII"	"LBN   454"
"LBN   454"	"HII"	"LBN 099.41-15.37"
"LBN   454"	"HII"	"LBN   454"
"LBN 100.91-16.68"	"HII"	"LBN 100.91-16.68"
"LBN 100.91-16.68"	"HII"	"LBN   460"
"LBN   460"	"HII"	"LBN 100.91-16.68"
"LBN   460"	"HII"	"LBN   460"
"LBN 100.54-16.13"	"HII"	"LBN 100.54-16.13"
"LBN 100.54-16.13"	"HII"	"LBN   458"
"LBN   458"	"HII"	"LBN 100.54-16.13"
"LBN   458"	"HII"	"LBN   458"
"LBN 101.07-14.70"	"HII"	"LBN 101.07-14.70"
"LBN 101.07-14.70"	"HII"	"LBN   461"
"LBN   461"	"HII"	"LBN 101.07-14.70"
"LBN   461"	"HII"	"LBN   461"
"LBN 101.18-15.32"	"HII"	"LBN 101.18-15.32"
"LBN 101.18-15.32"	"HII"	"LBN   462"
"LBN   462"	"HII"	"LBN 101.18-15.32"
"LBN   462"	"HII"	"LBN   462"
"LBN 101.24-16.46"	"HII"	"LBN 101.24-16.46"
"LBN 101.24-16.46"	"HII"	"LBN   463"
"LBN   463"	"HII"	"LBN 101.24-16.46"
"LBN   463"	"HII"	"LBN   463"
"LBN 103.09-15.28"	"HII"	"LBN 103.09-15.28"
"LBN 103.09-15.28"	"HII"	"LBN   478"
"LBN   478"	"HII"	"LBN 103.09-15.28"
"LBN   478"	"HII"	"LBN   478"
"LBN 103.09-17.10"	"HII"	"LBN 103.09-17.10"
"LBN 103.09-17.10"	"HII"	"LBN   477"
"LBN   477"	"HII"	"LBN 103.09-17.10"
"LBN   477"	"HII"	"LBN   477"
"LBN  1077"	"HII"	"LBN  1077"
"LBN  1077"	"HII"	"LBN 250.52+13.08"
"LBN  1077"	"HII"	"SH  2-312"
"LBN 250.52+13.08"	"HII"	"LBN  1077"
"LBN 250.52+13.08"	"HII"	"LBN 250.52+13.08"
"LBN 250.52+13.08"	"HII"	"SH  2-312"
"LBN  1078"	"HII"	"LBN  1078"
"LBN  1078"	"HII"	"LBN 251.76+12.97"
"LBN 251.76+12.97"	"HII"	"LBN  1078"
"LBN 251.76+12.97"	"HII"	"LBN 251.76+12.97"
"LBN  1082"	"HII"	"LBN  1082"
"LBN  1082"	"HII"	"LBN 254.74+12.54"
"LBN 254.74+12.54"	"HII"	"LBN  1082"
"LBN 254.74+12.54"	"HII"	"LBN 254.74+12.54"
"LBN  1084"	"HII"	"LBN  1084"
"LBN  1084"	"HII"	"LBN 256.28+11.22"
"LBN 256.28+11.22"	"HII"	"LBN  1084"
"LBN 256.28+11.22"	"HII"	"LBN 256.28+11.22"
"LBN  1083"	"HII"	"LBN  1083"
"LBN  1083"	"HII"	"LBN 255.10+13.69"
"LBN 255.10+13.69"	"HII"	"LBN  1083"
"LBN 255.10+13.69"	"HII"	"LBN 255.10+13.69"
"LBN  1086"	"HII"	"LBN  1086"
"LBN  1086"	"HII"	"LBN 257.98+12.32"
"LBN 257.98+12.32"	"HII"	"LBN  1086"
"LBN 257.98+12.32"	"HII"	"LBN 257.98+12.32"
"LBN  1085"	"HII"	"LBN  1085"
"LBN  1085"	"HII"	"LBN 256.99+15.92"
"LBN 256.99+15.92"	"HII"	"LBN  1085"
"LBN 256.99+15.92"	"HII"	"LBN 256.99+15.92"
"LBN  1087"	"HII"	"LBN  1087"
"LBN  1087"	"HII"	"LBN 258.24+14.76"
"LBN 258.24+14.76"	"HII"	"LBN  1087"
"LBN 258.24+14.76"	"HII"	"LBN 258.24+14.76"
"LBN  1088"	"HII"	"LBN  1088"
"LBN  1088"	"HII"	"LBN 260.13+14.47"
"LBN 260.13+14.47"	"HII"	"LBN  1088"
"LBN 260.13+14.47"	"HII"	"LBN 260.13+14.47"
"LBN  1069"	"HII"	"LBN  1069"
"LBN  1069"	"HII"	"LBN 244.20+34.18"
"LBN 244.20+34.18"	"HII"	"LBN  1069"
"LBN 244.20+34.18"	"HII"	"LBN 244.20+34.18"
"LBN  1089"	"HII"	"LBN  1089"
"LBN  1089"	"HII"	"LBN 263.21+19.90"
"LBN 263.21+19.90"	"HII"	"LBN  1089"
"LBN 263.21+19.90"	"HII"	"LBN 263.21+19.90"
"LBN  1090"	"HII"	"LBN  1090"
"LBN  1090"	"HII"	"LBN 265.94+18.15"
"LBN 265.94+18.15"	"HII"	"LBN  1090"
"LBN 265.94+18.15"	"HII"	"LBN 265.94+18.15"
"LBN  1091"	"HII"	"LBN  1091"
"LBN  1091"	"HII"	"LBN 337.39+22.98"
"LBN 337.39+22.98"	"HII"	"LBN  1091"
"LBN 337.39+22.98"	"HII"	"LBN 337.39+22.98"
"LBN 010.03-28.11"	"HII"	"LBN 010.03-28.11"
"LBN 010.03-28.11"	"HII"	"LBN    41"
"LBN    41"	"HII"	"LBN 010.03-28.11"
"LBN    41"	"HII"	"LBN    41"
"LBN  1116"	"HII"	"LBN  1116"
"LBN  1116"	"HII"	"LBN 355.83+00.51"
"LBN  1116"	"HII"	"SH  2-12"
"LBN 355.83+00.51"	"HII"	"LBN  1116"
"LBN 355.83+00.51"	"HII"	"LBN 355.83+00.51"
"LBN 355.83+00.51"	"HII"	"SH  2-12"
"LBN  1117"	"HII"	"LBN  1117"
"LBN  1117"	"HII"	"LBN 356.03-00.11"
"LBN 356.03-00.11"	"HII"	"LBN  1117"
"LBN 356.03-00.11"	"HII"	"LBN 356.03-00.11"
"LBN  1121"	"HII"	"LBN  1121"
"LBN  1121"	"HII"	"LBN 358.46-02.10"
"LBN  1121"	"HII"	"SH  2-15"
"LBN 358.46-02.10"	"HII"	"LBN  1121"
"LBN 358.46-02.10"	"HII"	"LBN 358.46-02.10"
"LBN 358.46-02.10"	"HII"	"SH  2-15"
"LBN  1120"	"HII"	"LBN  1120"
"LBN  1120"	"HII"	"LBN 358.35-01.92"
"LBN 358.35-01.92"	"HII"	"LBN  1120"
"LBN 358.35-01.92"	"HII"	"LBN 358.35-01.92"
"LBN 013.80-27.06"	"HII"	"LBN 013.80-27.06"
"LBN 013.80-27.06"	"HII"	"LBN    54"
"LBN    54"	"HII"	"LBN 013.80-27.06"
"LBN    54"	"HII"	"LBN    54"
"LBN  1092"	"RNe"	"LBN  1092"
"LBN  1092"	"RNe"	"LBN 346.30+21.22"
"LBN 346.30+21.22"	"RNe"	"LBN  1092"
"LBN 346.30+21.22"	"RNe"	"LBN 346.30+21.22"
"LBN  1093"	"HII"	"LBN  1093"
"LBN  1093"	"HII"	"LBN 346.83+20.76"
"LBN  1093"	"HII"	"SH  2-1"
"LBN 346.83+20.76"	"HII"	"LBN  1093"
"LBN 346.83+20.76"	"HII"	"LBN 346.83+20.76"
"LBN 346.83+20.76"	"HII"	"SH  2-1"
"LBN  1095"	"HII"	"LBN  1095"
"LBN  1095"	"HII"	"LBN 347.78+20.39"
"LBN 347.78+20.39"	"HII"	"LBN  1095"
"LBN 347.78+20.39"	"HII"	"LBN 347.78+20.39"
"LBN  1094"	"RNe"	"Ced 125d"
"LBN  1094"	"RNe"	"LBN  1094"
"LBN  1094"	"RNe"	"LBN 347.16+19.78"
"LBN 347.16+19.78"	"RNe"	"Ced 125d"
"LBN 347.16+19.78"	"RNe"	"LBN  1094"
"LBN 347.16+19.78"	"RNe"	"LBN 347.16+19.78"
"LBN  1096"	"HII"	"Ced 127"
"LBN  1096"	"HII"	"IC 4591"
"LBN  1096"	"HII"	"LBN  1096"
"LBN  1096"	"HII"	"LBN 348.08+16.86"
"LBN 348.08+16.86"	"HII"	"Ced 127"
"LBN 348.08+16.86"	"HII"	"IC 4591"
"LBN 348.08+16.86"	"HII"	"LBN  1096"
"LBN 348.08+16.86"	"HII"	"LBN 348.08+16.86"
"LBN  1100"	"HII"	"LBN  1100"
"LBN  1100"	"HII"	"LBN 350.49+13.89"
"LBN 350.49+13.89"	"HII"	"LBN  1100"
"LBN 350.49+13.89"	"HII"	"LBN 350.49+13.89"
"LBN  1102"	"HII"	"LBN  1102"
"LBN  1102"	"HII"	"LBN 351.15+14.17"
"LBN 351.15+14.17"	"HII"	"LBN  1102"
"LBN 351.15+14.17"	"HII"	"LBN 351.15+14.17"
"LBN  1107"	"HII"	"IC 4606"
"LBN  1107"	"HII"	"LBN  1107"
"LBN  1107"	"HII"	"LBN 351.76+15.00"
"LBN  1107"	"HII"	"NAME Antares Nebula"
"LBN 351.76+15.00"	"HII"	"IC 4606"
"LBN 351.76+15.00"	"HII"	"LBN  1107"
"LBN 351.76+15.00"	"HII"	"LBN 351.76+15.00"
"LBN 351.76+15.00"	"HII"	"NAME Antares Nebula"
"LBN  1103"	"HII"	"LBN  1103"
"LBN  1103"	"HII"	"LBN 351.22+13.34"
"LBN 351.22+13.34"	"HII"	"LBN  1103"
"LBN 351.22+13.34"	"HII"	"LBN 351.22+13.34"
"LBN  1124"	"HII"	"LBN  1124"
"LBN  1124"	"HII"	"LBN 359.72-00.32"
"LBN  1124"	"HII"	"SH  2-16"
"LBN 359.72-00.32"	"HII"	"LBN  1124"
"LBN 359.72-00.32"	"HII"	"LBN 359.72-00.32"
"LBN 359.72-00.32"	"HII"	"SH  2-16"
"LBN 000.03+00.13"	"HII"	"LBN 000.03+00.13"
"LBN 000.03+00.13"	"HII"	"LBN     1"
"LBN 000.03+00.13"	"HII"	"SH  2-17"
"LBN     1"	"HII"	"LBN 000.03+00.13"
"LBN     1"	"HII"	"LBN     1"
"LBN     1"	"HII"	"SH  2-17"
"LBN  1125"	"HII"	"LBN  1125"
"LBN  1125"	"HII"	"LBN 359.94-00.44"
"LBN  1125"	"HII"	"SH  2-18"
"LBN 359.94-00.44"	"HII"	"LBN  1125"
"LBN 359.94-00.44"	"HII"	"LBN 359.94-00.44"
"LBN 359.94-00.44"	"HII"	"SH  2-18"
"LBN 000.09-00.61"	"HII"	"LBN 000.09-00.61"
"LBN 000.09-00.61"	"HII"	"LBN     2"
"LBN 000.09-00.61"	"HII"	"SH  2-19"
"LBN     2"	"HII"	"LBN 000.09-00.61"
"LBN     2"	"HII"	"LBN     2"
"LBN     2"	"HII"	"SH  2-19"
"LBN 000.33-00.20"	"HII"	"LBN 000.33-00.20"
"LBN 000.33-00.20"	"HII"	"LBN     3"
"LBN 000.33-00.20"	"HII"	"SH  2-20"
"LBN 000.33-00.20"	"HII"	"SH  1-15"
"LBN     3"	"HII"	"LBN 000.33-00.20"
"LBN     3"	"HII"	"LBN     3"
"LBN     3"	"HII"	"SH  2-20"
"LBN     3"	"HII"	"SH  1-15"
"LBN 000.64-01.04"	"HII"	"LBN 000.64-01.04"
"LBN 000.64-01.04"	"HII"	"LBN     4"
"LBN 000.64-01.04"	"HII"	"SH  2-21"
"LBN     4"	"HII"	"LBN 000.64-01.04"
"LBN     4"	"HII"	"LBN     4"
"LBN     4"	"HII"	"SH  2-21"
"LBN  1097"	"HII"	"LBN  1097"
"LBN  1097"	"HII"	"LBN 348.14+23.05"
"LBN 348.14+23.05"	"HII"	"LBN  1097"
"LBN 348.14+23.05"	"HII"	"LBN 348.14+23.05"
"LBN  1098"	"HII"	"LBN  1098"
"LBN  1098"	"HII"	"LBN 348.63+22.86"
"LBN 348.63+22.86"	"HII"	"LBN  1098"
"LBN 348.63+22.86"	"HII"	"LBN 348.63+22.86"
"LBN  1099"	"HII"	"LBN  1099"
"LBN  1099"	"HII"	"LBN 349.82+22.02"
"LBN  1099"	"HII"	"SH  2-7"
"LBN 349.82+22.02"	"HII"	"LBN  1099"
"LBN 349.82+22.02"	"HII"	"LBN 349.82+22.02"
"LBN 349.82+22.02"	"HII"	"SH  2-7"
"LBN  1105"	"HII"	"LBN  1105"
"LBN  1105"	"HII"	"LBN 351.37+17.40"
"LBN 351.37+17.40"	"HII"	"LBN  1105"
"LBN 351.37+17.40"	"HII"	"LBN 351.37+17.40"
"LBN  1106"	"HII"	"LBN  1106"
"LBN  1106"	"HII"	"LBN 351.54+17.23"
"LBN 351.54+17.23"	"HII"	"LBN  1106"
"LBN 351.54+17.23"	"HII"	"LBN 351.54+17.23"
"LBN  1104"	"HII"	"Ced 130"
"LBN  1104"	"HII"	"LBN  1104"
"LBN  1104"	"HII"	"LBN 351.28+17.00"
"LBN 351.28+17.00"	"HII"	"Ced 130"
"LBN 351.28+17.00"	"HII"	"LBN  1104"
"LBN 351.28+17.00"	"HII"	"LBN 351.28+17.00"
"LBN 352.98+16.95"	"GNe"	"Ced 131a"
"LBN 352.98+16.95"	"GNe"	"IC 4603"
"LBN 352.98+16.95"	"GNe"	"LBN 352.98+16.95"
"LBN 352.98+16.95"	"GNe"	"LBN  1109"
"LBN  1109"	"GNe"	"Ced 131a"
"LBN  1109"	"GNe"	"IC 4603"
"LBN  1109"	"GNe"	"LBN 352.98+16.95"
"LBN  1109"	"GNe"	"LBN  1109"
"LBN  1110"	"GNe"	"Ced 133"
"LBN  1110"	"GNe"	"IC 4605"
"LBN  1110"	"GNe"	"LBN  1110"
"LBN  1110"	"GNe"	"LBN 353.24+15.66"
"LBN 353.24+15.66"	"GNe"	"Ced 133"
"LBN 353.24+15.66"	"GNe"	"IC 4605"
"LBN 353.24+15.66"	"GNe"	"LBN  1110"
"LBN 353.24+15.66"	"GNe"	"LBN 353.24+15.66"
"LBN  1118"	"HII"	"LBN  1118"
"LBN  1118"	"HII"	"LBN 356.33+13.12"
"LBN 356.33+13.12"	"HII"	"LBN  1118"
"LBN 356.33+13.12"	"HII"	"LBN 356.33+13.12"
"LBN 002.41+01.34"	"HII"	"LBN 002.41+01.34"
"LBN 002.41+01.34"	"HII"	"LBN     9"
"LBN     9"	"HII"	"LBN 002.41+01.34"
"LBN     9"	"HII"	"LBN     9"
"LBN 004.60+00.29"	"HII"	"LBN 004.60+00.29"
"LBN 004.60+00.29"	"HII"	"LBN    14"
"LBN 004.60+00.29"	"HII"	"SH  2-22"
"LBN    14"	"HII"	"LBN 004.60+00.29"
"LBN    14"	"HII"	"LBN    14"
"LBN    14"	"HII"	"SH  2-22"
"LBN  1112"	"HII"	"LBN  1112"
"LBN  1112"	"HII"	"LBN 353.76+17.61"
"LBN 353.76+17.61"	"HII"	"LBN  1112"
"LBN 353.76+17.61"	"HII"	"LBN 353.76+17.61"
"LBN  1111"	"GNe"	"Ced 131b"
"LBN  1111"	"GNe"	"IC 4604"
"LBN  1111"	"GNe"	"LBN  1111"
"LBN  1111"	"GNe"	"NAME rho Oph Nebula"
"LBN 006.18-01.43"	"HII"	"LBN 006.18-01.43"
"LBN 006.18-01.43"	"HII"	"LBN    26"
"LBN    26"	"HII"	"LBN 006.18-01.43"
"LBN    26"	"HII"	"LBN    26"
"LBN    28"	"GNe"	"LBN    28"
"LBN    28"	"GNe"	"LBN 007.03-02.26"
"LBN    28"	"GNe"	"NGC  6559"
"LBN 007.03-02.26"	"GNe"	"LBN    28"
"LBN 007.03-02.26"	"GNe"	"LBN 007.03-02.26"
"LBN 007.03-02.26"	"GNe"	"NGC  6559"
"LBN 007.28-01.59"	"HII"	"Ced 154a"
"LBN 007.28-01.59"	"HII"	"IC 4681"
"LBN 007.28-01.59"	"HII"	"LBN 007.28-01.59"
"LBN 007.28-01.59"	"HII"	"LBN    31"
"LBN    31"	"HII"	"Ced 154a"
"LBN    31"	"HII"	"IC 4681"
"LBN    31"	"HII"	"LBN 007.28-01.59"
"LBN    31"	"HII"	"LBN    31"
"LBN 007.35-02.33"	"HII"	"IC 1274"
"LBN 007.35-02.33"	"HII"	"LBN 007.35-02.33"
"LBN 007.35-02.33"	"HII"	"LBN    33"
"LBN    33"	"HII"	"IC 1274"
"LBN    33"	"HII"	"LBN 007.35-02.33"
"LBN    33"	"HII"	"LBN    33"
"LBN    34"	"RNe"	"Ced 154b"
"LBN    34"	"RNe"	"IC 4684"
"LBN    34"	"RNe"	"LBN    34"
"LBN    34"	"RNe"	"LBN 007.39-01.79"
"LBN 007.39-01.79"	"RNe"	"Ced 154b"
"LBN 007.39-01.79"	"RNe"	"IC 4684"
"LBN 007.39-01.79"	"RNe"	"LBN    34"
"LBN 007.39-01.79"	"RNe"	"LBN 007.39-01.79"
"LBN 006.06-01.23"	"OpC"	"LBN 006.06-01.23"
"LBN 006.06-01.23"	"OpC"	"LBN    25"
"LBN 006.06-01.23"	"OpC"	"M   8"
"LBN 006.06-01.23"	"OpC"	"NAME Lagoon"
"LBN 006.06-01.23"	"OpC"	"NAME Lagoon Nebula"
"LBN 006.06-01.23"	"OpC"	"SH  2-25"
"LBN    25"	"OpC"	"LBN 006.06-01.23"
"LBN    25"	"OpC"	"LBN    25"
"LBN    25"	"OpC"	"M   8"
"LBN    25"	"OpC"	"NAME Lagoon"
"LBN    25"	"OpC"	"NAME Lagoon Nebula"
"LBN    25"	"OpC"	"SH  2-25"
"LBN 006.99-00.17"	"OpC"	"LBN 006.99-00.17"
"LBN 006.99-00.17"	"OpC"	"LBN    27"
"LBN 006.99-00.17"	"OpC"	"M  20"
"LBN 006.99-00.17"	"OpC"	"NAME Trifid Nebula"
"LBN 006.99-00.17"	"OpC"	"NGC  6514"
"LBN 006.99-00.17"	"OpC"	"Cl Collinder  360"
"LBN    27"	"OpC"	"LBN 006.99-00.17"
"LBN    27"	"OpC"	"LBN    27"
"LBN    27"	"OpC"	"M  20"
"LBN    27"	"OpC"	"NAME Trifid Nebula"
"LBN    27"	"OpC"	"NGC  6514"
"LBN    27"	"OpC"	"Cl Collinder  360"
"LBN    29"	"HII"	"LBN    29"
"LBN    29"	"HII"	"SH  2-29"
"LBN  1114"	"HII"	"LBN  1114"
"LBN  1114"	"HII"	"LBN 355.25+22.30"
"LBN 355.25+22.30"	"HII"	"LBN  1114"
"LBN 355.25+22.30"	"HII"	"LBN 355.25+22.30"
"LBN  1113"	"RNe"	"Ced 128"
"LBN  1113"	"RNe"	"IC 4592"
"LBN  1113"	"RNe"	"LBN  1113"
"LBN  1113"	"RNe"	"LBN 354.91+22.65"
"LBN 354.91+22.65"	"RNe"	"Ced 128"
"LBN 354.91+22.65"	"RNe"	"IC 4592"
"LBN 354.91+22.65"	"RNe"	"LBN  1113"
"LBN 354.91+22.65"	"RNe"	"LBN 354.91+22.65"
"LBN  1115"	"HII"	"Ced 129"
"LBN  1115"	"HII"	"LBN  1115"
"LBN  1115"	"HII"	"LBN 355.59+20.69"
"LBN 355.59+20.69"	"HII"	"Ced 129"
"LBN 355.59+20.69"	"HII"	"LBN  1115"
"LBN 355.59+20.69"	"HII"	"LBN 355.59+20.69"
"LBN  1119"	"HII"	"LBN  1119"
"LBN  1119"	"HII"	"LBN 356.82+20.13"
"LBN 356.82+20.13"	"HII"	"LBN  1119"
"LBN 356.82+20.13"	"HII"	"LBN 356.82+20.13"
"LBN  1123"	"HII"	"LBN  1123"
"LBN  1123"	"HII"	"LBN 359.39+18.77"
"LBN 359.39+18.77"	"HII"	"LBN  1123"
"LBN 359.39+18.77"	"HII"	"LBN 359.39+18.77"
"LBN 008.55-00.88"	"HII"	"LBN 008.55-00.88"
"LBN 008.55-00.88"	"HII"	"LBN    38"
"LBN 008.55-00.88"	"HII"	"SH  2-34"
"LBN    38"	"HII"	"LBN 008.55-00.88"
"LBN    38"	"HII"	"LBN    38"
"LBN    38"	"HII"	"SH  2-34"
"LBN 009.10-00.84"	"HII"	"LBN 009.10-00.84"
"LBN 009.10-00.84"	"HII"	"LBN    40"
"LBN    40"	"HII"	"LBN 009.10-00.84"
"LBN    40"	"HII"	"LBN    40"
"LBN    43"	"IR"	"Ced 157a"
"LBN    43"	"IR"	"LBN    43"
"LBN    43"	"IR"	"LBN 011.53-01.63"
"LBN    43"	"IR"	"NGC  6589"
"LBN 011.53-01.63"	"IR"	"Ced 157a"
"LBN 011.53-01.63"	"IR"	"LBN    43"
"LBN 011.53-01.63"	"IR"	"LBN 011.53-01.63"
"LBN 011.53-01.63"	"IR"	"NGC  6589"
"LBN 010.91-01.70"	"HII"	"LBN 010.91-01.70"
"LBN 010.91-01.70"	"HII"	"LBN    42"
"LBN 010.91-01.70"	"HII"	"SH  2-35"
"LBN    42"	"HII"	"LBN 010.91-01.70"
"LBN    42"	"HII"	"LBN    42"
"LBN    42"	"HII"	"SH  2-35"
"LBN 001.27+21.09"	"RNe"	"LBN 001.27+21.09"
"LBN 001.27+21.09"	"RNe"	"LBN     7"
"LBN     7"	"RNe"	"LBN 001.27+21.09"
"LBN     7"	"RNe"	"LBN     7"
"LBN 000.84+18.64"	"HII"	"LBN 000.84+18.64"
"LBN 000.84+18.64"	"HII"	"LBN     5"
"LBN     5"	"HII"	"LBN 000.84+18.64"
"LBN     5"	"HII"	"LBN     5"
"LBN 001.05+20.01"	"HII"	"LBN 001.05+20.01"
"LBN 001.05+20.01"	"HII"	"LBN     6"
"LBN     6"	"HII"	"LBN 001.05+20.01"
"LBN     6"	"HII"	"LBN     6"
"LBN 012.00+00.79"	"HII"	"LBN 012.00+00.79"
"LBN 012.00+00.79"	"HII"	"LBN    48"
"LBN 012.00+00.79"	"HII"	"SH  2-38"
"LBN    48"	"HII"	"LBN 012.00+00.79"
"LBN    48"	"HII"	"LBN    48"
"LBN    48"	"HII"	"SH  2-38"
"LBN 012.79+01.78"	"HII"	"LBN 012.79+01.78"
"LBN 012.79+01.78"	"HII"	"LBN    50"
"LBN    50"	"HII"	"LBN 012.79+01.78"
"LBN    50"	"HII"	"LBN    50"
"LBN 012.71+00.37"	"HII"	"LBN 012.71+00.37"
"LBN 012.71+00.37"	"HII"	"LBN    49"
"LBN 012.71+00.37"	"HII"	"SH  2-40"
"LBN    49"	"HII"	"LBN 012.71+00.37"
"LBN    49"	"HII"	"LBN    49"
"LBN    49"	"HII"	"SH  2-40"
"LBN 012.95-00.58"	"HII"	"LBN 012.95-00.58"
"LBN 012.95-00.58"	"HII"	"LBN    51"
"LBN 012.95-00.58"	"HII"	"SH  2-41"
"LBN    51"	"HII"	"LBN 012.95-00.58"
"LBN    51"	"HII"	"LBN    51"
"LBN    51"	"HII"	"SH  2-41"
"LBN 013.41-01.41"	"HII"	"LBN 013.41-01.41"
"LBN 013.41-01.41"	"HII"	"LBN    52"
"LBN    52"	"HII"	"LBN 013.41-01.41"
"LBN    52"	"HII"	"LBN    52"
"LBN 011.75-01.51"	"HII"	"Ced 157c"
"LBN 011.75-01.51"	"HII"	"IC 1283"
"LBN 011.75-01.51"	"HII"	"LBN 011.75-01.51"
"LBN 011.75-01.51"	"HII"	"LBN    47"
"LBN    47"	"HII"	"Ced 157c"
"LBN    47"	"HII"	"IC 1283"
"LBN    47"	"HII"	"LBN 011.75-01.51"
"LBN    47"	"HII"	"LBN    47"
"LBN 015.14+03.38"	"HII"	"LBN 015.14+03.38"
"LBN 015.14+03.38"	"HII"	"LBN    58"
"LBN 015.14+03.38"	"HII"	"SH  2-46"
"LBN    58"	"HII"	"LBN 015.14+03.38"
"LBN    58"	"HII"	"LBN    58"
"LBN    58"	"HII"	"SH  2-46"
"LBN    56"	"PN"	"LBN    56"
"LBN    56"	"PN"	"SH  2-42"
"LBN 013.54+01.11"	"HII"	"LBN 013.54+01.11"
"LBN 013.54+01.11"	"HII"	"LBN    53"
"LBN    53"	"HII"	"LBN 013.54+01.11"
"LBN    53"	"HII"	"LBN    53"
"LBN 015.67+01.74"	"HII"	"LBN 015.67+01.74"
"LBN 015.67+01.74"	"HII"	"LBN    61"
"LBN    61"	"HII"	"LBN 015.67+01.74"
"LBN    61"	"HII"	"LBN    61"
"LBN 016.68-00.47"	"HII"	"LBN 016.68-00.47"
"LBN 016.68-00.47"	"HII"	"LBN    64"
"LBN 016.68-00.47"	"HII"	"SH  2-48"
"LBN    64"	"HII"	"LBN 016.68-00.47"
"LBN    64"	"HII"	"LBN    64"
"LBN    64"	"HII"	"SH  2-48"
"LBN 014.12+00.06"	"Rad"	"IC 4701"
"LBN 014.12+00.06"	"Rad"	"LBN 014.12+00.06"
"LBN 014.12+00.06"	"Rad"	"LBN    55"
"LBN    55"	"Rad"	"IC 4701"
"LBN    55"	"Rad"	"LBN 014.12+00.06"
"LBN    55"	"Rad"	"LBN    55"
"LBN 014.94-00.04"	"HII"	"LBN 014.94-00.04"
"LBN 014.94-00.04"	"HII"	"LBN    57"
"LBN    57"	"HII"	"LBN 014.94-00.04"
"LBN    57"	"HII"	"LBN    57"
"LBN    60"	"OpC"	"LBN    60"
"LBN    60"	"OpC"	"LBN 015.28-00.67"
"LBN    60"	"OpC"	"M  17"
"LBN    60"	"OpC"	"NAME NGC 6618 Horseshoe"
"LBN    60"	"OpC"	"NGC  6618"
"LBN    60"	"OpC"	"NAME Checkmark Nebula"
"LBN    60"	"OpC"	"NAME Lobster Nebula"
"LBN    60"	"OpC"	"NAME omega Nebula"
"LBN    60"	"OpC"	"NAME Swan Nebula"
"LBN 015.28-00.67"	"OpC"	"LBN    60"
"LBN 015.28-00.67"	"OpC"	"LBN 015.28-00.67"
"LBN 015.28-00.67"	"OpC"	"M  17"
"LBN 015.28-00.67"	"OpC"	"NAME NGC 6618 Horseshoe"
"LBN 015.28-00.67"	"OpC"	"NGC  6618"
"LBN 015.28-00.67"	"OpC"	"NAME Checkmark Nebula"
"LBN 015.28-00.67"	"OpC"	"NAME Lobster Nebula"
"LBN 015.28-00.67"	"OpC"	"NAME omega Nebula"
"LBN 015.28-00.67"	"OpC"	"NAME Swan Nebula"
"LBN 016.31-00.12"	"HII"	"LBN 016.31-00.12"
"LBN 016.31-00.12"	"HII"	"LBN    62"
"LBN 016.31-00.12"	"HII"	"SH  2-50"
"LBN    62"	"HII"	"LBN 016.31-00.12"
"LBN    62"	"HII"	"LBN    62"
"LBN    62"	"HII"	"SH  2-50"
"LBN 016.41-02.79"	"HII"	"LBN 016.41-02.79"
"LBN 016.41-02.79"	"HII"	"LBN    63"
"LBN    63"	"HII"	"LBN 016.41-02.79"
"LBN    63"	"HII"	"LBN    63"
"LBN 016.88-01.18"	"HII"	"LBN 016.88-01.18"
"LBN 016.88-01.18"	"HII"	"LBN    66"
"LBN    66"	"HII"	"LBN 016.88-01.18"
"LBN    66"	"HII"	"LBN    66"
"LBN 017.19-03.20"	"HII"	"LBN 017.19-03.20"
"LBN 017.19-03.20"	"HII"	"LBN    69"
"LBN    69"	"HII"	"LBN 017.19-03.20"
"LBN    69"	"HII"	"LBN    69"
"LBN 016.77-05.31"	"HII"	"LBN 016.77-05.31"
"LBN 016.77-05.31"	"HII"	"LBN    65"
"LBN 016.77-05.31"	"HII"	"SH  2-51"
"LBN    65"	"HII"	"LBN 016.77-05.31"
"LBN    65"	"HII"	"LBN    65"
"LBN    65"	"HII"	"SH  2-51"
"LBN 025.36-18.62"	"HII"	"LBN 025.36-18.62"
"LBN 025.36-18.62"	"HII"	"LBN    83"
"LBN    83"	"HII"	"LBN 025.36-18.62"
"LBN    83"	"HII"	"LBN    83"
"LBN 027.43-17.71"	"HII"	"LBN 027.43-17.71"
"LBN 027.43-17.71"	"HII"	"LBN    87"
"LBN    87"	"HII"	"LBN 027.43-17.71"
"LBN    87"	"HII"	"LBN    87"
"LBN 027.11-21.06"	"HII"	"LBN 027.11-21.06"
"LBN 027.11-21.06"	"HII"	"LBN    86"
"LBN 027.11-21.06"	"HII"	"SH  2-63"
"LBN    86"	"HII"	"LBN 027.11-21.06"
"LBN    86"	"HII"	"LBN    86"
"LBN    86"	"HII"	"SH  2-63"
"LBN 004.21+24.12"	"HII"	"LBN 004.21+24.12"
"LBN 004.21+24.12"	"HII"	"LBN    12"
"LBN    12"	"HII"	"LBN 004.21+24.12"
"LBN    12"	"HII"	"LBN    12"
"LBN 006.00+24.73"	"HII"	"LBN 006.00+24.73"
"LBN 006.00+24.73"	"HII"	"LBN    24"
"LBN 006.00+24.73"	"HII"	"SH  2-27"
"LBN    24"	"HII"	"LBN 006.00+24.73"
"LBN    24"	"HII"	"LBN    24"
"LBN    24"	"HII"	"SH  2-27"
"LBN 004.97+24.03"	"HII"	"LBN 004.97+24.03"
"LBN 004.97+24.03"	"HII"	"LBN    16"
"LBN    16"	"HII"	"LBN 004.97+24.03"
"LBN    16"	"HII"	"LBN    16"
"LBN 018.45+01.87"	"HII"	"LBN 018.45+01.87"
"LBN 018.45+01.87"	"HII"	"LBN    72"
"LBN 018.45+01.87"	"HII"	"SH  2-54"
"LBN    72"	"HII"	"LBN 018.45+01.87"
"LBN    72"	"HII"	"LBN    72"
"LBN    72"	"HII"	"SH  2-54"
"LBN 017.00+00.53"	"HII"	"LBN 017.00+00.53"
"LBN 017.00+00.53"	"HII"	"LBN    68"
"LBN    68"	"HII"	"LBN 017.00+00.53"
"LBN    68"	"HII"	"LBN    68"
"LBN 017.81+00.97"	"HII"	"LBN 017.81+00.97"
"LBN 017.81+00.97"	"HII"	"LBN    70"
"LBN    70"	"HII"	"LBN 017.81+00.97"
"LBN    70"	"HII"	"LBN    70"
"LBN 018.13+01.42"	"HII"	"LBN 018.13+01.42"
"LBN 018.13+01.42"	"HII"	"LBN    71"
"LBN    71"	"HII"	"LBN 018.13+01.42"
"LBN    71"	"HII"	"LBN    71"
"LBN 016.96+00.78"	"OpC"	"LBN 016.96+00.78"
"LBN 016.96+00.78"	"OpC"	"LBN    67"
"LBN 016.96+00.78"	"OpC"	"M  16"
"LBN 016.96+00.78"	"OpC"	"NGC  6611"
"LBN 016.96+00.78"	"OpC"	"IC 4703"
"LBN 016.96+00.78"	"OpC"	"NAME Eagle Nebula"
"LBN 016.96+00.78"	"OpC"	"NAME Star Queen"
"LBN    67"	"OpC"	"LBN 016.96+00.78"
"LBN    67"	"OpC"	"LBN    67"
"LBN    67"	"OpC"	"M  16"
"LBN    67"	"OpC"	"NGC  6611"
"LBN    67"	"OpC"	"IC 4703"
"LBN    67"	"OpC"	"NAME Eagle Nebula"
"LBN    67"	"OpC"	"NAME Star Queen"
"LBN    73"	"HII"	"LBN    73"
"LBN    73"	"HII"	"SH  2-55"
"LBN 020.36-01.27"	"HII"	"LBN 020.36-01.27"
"LBN 020.36-01.27"	"HII"	"LBN    74"
"LBN    74"	"HII"	"LBN 020.36-01.27"
"LBN    74"	"HII"	"LBN    74"
"LBN 027.91-17.50"	"HII"	"LBN 027.91-17.50"
"LBN 027.91-17.50"	"HII"	"LBN    89"
"LBN    89"	"HII"	"LBN 027.91-17.50"
"LBN    89"	"HII"	"LBN    89"
"LBN  1122"	"HII"	"LBN  1122"
"LBN  1122"	"HII"	"LBN 359.24+36.59"
"LBN 359.24+36.59"	"HII"	"LBN  1122"
"LBN 359.24+36.59"	"HII"	"LBN 359.24+36.59"
"LBN 004.48+29.93"	"HII"	"LBN 004.48+29.93"
"LBN 004.48+29.93"	"HII"	"LBN    13"
"LBN 004.48+29.93"	"HII"	"SH  2-14"
"LBN    13"	"HII"	"LBN 004.48+29.93"
"LBN    13"	"HII"	"LBN    13"
"LBN    13"	"HII"	"SH  2-14"
"LBN 005.46+26.22"	"HII"	"LBN 005.46+26.22"
"LBN 005.46+26.22"	"HII"	"LBN    20"
"LBN    20"	"HII"	"LBN 005.46+26.22"
"LBN    20"	"HII"	"LBN    20"
"LBN 005.79+25.82"	"HII"	"LBN 005.79+25.82"
"LBN 005.79+25.82"	"HII"	"LBN    21"
"LBN    21"	"HII"	"LBN 005.79+25.82"
"LBN    21"	"HII"	"LBN    21"
"LBN 005.86+25.87"	"HII"	"LBN 005.86+25.87"
"LBN 005.86+25.87"	"HII"	"LBN    22"
"LBN    22"	"HII"	"LBN 005.86+25.87"
"LBN    22"	"HII"	"LBN    22"
"LBN 007.33+25.62"	"HII"	"LBN 007.33+25.62"
"LBN 007.33+25.62"	"HII"	"LBN    32"
"LBN    32"	"HII"	"LBN 007.33+25.62"
"LBN    32"	"HII"	"LBN    32"
"LBN 007.44+24.78"	"HII"	"LBN 007.44+24.78"
"LBN 007.44+24.78"	"HII"	"LBN    35"
"LBN    35"	"HII"	"LBN 007.44+24.78"
"LBN    35"	"HII"	"LBN    35"
"LBN 022.02+00.16"	"HII"	"LBN 022.02+00.16"
"LBN 022.02+00.16"	"HII"	"LBN    77"
"LBN 022.02+00.16"	"HII"	"SH  2-56"
"LBN    77"	"HII"	"LBN 022.02+00.16"
"LBN    77"	"HII"	"LBN    77"
"LBN    77"	"HII"	"SH  2-56"
"LBN 022.90+00.63"	"HII"	"LBN 022.90+00.63"
"LBN 022.90+00.63"	"HII"	"LBN    78"
"LBN 022.90+00.63"	"HII"	"SH  2-57"
"LBN    78"	"HII"	"LBN 022.90+00.63"
"LBN    78"	"HII"	"LBN    78"
"LBN    78"	"HII"	"SH  2-57"
"LBN 023.16+00.49"	"HII"	"LBN 023.16+00.49"
"LBN 023.16+00.49"	"HII"	"LBN    79"
"LBN 023.16+00.49"	"HII"	"SH  2-58"
"LBN    79"	"HII"	"LBN 023.16+00.49"
"LBN    79"	"HII"	"LBN    79"
"LBN    79"	"HII"	"SH  2-58"
"LBN 021.10-00.60"	"HII"	"LBN 021.10-00.60"
"LBN 021.10-00.60"	"HII"	"LBN    76"
"LBN    76"	"HII"	"LBN 021.10-00.60"
"LBN    76"	"HII"	"LBN    76"
"LBN    75"	"GNe"	"Ced 163"
"LBN    75"	"GNe"	"IC 1287"
"LBN    75"	"GNe"	"LBN    75"
"LBN 002.34+35.48"	"HII"	"LBN 002.34+35.48"
"LBN 002.34+35.48"	"HII"	"LBN     8"
"LBN     8"	"HII"	"LBN 002.34+35.48"
"LBN     8"	"HII"	"LBN     8"
"LBN 005.01+30.90"	"HII"	"LBN 005.01+30.90"
"LBN 005.01+30.90"	"HII"	"LBN    17"
"LBN 005.01+30.90"	"HII"	"SH  2-24"
"LBN    17"	"HII"	"LBN 005.01+30.90"
"LBN    17"	"HII"	"LBN    17"
"LBN    17"	"HII"	"SH  2-24"
"LBN 007.08+27.91"	"HII"	"LBN 007.08+27.91"
"LBN 007.08+27.91"	"HII"	"LBN    30"
"LBN    30"	"HII"	"LBN 007.08+27.91"
"LBN    30"	"HII"	"LBN    30"
"LBN 008.64+25.25"	"HII"	"LBN 008.64+25.25"
"LBN 008.64+25.25"	"HII"	"LBN    39"
"LBN    39"	"HII"	"LBN 008.64+25.25"
"LBN    39"	"HII"	"LBN    39"
"LBN 024.91+00.57"	"HII"	"LBN 024.91+00.57"
"LBN 024.91+00.57"	"HII"	"LBN    81"
"LBN    81"	"HII"	"LBN 024.91+00.57"
"LBN    81"	"HII"	"LBN    81"
"LBN 025.36+00.24"	"HII"	"LBN 025.36+00.24"
"LBN 025.36+00.24"	"HII"	"LBN    82"
"LBN 025.36+00.24"	"HII"	"SH  2-60"
"LBN    82"	"HII"	"LBN 025.36+00.24"
"LBN    82"	"HII"	"LBN    82"
"LBN    82"	"HII"	"SH  2-60"
"LBN 024.48-00.22"	"HII"	"LBN 024.48-00.22"
"LBN 024.48-00.22"	"HII"	"LBN    80"
"LBN 024.48-00.22"	"HII"	"SH  2-59"
"LBN    80"	"HII"	"LBN 024.48-00.22"
"LBN    80"	"HII"	"LBN    80"
"LBN    80"	"HII"	"SH  2-59"
"LBN 032.44-15.40"	"HII"	"LBN 032.44-15.40"
"LBN 032.44-15.40"	"HII"	"LBN   100"
"LBN   100"	"HII"	"LBN 032.44-15.40"
"LBN   100"	"HII"	"LBN   100"
"LBN 033.83-14.72"	"HII"	"LBN 033.83-14.72"
"LBN 033.83-14.72"	"HII"	"LBN   101"
"LBN   101"	"HII"	"LBN 033.83-14.72"
"LBN   101"	"HII"	"LBN   101"
"LBN 041.47-28.13"	"HII"	"LBN 041.47-28.13"
"LBN 041.47-28.13"	"HII"	"LBN   112"
"LBN   112"	"HII"	"LBN 041.47-28.13"
"LBN   112"	"HII"	"LBN   112"
"LBN 043.39-29.49"	"HII"	"LBN 043.39-29.49"
"LBN 043.39-29.49"	"HII"	"LBN   118"
"LBN   118"	"HII"	"LBN 043.39-29.49"
"LBN   118"	"HII"	"LBN   118"
"LBN 004.19+36.70"	"HII"	"LBN 004.19+36.70"
"LBN 004.19+36.70"	"HII"	"LBN    11"
"LBN    11"	"HII"	"LBN 004.19+36.70"
"LBN    11"	"HII"	"LBN    11"
"LBN 004.14+35.71"	"HII"	"LBN 004.14+35.71"
"LBN 004.14+35.71"	"HII"	"LBN    10"
"LBN    10"	"HII"	"LBN 004.14+35.71"
"LBN    10"	"HII"	"LBN    10"
"LBN 004.67+36.70"	"HII"	"LBN 004.67+36.70"
"LBN 004.67+36.70"	"HII"	"LBN    15"
"LBN    15"	"HII"	"LBN 004.67+36.70"
"LBN    15"	"HII"	"LBN    15"
"LBN 005.32+37.42"	"HII"	"LBN 005.32+37.42"
"LBN 005.32+37.42"	"HII"	"LBN    18"
"LBN    18"	"HII"	"LBN 005.32+37.42"
"LBN    18"	"HII"	"LBN    18"
"LBN 005.40+37.47"	"HII"	"LBN 005.40+37.47"
"LBN 005.40+37.47"	"HII"	"LBN    19"
"LBN    19"	"HII"	"LBN 005.40+37.47"
"LBN    19"	"HII"	"LBN    19"
"LBN 026.48+02.56"	"Ae*"	"LBN 026.48+02.56"
"LBN 026.48+02.56"	"Ae*"	"LBN    84"
"LBN 026.48+02.56"	"Ae*"	"SH  2-61"
"LBN    84"	"Ae*"	"LBN 026.48+02.56"
"LBN    84"	"Ae*"	"LBN    84"
"LBN    84"	"Ae*"	"SH  2-61"
"LBN 026.83+03.54"	"HII"	"LBN 026.83+03.54"
"LBN 026.83+03.54"	"HII"	"LBN    85"
"LBN 026.83+03.54"	"HII"	"SH  2-62"
"LBN    85"	"HII"	"LBN 026.83+03.54"
"LBN    85"	"HII"	"LBN    85"
"LBN    85"	"HII"	"SH  2-62"
"LBN 029.07-00.63"	"HII"	"LBN 029.07-00.63"
"LBN 029.07-00.63"	"HII"	"LBN    91"
"LBN 029.07-00.63"	"HII"	"SH  2-65"
"LBN    91"	"HII"	"LBN 029.07-00.63"
"LBN    91"	"HII"	"LBN    91"
"LBN    91"	"HII"	"SH  2-65"
"LBN 042.59-23.34"	"HII"	"LBN 042.59-23.34"
"LBN 042.59-23.34"	"HII"	"LBN   114"
"LBN   114"	"HII"	"LBN 042.59-23.34"
"LBN   114"	"HII"	"LBN   114"
"LBN 005.88+38.40"	"HII"	"LBN 005.88+38.40"
"LBN 005.88+38.40"	"HII"	"LBN    23"
"LBN    23"	"HII"	"LBN 005.88+38.40"
"LBN    23"	"HII"	"LBN    23"
"LBN    37"	"HII"	"LBN    37"
"LBN    37"	"HII"	"SH  2-33"
"LBN 008.44+36.18"	"HII"	"LBN 008.44+36.18"
"LBN 008.44+36.18"	"HII"	"LBN    36"
"LBN    36"	"HII"	"LBN 008.44+36.18"
"LBN    36"	"HII"	"LBN    36"
"LBN 028.77+03.43"	"HII"	"LBN 028.77+03.43"
"LBN 028.77+03.43"	"HII"	"LBN    90"
"LBN 028.77+03.43"	"HII"	"SH  2-64"
"LBN    90"	"HII"	"LBN 028.77+03.43"
"LBN    90"	"HII"	"LBN    90"
"LBN    90"	"HII"	"SH  2-64"
"LBN 032.38+01.93"	"HII"	"LBN 032.38+01.93"
"LBN 032.38+01.93"	"HII"	"LBN    99"
"LBN 032.38+01.93"	"HII"	"SH  2-69"
"LBN    99"	"HII"	"LBN 032.38+01.93"
"LBN    99"	"HII"	"LBN    99"
"LBN    99"	"HII"	"SH  2-69"
"LBN 030.54+00.41"	"HII"	"LBN 030.54+00.41"
"LBN 030.54+00.41"	"HII"	"LBN    92"
"LBN 030.54+00.41"	"HII"	"SH  2-66"
"LBN    92"	"HII"	"LBN 030.54+00.41"
"LBN    92"	"HII"	"LBN    92"
"LBN    92"	"HII"	"SH  2-66"
"LBN 030.66-00.65"	"HII"	"LBN 030.66-00.65"
"LBN 030.66-00.65"	"HII"	"LBN    94"
"LBN 030.66-00.65"	"HII"	"SH  2-67"
"LBN    94"	"HII"	"LBN 030.66-00.65"
"LBN    94"	"HII"	"LBN    94"
"LBN    94"	"HII"	"SH  2-67"
"LBN 039.55-16.65"	"HII"	"LBN 039.55-16.65"
"LBN 039.55-16.65"	"HII"	"LBN   108"
"LBN   108"	"HII"	"LBN 039.55-16.65"
"LBN   108"	"HII"	"LBN   108"
"LBN 041.37-18.83"	"MoC"	"LBN 041.37-18.83"
"LBN 041.37-18.83"	"MoC"	"LBN   111"
"LBN   111"	"MoC"	"LBN 041.37-18.83"
"LBN   111"	"MoC"	"LBN   111"
"LBN 041.84-18.59"	"HII"	"LBN 041.84-18.59"
"LBN 041.84-18.59"	"HII"	"LBN   113"
"LBN   113"	"HII"	"LBN 041.84-18.59"
"LBN   113"	"HII"	"LBN   113"
"LBN 042.97-17.43"	"HII"	"LBN 042.97-17.43"
"LBN 042.97-17.43"	"HII"	"LBN   116"
"LBN   116"	"HII"	"LBN 042.97-17.43"
"LBN   116"	"HII"	"LBN   116"
"LBN 042.75-21.54"	"HII"	"LBN 042.75-21.54"
"LBN 042.75-21.54"	"HII"	"LBN   115"
"LBN   115"	"HII"	"LBN 042.75-21.54"
"LBN   115"	"HII"	"LBN   115"
"LBN 043.64-21.66"	"HII"	"LBN 043.64-21.66"
"LBN 043.64-21.66"	"HII"	"LBN   119"
"LBN   119"	"HII"	"LBN 043.64-21.66"
"LBN   119"	"HII"	"LBN   119"
"LBN 043.96-23.21"	"HII"	"LBN 043.96-23.21"
"LBN 043.96-23.21"	"HII"	"LBN   120"
"LBN   120"	"HII"	"LBN 043.96-23.21"
"LBN   120"	"HII"	"LBN   120"
"LBN 044.84-23.61"	"HII"	"LBN 044.84-23.61"
"LBN 044.84-23.61"	"HII"	"LBN   121"
"LBN   121"	"HII"	"LBN 044.84-23.61"
"LBN   121"	"HII"	"LBN   121"
"LBN 045.60-22.06"	"HII"	"LBN 045.60-22.06"
"LBN 045.60-22.06"	"HII"	"LBN   124"
"LBN   124"	"HII"	"LBN 045.60-22.06"
"LBN   124"	"HII"	"LBN   124"
"LBN    45"	"HII"	"LBN    45"
"LBN    45"	"HII"	"SH  2-36"
"LBN 011.54+36.11"	"HII"	"LBN 011.54+36.11"
"LBN 011.54+36.11"	"HII"	"LBN    44"
"LBN    44"	"HII"	"LBN 011.54+36.11"
"LBN    44"	"HII"	"LBN    44"
"LBN 030.63+06.37"	"PN"	"LBN 030.63+06.37"
"LBN 030.63+06.37"	"PN"	"LBN    93"
"LBN 030.63+06.37"	"PN"	"LBN 031.47+05.12"
"LBN 030.63+06.37"	"PN"	"SH  2-68"
"LBN 030.63+06.37"	"PN"	"LBN    96"
"LBN    93"	"PN"	"LBN 030.63+06.37"
"LBN    93"	"PN"	"LBN    93"
"LBN    93"	"PN"	"LBN 031.47+05.12"
"LBN    93"	"PN"	"SH  2-68"
"LBN    93"	"PN"	"LBN    96"
"LBN 031.47+05.12"	"PN"	"LBN 030.63+06.37"
"LBN 031.47+05.12"	"PN"	"LBN    93"
"LBN 031.47+05.12"	"PN"	"LBN 031.47+05.12"
"LBN 031.47+05.12"	"PN"	"SH  2-68"
"LBN 031.47+05.12"	"PN"	"LBN    96"
"LBN 031.75+04.98"	"HII"	"LBN 031.75+04.98"
"LBN 031.75+04.98"	"HII"	"LBN    97"
"LBN    97"	"HII"	"LBN 031.75+04.98"
"LBN    97"	"HII"	"LBN    97"
"LBN 031.88+05.05"	"RNe"	"LBN 031.88+05.05"
"LBN 031.88+05.05"	"RNe"	"LBN    98"
"LBN    98"	"RNe"	"LBN 031.88+05.05"
"LBN    98"	"RNe"	"LBN    98"
"LBN 031.04+03.77"	"HII"	"LBN 031.04+03.77"
"LBN 031.04+03.77"	"HII"	"LBN    95"
"LBN    95"	"HII"	"LBN 031.04+03.77"
"LBN    95"	"HII"	"LBN    95"
"LBN 036.57-01.81"	"HII"	"LBN 036.57-01.81"
"LBN 036.57-01.81"	"HII"	"LBN   104"
"LBN   104"	"HII"	"LBN 036.57-01.81"
"LBN   104"	"HII"	"LBN   104"
"LBN 036.00-01.26"	"PN"	"LBN 036.00-01.26"
"LBN 036.00-01.26"	"PN"	"LBN   103"
"LBN 036.00-01.26"	"PN"	"SH  2-71"
"LBN   103"	"PN"	"LBN 036.00-01.26"
"LBN   103"	"PN"	"LBN   103"
"LBN   103"	"PN"	"SH  2-71"
"LBN 044.95-20.39"	"HII"	"LBN 044.95-20.39"
"LBN 044.95-20.39"	"HII"	"LBN   122"
"LBN   122"	"HII"	"LBN 044.95-20.39"
"LBN   122"	"HII"	"LBN   122"
"LBN 045.51-20.67"	"HII"	"LBN 045.51-20.67"
"LBN 045.51-20.67"	"HII"	"LBN   123"
"LBN   123"	"HII"	"LBN 045.51-20.67"
"LBN   123"	"HII"	"LBN   123"
"LBN 046.20-21.45"	"HII"	"LBN 046.20-21.45"
"LBN 046.20-21.45"	"HII"	"LBN   125"
"LBN   125"	"HII"	"LBN 046.20-21.45"
"LBN   125"	"HII"	"LBN   125"
"LBN 027.67+23.44"	"RNe"	"LBN 027.67+23.44"
"LBN 027.67+23.44"	"RNe"	"LBN    88"
"LBN    88"	"RNe"	"LBN 027.67+23.44"
"LBN    88"	"RNe"	"LBN    88"
"LBN 035.08+11.42"	"HII"	"LBN 035.08+11.42"
"LBN 035.08+11.42"	"HII"	"LBN   102"
"LBN 035.08+11.42"	"HII"	"SH  2-70"
"LBN   102"	"HII"	"LBN 035.08+11.42"
"LBN   102"	"HII"	"LBN   102"
"LBN   102"	"HII"	"SH  2-70"
"LBN 038.66+02.09"	"HII"	"LBN 038.66+02.09"
"LBN 038.66+02.09"	"HII"	"LBN   107"
"LBN   107"	"HII"	"LBN 038.66+02.09"
"LBN   107"	"HII"	"LBN   107"
"LBN 040.46+02.46"	"HII"	"LBN 040.46+02.46"
"LBN 040.46+02.46"	"HII"	"LBN   110"
"LBN 040.46+02.46"	"HII"	"SH  2-76"
"LBN   110"	"HII"	"LBN 040.46+02.46"
"LBN   110"	"HII"	"LBN   110"
"LBN   110"	"HII"	"SH  2-76"
"LBN 039.95-01.44"	"HII"	"LBN 039.95-01.44"
"LBN 039.95-01.44"	"HII"	"LBN   109"
"LBN 039.95-01.44"	"HII"	"SH  2-74"
"LBN   109"	"HII"	"LBN 039.95-01.44"
"LBN   109"	"HII"	"LBN   109"
"LBN   109"	"HII"	"SH  2-74"
"LBN 049.84-07.32"	"HII"	"LBN 049.84-07.32"
"LBN 049.84-07.32"	"HII"	"LBN   126"
"LBN   126"	"HII"	"LBN 049.84-07.32"
"LBN   126"	"HII"	"LBN   126"
"LBN 050.14+03.36"	"WR*"	"LBN 050.14+03.36"
"LBN 050.14+03.36"	"WR*"	"LBN   127"
"LBN 050.14+03.36"	"WR*"	"NAME BAC 209"
"LBN 050.14+03.36"	"WR*"	"NAME Merrill's star"
"LBN 050.14+03.36"	"WR*"	"SH  2-80"
"LBN   127"	"WR*"	"LBN 050.14+03.36"
"LBN   127"	"WR*"	"LBN   127"
"LBN   127"	"WR*"	"NAME BAC 209"
"LBN   127"	"WR*"	"NAME Merrill's star"
"LBN   127"	"WR*"	"SH  2-80"
"LBN 053.52+00.03"	"HII"	"Ced 168"
"LBN 053.52+00.03"	"HII"	"LBN 053.52+00.03"
"LBN 053.52+00.03"	"HII"	"LBN   128"
"LBN   128"	"HII"	"Ced 168"
"LBN   128"	"HII"	"LBN 053.52+00.03"
"LBN   128"	"HII"	"LBN   128"
"LBN 056.82-13.42"	"HII"	"LBN 056.82-13.42"
"LBN 056.82-13.42"	"HII"	"LBN   132"
"LBN   132"	"HII"	"LBN 056.82-13.42"
"LBN   132"	"HII"	"LBN   132"
"LBN 055.40+01.87"	"RNe"	"LBN 055.40+01.87"
"LBN 055.40+01.87"	"RNe"	"LBN   130"
"LBN   130"	"RNe"	"LBN 055.40+01.87"
"LBN   130"	"RNe"	"LBN   130"
"LBN 053.54+00.04"	"HII"	"LBN 053.54+00.04"
"LBN 053.54+00.04"	"HII"	"LBN   129"
"LBN 053.54+00.04"	"HII"	"SH  2-82"
"LBN   129"	"HII"	"LBN 053.54+00.04"
"LBN   129"	"HII"	"LBN   129"
"LBN   129"	"HII"	"SH  2-82"
"LBN 055.73-03.64"	"HII"	"LBN 055.73-03.64"
"LBN 055.73-03.64"	"HII"	"LBN   131"
"LBN 055.73-03.64"	"HII"	"SH  2-84"
"LBN   131"	"HII"	"LBN 055.73-03.64"
"LBN   131"	"HII"	"LBN   131"
"LBN   131"	"HII"	"SH  2-84"
"LBN 037.59+44.76"	"HII"	"LBN 037.59+44.76"
"LBN 037.59+44.76"	"HII"	"LBN   105"
"LBN 037.59+44.76"	"HII"	"SH  2-73"
"LBN   105"	"HII"	"LBN 037.59+44.76"
"LBN   105"	"HII"	"LBN   105"
"LBN   105"	"HII"	"SH  2-73"
"LBN 037.66+44.05"	"HII"	"LBN 037.66+44.05"
"LBN 037.66+44.05"	"HII"	"LBN   106"
"LBN   106"	"HII"	"LBN 037.66+44.05"
"LBN   106"	"HII"	"LBN   106"
"LBN 057.03+03.02"	"RNe"	"Ced 167"
"LBN 057.03+03.02"	"RNe"	"LBN 057.03+03.02"
"LBN 057.03+03.02"	"RNe"	"LBN   134"
"LBN   134"	"RNe"	"Ced 167"
"LBN   134"	"RNe"	"LBN 057.03+03.02"
"LBN   134"	"RNe"	"LBN   134"
"LBN 056.92+03.22"	"RNe"	"LBN 056.92+03.22"
"LBN 056.92+03.22"	"RNe"	"LBN   133"
"LBN   133"	"RNe"	"LBN 056.92+03.22"
"LBN   133"	"RNe"	"LBN   133"
"LBN 062.04-10.57"	"HII"	"LBN 062.04-10.57"
"LBN 062.04-10.57"	"HII"	"LBN   141"
"LBN   141"	"HII"	"LBN 062.04-10.57"
"LBN   141"	"HII"	"LBN   141"
"LBN 062.45-14.34"	"HII"	"LBN 062.45-14.34"
"LBN 062.45-14.34"	"HII"	"LBN   143"
"LBN   143"	"HII"	"LBN 062.45-14.34"
"LBN   143"	"HII"	"LBN   143"
"LBN 061.35+00.21"	"HII"	"LBN 061.35+00.21"
"LBN 061.35+00.21"	"HII"	"LBN   137"
"LBN   137"	"HII"	"LBN 061.35+00.21"
"LBN   137"	"HII"	"LBN   137"
"LBN 061.37+00.22"	"HII"	"LBN 061.37+00.22"
"LBN 061.37+00.22"	"HII"	"LBN   138"
"LBN   138"	"HII"	"LBN 061.37+00.22"
"LBN   138"	"HII"	"LBN   138"
"LBN 061.50+00.29"	"HII"	"LBN 061.50+00.29"
"LBN 061.50+00.29"	"HII"	"LBN   139"
"LBN 061.50+00.29"	"HII"	"SH  2-88"
"LBN   139"	"HII"	"LBN 061.50+00.29"
"LBN   139"	"HII"	"LBN   139"
"LBN   139"	"HII"	"SH  2-88"
"LBN 059.38-00.15"	"HII"	"LBN 059.38-00.15"
"LBN 059.38-00.15"	"HII"	"LBN   135"
"LBN 059.38-00.15"	"HII"	"SH  2-86"
"LBN   135"	"HII"	"LBN 059.38-00.15"
"LBN   135"	"HII"	"LBN   135"
"LBN   135"	"HII"	"SH  2-86"
"LBN 063.10+00.46"	"HII"	"LBN 063.10+00.46"
"LBN 063.10+00.46"	"HII"	"LBN   144"
"LBN 063.10+00.46"	"HII"	"SH  2-90"
"LBN   144"	"HII"	"LBN 063.10+00.46"
"LBN   144"	"HII"	"LBN   144"
"LBN   144"	"HII"	"SH  2-90"
"LBN 064.20-00.44"	"HII"	"LBN 064.20-00.44"
"LBN 064.20-00.44"	"HII"	"LBN   146"
"LBN 064.20-00.44"	"HII"	"SH  2-93"
"LBN   146"	"HII"	"LBN 064.20-00.44"
"LBN   146"	"HII"	"LBN   146"
"LBN   146"	"HII"	"SH  2-93"
"LBN 064.90+06.74"	"HII"	"LBN 064.90+06.74"
"LBN 064.90+06.74"	"HII"	"LBN   148"
"LBN 064.90+06.74"	"HII"	"SH  2-94"
"LBN   148"	"HII"	"LBN 064.90+06.74"
"LBN   148"	"HII"	"LBN   148"
"LBN   148"	"HII"	"SH  2-94"
"LBN 064.22+04.16"	"HII"	"LBN 064.22+04.16"
"LBN 064.22+04.16"	"HII"	"LBN   147"
"LBN 064.22+04.16"	"HII"	"SH  2-91"
"LBN   147"	"HII"	"LBN 064.22+04.16"
"LBN   147"	"HII"	"LBN   147"
"LBN   147"	"HII"	"SH  2-91"
"LBN 064.04+01.79"	"HII"	"LBN 064.04+01.79"
"LBN 064.04+01.79"	"HII"	"LBN   145"
"LBN 064.04+01.79"	"HII"	"SH  2-92"
"LBN   145"	"HII"	"LBN 064.04+01.79"
"LBN   145"	"HII"	"LBN   145"
"LBN   145"	"HII"	"SH  2-92"
"LBN 065.92+00.61"	"PN"	"LBN 065.92+00.61"
"LBN 065.92+00.61"	"PN"	"LBN   149"
"LBN 065.92+00.61"	"PN"	"NGC  6842"
"LBN 065.92+00.61"	"PN"	"SH  2-95"
"LBN 065.92+00.61"	"PN"	"SH  1-72"
"LBN   149"	"PN"	"LBN 065.92+00.61"
"LBN   149"	"PN"	"LBN   149"
"LBN   149"	"PN"	"NGC  6842"
"LBN   149"	"PN"	"SH  2-95"
"LBN   149"	"PN"	"SH  1-72"
"LBN 066.74+00.86"	"OpC"	"LBN 066.74+00.86"
"LBN 066.74+00.86"	"OpC"	"LBN   151"
"LBN 066.74+00.86"	"OpC"	"SH  2-97"
"LBN 066.74+00.86"	"OpC"	"NGC  6847"
"LBN   151"	"OpC"	"LBN 066.74+00.86"
"LBN   151"	"OpC"	"LBN   151"
"LBN   151"	"OpC"	"SH  2-97"
"LBN   151"	"OpC"	"NGC  6847"
"LBN 066.95-01.30"	"HII"	"Ced 175"
"LBN 066.95-01.30"	"HII"	"IC 4954"
"LBN 066.95-01.30"	"HII"	"LBN 066.95-01.30"
"LBN 066.95-01.30"	"HII"	"LBN   153"
"LBN   153"	"HII"	"Ced 175"
"LBN   153"	"HII"	"IC 4954"
"LBN   153"	"HII"	"LBN 066.95-01.30"
"LBN   153"	"HII"	"LBN   153"
"LBN 066.11+07.14"	"HII"	"LBN 066.11+07.14"
"LBN 066.11+07.14"	"HII"	"LBN   150"
"LBN 066.11+07.14"	"HII"	"SH  2-96"
"LBN   150"	"HII"	"LBN 066.11+07.14"
"LBN   150"	"HII"	"LBN   150"
"LBN   150"	"HII"	"SH  2-96"
"LBN 068.07+00.92"	"HII"	"LBN 068.07+00.92"
"LBN 068.07+00.92"	"HII"	"LBN   154"
"LBN 068.07+00.92"	"HII"	"SH  2-98"
"LBN   154"	"HII"	"LBN 068.07+00.92"
"LBN   154"	"HII"	"LBN   154"
"LBN   154"	"HII"	"SH  2-98"
"LBN 069.40+00.50"	"HII"	"LBN 069.40+00.50"
"LBN 069.40+00.50"	"HII"	"LBN   155"
"LBN   155"	"HII"	"LBN 069.40+00.50"
"LBN   155"	"HII"	"LBN   155"
"LBN 071.40-11.76"	"HII"	"LBN 071.40-11.76"
"LBN 071.40-11.76"	"HII"	"LBN   167"
"LBN   167"	"HII"	"LBN 071.40-11.76"
"LBN   167"	"HII"	"LBN   167"
"LBN 071.58+02.86"	"HII"	"Ced 173"
"LBN 071.58+02.86"	"HII"	"LBN 071.58+02.86"
"LBN 071.58+02.86"	"HII"	"LBN   168"
"LBN 071.58+02.86"	"HII"	"SH  2-101"
"LBN   168"	"HII"	"Ced 173"
"LBN   168"	"HII"	"LBN 071.58+02.86"
"LBN   168"	"HII"	"LBN   168"
"LBN   168"	"HII"	"SH  2-101"
"LBN 070.13+01.71"	"HII"	"LBN 070.13+01.71"
"LBN 070.13+01.71"	"HII"	"LBN   160"
"LBN 070.13+01.71"	"HII"	"SH  2-99"
"LBN   160"	"HII"	"LBN 070.13+01.71"
"LBN   160"	"HII"	"LBN   160"
"LBN   160"	"HII"	"SH  2-99"
"LBN 070.24+01.53"	"HII"	"LBN 070.24+01.53"
"LBN 070.24+01.53"	"HII"	"LBN   161"
"LBN 070.24+01.53"	"HII"	"SH  2-100"
"LBN   161"	"HII"	"LBN 070.24+01.53"
"LBN   161"	"HII"	"LBN   161"
"LBN   161"	"HII"	"SH  2-100"
"LBN 069.80+01.74"	"HII"	"LBN 069.80+01.74"
"LBN 069.80+01.74"	"HII"	"LBN   158"
"LBN   158"	"HII"	"LBN 069.80+01.74"
"LBN   158"	"HII"	"LBN   158"
"LBN 069.48+02.29"	"HII"	"LBN 069.48+02.29"
"LBN 069.48+02.29"	"HII"	"LBN   156"
"LBN   156"	"HII"	"LBN 069.48+02.29"
"LBN   156"	"HII"	"LBN   156"
"LBN 069.96+01.35"	"HII"	"LBN 069.96+01.35"
"LBN 069.96+01.35"	"HII"	"LBN   159"
"LBN   159"	"HII"	"LBN 069.96+01.35"
"LBN   159"	"HII"	"LBN   159"
"LBN 071.03+01.54"	"HII"	"LBN 071.03+01.54"
"LBN 071.03+01.54"	"HII"	"LBN   164"
"LBN   164"	"HII"	"LBN 071.03+01.54"
"LBN   164"	"HII"	"LBN   164"
"LBN 071.87+02.07"	"HII"	"LBN 071.87+02.07"
"LBN 071.87+02.07"	"HII"	"LBN   174"
"LBN   174"	"HII"	"LBN 071.87+02.07"
"LBN   174"	"HII"	"LBN   174"
"LBN 070.95+00.74"	"HII"	"LBN 070.95+00.74"
"LBN 070.95+00.74"	"HII"	"LBN   162"
"LBN   162"	"HII"	"LBN 070.95+00.74"
"LBN   162"	"HII"	"LBN   162"
"LBN 071.01+00.04"	"HII"	"LBN 071.01+00.04"
"LBN 071.01+00.04"	"HII"	"LBN   163"
"LBN   163"	"HII"	"LBN 071.01+00.04"
"LBN   163"	"HII"	"LBN   163"
"LBN 071.37+01.01"	"HII"	"LBN 071.37+01.01"
"LBN 071.37+01.01"	"HII"	"LBN   166"
"LBN   166"	"HII"	"LBN 071.37+01.01"
"LBN   166"	"HII"	"LBN   166"
"LBN 071.67+01.46"	"HII"	"LBN 071.67+01.46"
"LBN 071.67+01.46"	"HII"	"LBN   170"
"LBN   170"	"HII"	"LBN 071.67+01.46"
"LBN   170"	"HII"	"LBN   170"
"LBN 071.84+00.58"	"HII"	"LBN 071.84+00.58"
"LBN 071.84+00.58"	"HII"	"LBN   172"
"LBN   172"	"HII"	"LBN 071.84+00.58"
"LBN   172"	"HII"	"LBN   172"
"LBN 071.89-00.38"	"HII"	"LBN 071.89-00.38"
"LBN 071.89-00.38"	"HII"	"LBN   175"
"LBN   175"	"HII"	"LBN 071.89-00.38"
"LBN   175"	"HII"	"LBN   175"
"LBN 071.62-05.50"	"HII"	"LBN 071.62-05.50"
"LBN 071.62-05.50"	"HII"	"LBN   169"
"LBN 071.62-05.50"	"HII"	"SH  2-102"
"LBN   169"	"HII"	"LBN 071.62-05.50"
"LBN   169"	"HII"	"LBN   169"
"LBN   169"	"HII"	"SH  2-102"
"LBN   191"	"ISM"	"LBN   191"
"LBN   191"	"ISM"	"LBN 074.53-08.42"
"LBN   191"	"ISM"	"NAME Cirrus Nebula"
"LBN   191"	"ISM"	"NAME Filamentary Nebula"
"LBN   191"	"ISM"	"NGC  6960"
"LBN   191"	"ISM"	"NAME Veil Nebula"
"LBN 074.53-08.42"	"ISM"	"LBN   191"
"LBN 074.53-08.42"	"ISM"	"LBN 074.53-08.42"
"LBN 074.53-08.42"	"ISM"	"NAME Cirrus Nebula"
"LBN 074.53-08.42"	"ISM"	"NAME Filamentary Nebula"
"LBN 074.53-08.42"	"ISM"	"NGC  6960"
"LBN 074.53-08.42"	"ISM"	"NAME Veil Nebula"
"LBN 071.85+06.31"	"HII"	"LBN 071.85+06.31"
"LBN 071.85+06.31"	"HII"	"LBN   173"
"LBN   173"	"HII"	"LBN 071.85+06.31"
"LBN   173"	"HII"	"LBN   173"
"LBN 071.94+06.82"	"HII"	"LBN 071.94+06.82"
"LBN 071.94+06.82"	"HII"	"LBN   176"
"LBN   176"	"HII"	"LBN 071.94+06.82"
"LBN   176"	"HII"	"LBN   176"
"LBN 073.32+05.78"	"HII"	"LBN 073.32+05.78"
"LBN 073.32+05.78"	"HII"	"LBN   184"
"LBN   184"	"HII"	"LBN 073.32+05.78"
"LBN   184"	"HII"	"LBN   184"
"LBN 073.58+06.16"	"HII"	"LBN 073.58+06.16"
"LBN 073.58+06.16"	"HII"	"LBN   186"
"LBN   186"	"HII"	"LBN 073.58+06.16"
"LBN   186"	"HII"	"LBN   186"
"LBN 071.06+06.32"	"HII"	"LBN 071.06+06.32"
"LBN 071.06+06.32"	"HII"	"LBN   165"
"LBN   165"	"HII"	"LBN 071.06+06.32"
"LBN   165"	"HII"	"LBN   165"
"LBN 072.18+03.47"	"HII"	"LBN 072.18+03.47"
"LBN 072.18+03.47"	"HII"	"LBN   178"
"LBN   178"	"HII"	"LBN 072.18+03.47"
"LBN   178"	"HII"	"LBN   178"
"LBN 073.32+03.23"	"HII"	"LBN 073.32+03.23"
"LBN 073.32+03.23"	"HII"	"LBN   183"
"LBN   183"	"HII"	"LBN 073.32+03.23"
"LBN   183"	"HII"	"LBN   183"
"LBN 071.83+02.77"	"HII"	"LBN 071.83+02.77"
"LBN 071.83+02.77"	"HII"	"LBN   171"
"LBN   171"	"HII"	"LBN 071.83+02.77"
"LBN   171"	"HII"	"LBN   171"
"LBN 072.86+02.70"	"HII"	"LBN 072.86+02.70"
"LBN 072.86+02.70"	"HII"	"LBN   180"
"LBN   180"	"HII"	"LBN 072.86+02.70"
"LBN   180"	"HII"	"LBN   180"
"LBN 072.01+01.92"	"HII"	"LBN 072.01+01.92"
"LBN 072.01+01.92"	"HII"	"LBN   177"
"LBN   177"	"HII"	"LBN 072.01+01.92"
"LBN   177"	"HII"	"LBN   177"
"LBN 072.53+01.52"	"HII"	"LBN 072.53+01.52"
"LBN 072.53+01.52"	"HII"	"LBN   179"
"LBN   179"	"HII"	"LBN 072.53+01.52"
"LBN   179"	"HII"	"LBN   179"
"LBN 073.10+01.41"	"HII"	"LBN 073.10+01.41"
"LBN 073.10+01.41"	"HII"	"LBN   182"
"LBN   182"	"HII"	"LBN 073.10+01.41"
"LBN   182"	"HII"	"LBN   182"
"LBN 073.72+02.29"	"HII"	"LBN 073.72+02.29"
"LBN 073.72+02.29"	"HII"	"LBN   187"
"LBN   187"	"HII"	"LBN 073.72+02.29"
"LBN   187"	"HII"	"LBN   187"
"LBN 073.99+02.47"	"HII"	"LBN 073.99+02.47"
"LBN 073.99+02.47"	"HII"	"LBN   189"
"LBN   189"	"HII"	"LBN 073.99+02.47"
"LBN   189"	"HII"	"LBN   189"
"LBN 072.86+00.27"	"OpC"	"IC 1310"
"LBN 072.86+00.27"	"OpC"	"LBN 072.86+00.27"
"LBN 072.86+00.27"	"OpC"	"LBN   181"
"LBN   181"	"OpC"	"IC 1310"
"LBN   181"	"OpC"	"LBN 072.86+00.27"
"LBN   181"	"OpC"	"LBN   181"
"LBN 073.48-01.81"	"HII"	"LBN 073.48-01.81"
"LBN 073.48-01.81"	"HII"	"LBN   185"
"LBN   185"	"HII"	"LBN 073.48-01.81"
"LBN   185"	"HII"	"LBN   185"
"LBN 074.83+00.62"	"HII"	"LBN 074.83+00.62"
"LBN 074.83+00.62"	"HII"	"LBN   195"
"LBN 074.83+00.62"	"HII"	"SH  2-104"
"LBN   195"	"HII"	"LBN 074.83+00.62"
"LBN   195"	"HII"	"LBN   195"
"LBN   195"	"HII"	"SH  2-104"
"LBN 075.16-01.86"	"HII"	"LBN 075.16-01.86"
"LBN 075.16-01.86"	"HII"	"LBN   198"
"LBN   198"	"HII"	"LBN 075.16-01.86"
"LBN   198"	"HII"	"LBN   198"
"LBN 075.52+09.02"	"HII"	"LBN 075.52+09.02"
"LBN 075.52+09.02"	"HII"	"LBN   204"
"LBN   204"	"HII"	"LBN 075.52+09.02"
"LBN   204"	"HII"	"LBN   204"
"LBN 075.29+07.38"	"HII"	"LBN 075.29+07.38"
"LBN 075.29+07.38"	"HII"	"LBN   201"
"LBN   201"	"HII"	"LBN 075.29+07.38"
"LBN   201"	"HII"	"LBN   201"
"LBN 074.86+06.46"	"HII"	"LBN 074.86+06.46"
"LBN 074.86+06.46"	"HII"	"LBN   196"
"LBN   196"	"HII"	"LBN 074.86+06.46"
"LBN   196"	"HII"	"LBN   196"
"LBN 075.24+06.47"	"HII"	"LBN 075.24+06.47"
"LBN 075.24+06.47"	"HII"	"LBN   200"
"LBN   200"	"HII"	"LBN 075.24+06.47"
"LBN   200"	"HII"	"LBN   200"
"LBN 075.23+04.89"	"HII"	"LBN 075.23+04.89"
"LBN 075.23+04.89"	"HII"	"LBN   199"
"LBN   199"	"HII"	"LBN 075.23+04.89"
"LBN   199"	"HII"	"LBN   199"
"LBN 075.30+06.05"	"HII"	"LBN 075.30+06.05"
"LBN 075.30+06.05"	"HII"	"LBN   202"
"LBN   202"	"HII"	"LBN 075.30+06.05"
"LBN   202"	"HII"	"LBN   202"
"LBN 075.74+05.65"	"HII"	"LBN 075.74+05.65"
"LBN 075.74+05.65"	"HII"	"LBN   207"
"LBN   207"	"HII"	"LBN 075.74+05.65"
"LBN   207"	"HII"	"LBN   207"
"LBN 074.80+03.69"	"HII"	"LBN 074.80+03.69"
"LBN 074.80+03.69"	"HII"	"LBN   194"
"LBN   194"	"HII"	"LBN 074.80+03.69"
"LBN   194"	"HII"	"LBN   194"
"LBN 076.10+04.75"	"HII"	"LBN 076.10+04.75"
"LBN 076.10+04.75"	"HII"	"LBN   213"
"LBN   213"	"HII"	"LBN 076.10+04.75"
"LBN   213"	"HII"	"LBN   213"
"LBN 076.35+04.68"	"HII"	"LBN 076.35+04.68"
"LBN 076.35+04.68"	"HII"	"LBN   217"
"LBN   217"	"HII"	"LBN 076.35+04.68"
"LBN   217"	"HII"	"LBN   217"
"LBN 074.27+03.59"	"HII"	"LBN 074.27+03.59"
"LBN 074.27+03.59"	"HII"	"LBN   190"
"LBN   190"	"HII"	"LBN 074.27+03.59"
"LBN   190"	"HII"	"LBN   190"
"LBN 074.62+03.35"	"HII"	"LBN 074.62+03.35"
"LBN 074.62+03.35"	"HII"	"LBN   192"
"LBN   192"	"HII"	"LBN 074.62+03.35"
"LBN   192"	"HII"	"LBN   192"
"LBN 074.77+02.51"	"HII"	"LBN 074.77+02.51"
"LBN 074.77+02.51"	"HII"	"LBN   193"
"LBN   193"	"HII"	"LBN 074.77+02.51"
"LBN   193"	"HII"	"LBN   193"
"LBN 074.90+03.53"	"HII"	"LBN 074.90+03.53"
"LBN 074.90+03.53"	"HII"	"LBN   197"
"LBN   197"	"HII"	"LBN 074.90+03.53"
"LBN   197"	"HII"	"LBN   197"
"LBN 075.57+03.72"	"HII"	"LBN 075.57+03.72"
"LBN 075.57+03.72"	"HII"	"LBN   205"
"LBN   205"	"HII"	"LBN 075.57+03.72"
"LBN   205"	"HII"	"LBN   205"
"LBN 075.75+03.14"	"HII"	"LBN 075.75+03.14"
"LBN 075.75+03.14"	"HII"	"LBN   208"
"LBN   208"	"HII"	"LBN 075.75+03.14"
"LBN   208"	"HII"	"LBN   208"
"LBN 076.17+03.88"	"HII"	"LBN 076.17+03.88"
"LBN 076.17+03.88"	"HII"	"LBN   214"
"LBN   214"	"HII"	"LBN 076.17+03.88"
"LBN   214"	"HII"	"LBN   214"
"LBN 076.27+04.17"	"HII"	"LBN 076.27+04.17"
"LBN 076.27+04.17"	"HII"	"LBN   216"
"LBN   216"	"HII"	"LBN 076.27+04.17"
"LBN   216"	"HII"	"LBN   216"
"LBN 075.71+01.70"	"HII"	"LBN 075.71+01.70"
"LBN 075.71+01.70"	"HII"	"LBN   206"
"LBN   206"	"HII"	"LBN 075.71+01.70"
"LBN   206"	"HII"	"LBN   206"
"LBN 076.26+02.08"	"HII"	"LBN 076.26+02.08"
"LBN 076.26+02.08"	"HII"	"LBN   215"
"LBN   215"	"HII"	"LBN 076.26+02.08"
"LBN   215"	"HII"	"LBN   215"
"LBN 075.79+01.28"	"HII"	"LBN 075.79+01.28"
"LBN 075.79+01.28"	"HII"	"LBN   209"
"LBN   209"	"HII"	"LBN 075.79+01.28"
"LBN   209"	"HII"	"LBN   209"
"LBN 075.90-00.33"	"HII"	"LBN 075.90-00.33"
"LBN 075.90-00.33"	"HII"	"LBN   211"
"LBN   211"	"HII"	"LBN 075.90-00.33"
"LBN   211"	"HII"	"LBN   211"
"LBN 076.01+00.96"	"HII"	"LBN 076.01+00.96"
"LBN 076.01+00.96"	"HII"	"LBN   212"
"LBN   212"	"HII"	"LBN 076.01+00.96"
"LBN   212"	"HII"	"LBN   212"
"LBN 076.99+00.44"	"HII"	"LBN 076.99+00.44"
"LBN 076.99+00.44"	"HII"	"LBN   224"
"LBN   224"	"HII"	"LBN 076.99+00.44"
"LBN   224"	"HII"	"LBN   224"
"LBN 075.85-01.11"	"HII"	"LBN 075.85-01.11"
"LBN 075.85-01.11"	"HII"	"LBN   210"
"LBN   210"	"HII"	"LBN 075.85-01.11"
"LBN   210"	"HII"	"LBN   210"
"LBN 076.41-01.45"	"HII"	"LBN 076.41-01.45"
"LBN 076.41-01.45"	"HII"	"LBN   218"
"LBN   218"	"HII"	"LBN 076.41-01.45"
"LBN   218"	"HII"	"LBN   218"
"LBN 076.42-01.19"	"HII"	"LBN 076.42-01.19"
"LBN 076.42-01.19"	"HII"	"LBN   219"
"LBN   219"	"HII"	"LBN 076.42-01.19"
"LBN   219"	"HII"	"LBN   219"
"LBN 077.13-01.16"	"HII"	"LBN 077.13-01.16"
"LBN 077.13-01.16"	"HII"	"LBN   226"
"LBN   226"	"HII"	"LBN 077.13-01.16"
"LBN   226"	"HII"	"LBN   226"
"LBN 077.33-02.26"	"HII"	"LBN 077.33-02.26"
"LBN 077.33-02.26"	"HII"	"LBN   229"
"LBN   229"	"HII"	"LBN 077.33-02.26"
"LBN   229"	"HII"	"LBN   229"
"LBN 077.41-03.72"	"HII"	"LBN 077.41-03.72"
"LBN 077.41-03.72"	"HII"	"LBN   231"
"LBN 077.41-03.72"	"HII"	"SH  2-107"
"LBN   231"	"HII"	"LBN 077.41-03.72"
"LBN   231"	"HII"	"LBN   231"
"LBN   231"	"HII"	"SH  2-107"
"LBN 077.67-03.52"	"HII"	"LBN 077.67-03.52"
"LBN 077.67-03.52"	"HII"	"LBN   235"
"LBN   235"	"HII"	"LBN 077.67-03.52"
"LBN   235"	"HII"	"LBN   235"
"LBN 077.39-05.56"	"HII"	"LBN 077.39-05.56"
"LBN 077.39-05.56"	"HII"	"LBN   230"
"LBN   230"	"HII"	"LBN 077.39-05.56"
"LBN   230"	"HII"	"LBN   230"
"LBN   585"	"RNe"	"LBN   585"
"LBN   585"	"RNe"	"LBN 118.32+03.16"
"LBN 118.32+03.16"	"RNe"	"LBN   585"
"LBN 118.32+03.16"	"RNe"	"LBN 118.32+03.16"
"LBN   590"	"RNe"	"LBN   590"
"LBN   590"	"RNe"	"LBN 119.04+03.02"
"LBN   590"	"RNe"	"Ced   1"
"LBN 119.04+03.02"	"RNe"	"LBN   590"
"LBN 119.04+03.02"	"RNe"	"LBN 119.04+03.02"
"LBN 119.04+03.02"	"RNe"	"Ced   1"
"LBN    96"	"PN"	"LBN 030.63+06.37"
"LBN    96"	"PN"	"LBN    93"
"LBN    96"	"PN"	"LBN 031.47+05.12"
"LBN    96"	"PN"	"SH  2-68"
"LBN    96"	"PN"	"LBN    96"
"LBN 174.12-13.67"	"Or*"	"NAME IC 2087 IR"
"LBN 174.12-13.67"	"Or*"	"Ced  38"
"LBN 174.12-13.67"	"Or*"	"IC 2087"
"LBN 174.12-13.67"	"Or*"	"LBN 174.12-13.67"
"LBN 174.12-13.67"	"Or*"	"LBN   813"
"LBN   813"	"Or*"	"NAME IC 2087 IR"
"LBN   813"	"Or*"	"Ced  38"
"LBN   813"	"Or*"	"IC 2087"
"LBN   813"	"Or*"	"LBN 174.12-13.67"
"LBN   813"	"Or*"	"LBN   813"
"LBN   850"	"RNe"	"LBN   850"
"LBN   850"	"RNe"	"LBN   851"
"LBN   850"	"RNe"	"LBN 189.78-13.76"
"LBN   851"	"RNe"	"LBN   850"
"LBN   851"	"RNe"	"LBN   851"
"LBN   851"	"RNe"	"LBN 189.78-13.76"
"LBN 189.78-13.76"	"RNe"	"LBN   850"
"LBN 189.78-13.76"	"RNe"	"LBN   851"
"LBN 189.78-13.76"	"RNe"	"LBN 189.78-13.76"
"LBN  1027"	"RNe"	"LBN  1027"
"LBN  1027"	"RNe"	"LBN 223.68-01.86"
"LBN  1027"	"RNe"	"VDB  93"
"LBN  1027"	"RNe"	"IC 2177"
"LBN  1027"	"RNe"	"SH  2-292"
"LBN 223.68-01.86"	"RNe"	"LBN  1027"
"LBN 223.68-01.86"	"RNe"	"LBN 223.68-01.86"
"LBN 223.68-01.86"	"RNe"	"VDB  93"
"LBN 223.68-01.86"	"RNe"	"IC 2177"
"LBN 223.68-01.86"	"RNe"	"SH  2-292"
"LBN 117.68-03.69"	"RNe"	"LBN 117.68-03.69"
"LBN 117.68-03.69"	"RNe"	"LBN   578"
"LBN   578"	"RNe"	"LBN 117.68-03.69"
"LBN   578"	"RNe"	"LBN   578"
"LBN 077.61+01.59"	"HII"	"LBN 077.61+01.59"
"LBN 077.61+01.59"	"HII"	"LBN   234"
"LBN 077.61+01.59"	"HII"	"SH  2-108"
"LBN   234"	"HII"	"LBN 077.61+01.59"
"LBN   234"	"HII"	"LBN   234"
"LBN   234"	"HII"	"SH  2-108"
"LBN 090.45+01.84"	"RNe"	"LBN 090.45+01.84"
"LBN 090.45+01.84"	"RNe"	"LBN   411"
"LBN   411"	"RNe"	"LBN 090.45+01.84"
"LBN   411"	"RNe"	"LBN   411"
"LBN 090.38+02.21"	"RNe"	"LBN 090.38+02.21"
"LBN 090.38+02.21"	"RNe"	"LBN   409"
"LBN   409"	"RNe"	"LBN 090.38+02.21"
"LBN   409"	"RNe"	"LBN   409"
"LBN 090.34+02.39"	"RNe"	"LBN 090.34+02.39"
"LBN 090.34+02.39"	"RNe"	"LBN   408"
"LBN   408"	"RNe"	"LBN 090.34+02.39"
"LBN   408"	"RNe"	"LBN   408"
"LBN 213.87-12.18"	"RNe"	"Ced  68"
"LBN 213.87-12.18"	"RNe"	"LBN 213.87-12.18"
"LBN 213.87-12.18"	"RNe"	"LBN   998"
"LBN 213.87-12.18"	"RNe"	"NGC  2182"
"LBN   998"	"RNe"	"Ced  68"
"LBN   998"	"RNe"	"LBN 213.87-12.18"
"LBN   998"	"RNe"	"LBN   998"
"LBN   998"	"RNe"	"NGC  2182"
"LBN  1030"	"Ae*"	"VDB  88"
"LBN  1030"	"Ae*"	"LBN  1030"
"LBN  1030"	"Ae*"	"LBN 224.19-02.68"
"LBN  1030"	"Ae*"	"SH  2-293"
"LBN 224.19-02.68"	"Ae*"	"VDB  88"
"LBN 224.19-02.68"	"Ae*"	"LBN  1030"
"LBN 224.19-02.68"	"Ae*"	"LBN 224.19-02.68"
"LBN 224.19-02.68"	"Ae*"	"SH  2-293"
"LBN 169.02-15.54"	"RNe"	"LBN 169.02-15.54"
"LBN 169.02-15.54"	"RNe"	"LBN   782"
"LBN 169.02-15.54"	"RNe"	"Ced  30"
"LBN 169.02-15.54"	"RNe"	"IC  359a"
"LBN   782"	"RNe"	"LBN 169.02-15.54"
"LBN   782"	"RNe"	"LBN   782"
"LBN   782"	"RNe"	"Ced  30"
"LBN   782"	"RNe"	"IC  359a"
"LBN 203.74+01.20"	"Ae*"	"Ced  83"
"LBN 203.74+01.20"	"Ae*"	"LBN 203.74+01.20"
"LBN 203.74+01.20"	"Ae*"	"LBN   920"
"LBN 203.74+01.20"	"Ae*"	"NAME HUBBLE'S VAR NEB"
"LBN 203.74+01.20"	"Ae*"	"NGC  2261"
"LBN 203.74+01.20"	"Ae*"	"NAME Hubble's Nebula"
"LBN   920"	"Ae*"	"Ced  83"
"LBN   920"	"Ae*"	"LBN 203.74+01.20"
"LBN   920"	"Ae*"	"LBN   920"
"LBN   920"	"Ae*"	"NAME HUBBLE'S VAR NEB"
"LBN   920"	"Ae*"	"NGC  2261"
"LBN   920"	"Ae*"	"NAME Hubble's Nebula"
"LBN  1108"	"s*r"	"NAME Antares"
"LBN  1108"	"s*r"	"Ced 132"
"LBN  1108"	"s*r"	"LBN  1108"
"LBN  1108"	"s*r"	"LBN 351.88+15.11"
"LBN  1108"	"s*r"	"VDB 107"
"LBN 351.88+15.11"	"s*r"	"NAME Antares"
"LBN 351.88+15.11"	"s*r"	"Ced 132"
"LBN 351.88+15.11"	"s*r"	"LBN  1108"
"LBN 351.88+15.11"	"s*r"	"LBN 351.88+15.11"
"LBN 351.88+15.11"	"s*r"	"VDB 107"
"LBN 108.24+00.53"	"LP?"	"LBN 108.24+00.53"
"LBN 108.24+00.53"	"LP?"	"LBN   514"
"LBN 108.24+00.53"	"LP?"	"SH  2-146"
"LBN   514"	"LP?"	"LBN 108.24+00.53"
"LBN   514"	"LP?"	"LBN   514"
"LBN   514"	"LP?"	"SH  2-146"
"LBN 097.56+03.14"	"HII"	"LBN 097.56+03.14"
"LBN 097.56+03.14"	"HII"	"LBN   443"
"LBN 097.56+03.14"	"HII"	"PN A66   77"
"LBN 097.56+03.14"	"HII"	"SH  2-128"
"LBN   443"	"HII"	"LBN 097.56+03.14"
"LBN   443"	"HII"	"LBN   443"
"LBN   443"	"HII"	"PN A66   77"
"LBN   443"	"HII"	"SH  2-128"
"LBN 060.95-00.03"	"HII"	"LBN 060.95-00.03"
"LBN 060.95-00.03"	"HII"	"LBN   136"
"LBN 060.95-00.03"	"HII"	"SH  2-87"
"LBN   136"	"HII"	"LBN 060.95-00.03"
"LBN   136"	"HII"	"LBN   136"
"LBN   136"	"HII"	"SH  2-87"
"LBN 155.43+02.63"	"HII"	"LBN 155.43+02.63"
"LBN 155.43+02.63"	"HII"	"LBN   722"
"LBN 155.43+02.63"	"HII"	"SH  2-212"
"LBN   722"	"HII"	"LBN 155.43+02.63"
"LBN   722"	"HII"	"LBN   722"
"LBN   722"	"HII"	"SH  2-212"
"LBN 106.79+03.26"	"bub"	"LBN 106.79+03.26"
"LBN 106.79+03.26"	"bub"	"LBN   509"
"LBN 106.79+03.26"	"bub"	"SH  2-141"
"LBN   509"	"bub"	"LBN 106.79+03.26"
"LBN   509"	"bub"	"LBN   509"
"LBN   509"	"bub"	"SH  2-141"
"LBN  1041"	"HII"	"LBN  1041"
"LBN  1041"	"HII"	"LBN 227.66-00.09"
"LBN  1041"	"HII"	"NGC  2359"
"LBN  1041"	"HII"	"SH  2-298"
"LBN 227.66-00.09"	"HII"	"LBN  1041"
"LBN 227.66-00.09"	"HII"	"LBN 227.66-00.09"
"LBN 227.66-00.09"	"HII"	"NGC  2359"
"LBN 227.66-00.09"	"HII"	"SH  2-298"
"LBN 106.60+05.16"	"OpC"	"LBN 106.60+05.16"
"LBN 106.60+05.16"	"OpC"	"LBN   505"
"LBN 106.60+05.16"	"OpC"	"SH  2-140"
"LBN   505"	"OpC"	"LBN 106.60+05.16"
"LBN   505"	"OpC"	"LBN   505"
"LBN   505"	"OpC"	"SH  2-140"
"LBN 126.70-00.80"	"HII"	"LBN 126.70-00.80"
"LBN 126.70-00.80"	"HII"	"LBN   630"
"LBN 126.70-00.80"	"HII"	"SH  2-187"
"LBN   630"	"HII"	"LBN 126.70-00.80"
"LBN   630"	"HII"	"LBN   630"
"LBN   630"	"HII"	"SH  2-187"
"LBN 121.28-30.41"	"HII"	"LBN 121.28-30.41"
"LBN 121.28-30.41"	"HII"	"LBN   601"
"LBN   601"	"HII"	"LBN 121.28-30.41"
"LBN   601"	"HII"	"LBN   601"
"LBN    59"	"HII"	"LBN    59"
"LBN    59"	"HII"	"LBN 015.26+00.41"
"LBN 015.26+00.41"	"HII"	"LBN    59"
"LBN 015.26+00.41"	"HII"	"LBN 015.26+00.41"
"LBN 011.61-01.59"	"RNe"	"Ced 157b"
"LBN 011.61-01.59"	"RNe"	"LBN 011.61-01.59"
"LBN 011.61-01.59"	"RNe"	"LBN    46"
"LBN 011.61-01.59"	"RNe"	"NGC  6590"
"LBN 011.61-01.59"	"RNe"	"SH  2-37"
"LBN 011.61-01.59"	"RNe"	"VDB 119"
"LBN    46"	"RNe"	"Ced 157b"
"LBN    46"	"RNe"	"LBN 011.61-01.59"
"LBN    46"	"RNe"	"LBN    46"
"LBN    46"	"RNe"	"NGC  6590"
"LBN    46"	"RNe"	"SH  2-37"
"LBN    46"	"RNe"	"VDB 119"
"LBN   511"	"HII"	"SH  2-142"
"LBN   511"	"HII"	"LBN   511"
"LBN   511"	"HII"	"LBN 107.04-00.97"
"LBN   511"	"HII"	"NAME Wizard Nebula"
"LBN 107.04-00.97"	"HII"	"SH  2-142"
"LBN 107.04-00.97"	"HII"	"LBN   511"
"LBN 107.04-00.97"	"HII"	"LBN 107.04-00.97"
"LBN 107.04-00.97"	"HII"	"NAME Wizard Nebula"
"LBN   203"	"WR*"	"LBN   203"
"LBN   203"	"WR*"	"LBN 075.51+02.29"
"LBN   203"	"WR*"	"NGC  6888"
"LBN   203"	"WR*"	"NAME Crescent Nebula"
"LBN 075.51+02.29"	"WR*"	"LBN   203"
"LBN 075.51+02.29"	"WR*"	"LBN 075.51+02.29"
"LBN 075.51+02.29"	"WR*"	"NGC  6888"
"LBN 075.51+02.29"	"WR*"	"NAME Crescent Nebula"
"LBN   809"	"PN"	"LBN   809"
"LBN   809"	"PN"	"LBN 173.80-05.83"
"LBN 173.80-05.83"	"PN"	"LBN   809"
"LBN 173.80-05.83"	"PN"	"LBN 173.80-05.83"
