_RAJ2000	_DEJ2000	ACO	Dclass	z	m10
deg	deg	 	 	 	mag
--------	--------	----	-	-------	----
001.8930	+16.5116	   1	5	 0.1249	17.1
002.1126	-19.6384	   2	6	       	17.3
002.3164	 +4.0282	   3	5	       	17.0
002.3419	 +6.7782	   4	6	       	17.8
002.5728	+33.0948	   5	5	       	17.1
002.6192	+17.6948	   6	6	       	17.5
002.9237	+32.4113	   7	5	 0.1073	17.1
003.0381	-11.1886	   8	5	       	17.2
003.0929	 +9.4613	   9	6	       	18.0
003.2142	 -5.9887	  10	5	       	17.2
003.1866	-16.4386	  11	5	       	17.2
003.3387	 -7.6054	  12	5	       	17.2
003.4104	-19.5054	  13	5	       	16.6
003.8082	-23.8888	  14	3	 0.0640	15.2
003.8074	-26.0221	  15	6	 0.1210	17.4
004.1929	 +6.7444	  16	5	 0.0838	17.0
004.2436	 +8.7944	  17	6	       	17.6
004.2647	 -2.7890	  18	5	       	17.1
004.7133	 -6.1891	  19	6	       	17.8
004.9064	-22.6225	  20	5	       	17.1
005.1284	+28.6273	  21	4	 0.0948	16.2
005.1793	-25.7059	  22	6	 0.1432	17.5
005.4403	 -0.8894	  23	5	 0.1052	17.0
005.6267	+23.2938	  24	6	 0.1338	17.5
005.7656	 -0.1562	  25	6	       	17.8
005.8356	+36.8437	  26	6	       	17.4
006.2048	-20.7064	  27	5	       	16.5
006.2948	 +8.1268	  28	6	       	17.6
006.7403	+38.5599	  29	6	       	17.5
006.6840	-12.1900	  30	6	       	17.8
006.7787	+22.6266	  31	6	 0.1596	17.7
006.7356	 -9.1067	  32	6	       	18.0
006.7795	-19.5067	  33	6	       	17.9
006.8108	 -8.8068	  34	6	       	18.0
006.8530	-21.6734	  35	5	       	17.1
006.9084	-12.7901	  36	6	       	17.6
006.9846	-10.5235	  37	6	       	18.0
007.0988	+13.9264	  38	6	       	17.6
007.0840	-11.3902	  39	6	       	18.0
007.1504	+16.3930	  40	6	       	17.5
007.1952	 +7.8430	  41	6	 0.2750	17.6
007.1511	-23.6403	  42	5	 0.1087	17.1
007.2262	+17.5763	  43	4	 0.1114	15.9
007.3979	+12.0262	  44	5	 0.0559	17.0
007.4581	-12.2905	  45	6	       	17.8
007.5576	-12.8738	  46	6	 0.1500	17.6
007.6497	-24.1572	  47	6	       	17.5
007.7987	+12.5426	  48	6	       	17.6
007.8582	-11.4240	  49	6	       	18.0
007.8507	-22.2240	  50	6	       	17.4
007.8995	-23.6574	  51	6	       	17.4
007.9576	-12.1908	  52	6	       	18.0
008.1606	 -7.5576	  53	5	       	17.2
008.4354	+26.7422	  54	6	       	17.7
008.4950	 +6.3255	  55	5	       	17.2
008.4602	 -7.7911	  56	6	       	18.0
008.4844	 -8.9078	  57	6	       	17.6
008.5109	 -6.7578	  58	5	       	17.2
008.6140	+30.2754	  59	6	       	17.5
008.7391	+30.0253	  60	6	       	17.9
008.6982	-23.1913	  61	6	       	17.7
008.8309	+20.3919	  62	5	       	17.1
008.9646	+49.6918	  63	4	       	16.1
009.1302	+18.9084	  64	6	       	17.5
009.2305	+19.0750	  65	6	       	17.5
009.1617	 -5.1749	  66	6	       	17.8
009.2557	+19.2583	  67	6	       	17.5
009.2475	 +9.1416	  68	6	       	18.0
009.4051	+18.3415	  69	5	       	17.1
009.3349	 -7.4251	  70	6	       	17.5
009.4406	+29.5915	  71	3	 0.0724	15.5
009.6366	+45.7246	  72	4	       	16.3
009.5730	 +9.4247	  73	6	       	18.0
009.7219	-22.3087	  74	4	       	15.9
009.9587	+21.2577	  75	3	 0.0626	15.5
009.9461	 +6.7744	  76	3	 0.0416	15.0
010.1424	+29.5242	  77	5	 0.0719	16.5
010.1394	+26.7409	  78	6	       	17.9
010.1561	+18.1409	  79	5	 0.0927	17.1
010.0938	-24.6757	  80	5	       	17.1
010.2602	+22.2741	  81	6	       	17.7
010.3385	+25.4074	  82	5	       	17.1
010.3527	+14.0407	  83	6	       	17.8
010.4598	+21.4073	  84	6	 0.1030	17.6
010.4076	 -9.3426	  85	4	 0.0518	15.7
010.6206	-21.7928	  86	4	 0.0610	15.9
010.7569	 -9.7929	  87	5	       	16.6
010.7160	-26.0429	  88	6	 0.1086	17.6
010.7822	 -9.4263	  89	5	       	16.6
010.8425	 +2.1737	  90	5	       	17.2
010.8061	-10.6263	  91	6	       	17.6
010.9349	+20.6569	  92	6	       	17.9
010.9235	-18.4597	  93	5	       	16.9
011.3134	 -2.3268	  94	5	       	17.2
011.4648	 -0.8602	  95	5	 0.1115	17.2
011.6103	+39.5063	  96	6	 0.1344	17.4
011.4675	-23.1602	  97	5	       	17.1
011.6109	+20.4896	  98	5	 0.1050	16.9
011.6981	-17.6438	  99	5	       	17.1
011.8131	 -2.5106	 100	6	       	17.7
011.8897	 -0.9106	 101	5	       	17.2
012.1669	 +1.3724	 102	3	 0.0632	15.4
012.3096	 -5.8444	 103	5	       	17.2
012.4422	+24.5221	 104	4	 0.0822	15.9
012.3857	 -4.7278	 105	5	       	17.2
012.6033	-11.6780	 106	5	       	17.2
012.5699	-19.2446	 107	5	       	17.1
012.7587	 -6.5448	 108	5	       	17.2
013.1157	+22.2214	 109	6	       	17.7
013.1972	 +6.1213	 110	5	       	17.2
013.2101	 -5.0120	 111	5	       	17.2
013.4147	 -0.7956	 112	5	       	17.2
013.3855	 -4.6122	 113	6	       	17.5
013.4154	-21.6789	 114	4	 0.0566	15.9
013.9980	+26.3204	 115	6	 0.1971	17.3
013.9663	 +0.6372	 116	4	 0.0665	15.7
014.0039	-10.0295	 117	4	 0.0535	16.0
013.9329	-26.4128	 118	5	       	16.5
014.0891	 -1.2630	 119	3	 0.0440	15.0
014.2707	-16.4132	 120	5	       	17.2
014.3822	 -7.0133	 121	4	 0.1048	16.0
014.3571	-26.2799	 122	5	       	17.1
014.5979	-14.3969	 123	5	       	17.2
014.8540	+42.3694	 124	6	       	17.5
015.0335	+14.2692	 125	5	 0.1880	17.2
014.9477	-14.2140	 126	5	       	16.6
014.9849	-23.4640	 127	6	       	17.7
015.1241	-12.9642	 128	5	       	17.0
015.2529	 -9.9644	 129	6	       	17.8
015.3903	 -0.1479	 130	5	       	17.2
015.5462	-14.7814	 131	5	       	17.2
015.7532	+27.0183	 132	6	       	17.7
015.6610	-21.7982	 133	4	 0.0604	15.9
015.7622	 -2.5317	 134	4	 0.0699	16.0
015.8095	-22.5817	 135	6	       	17.7
016.0257	+25.0679	 136	6	 0.1569	17.5
016.1270	+25.7345	 137	6	       	17.5
016.3371	+43.1009	 138	6	       	17.5
016.3469	+36.3842	 139	6	       	17.5
016.1317	-23.9655	 140	6	 0.1520	17.5
016.4051	-24.5992	 141	6	 0.2300	17.7
016.5418	 +0.9506	 142	6	       	18.0
016.6791	+26.2337	 143	6	       	17.5
016.5857	-20.8661	 144	6	       	17.9
016.6872	 -2.4496	 145	6	       	17.6
016.8747	-11.2498	 146	6	       	17.6
017.0435	 +2.1666	 147	3	 0.0438	15.0
016.9968	-13.1833	 148	5	       	17.2
017.3428	+43.5995	 149	6	       	17.5
017.3095	+13.1662	 150	5	 0.0596	16.6
017.2182	-15.4170	 151	3	 0.0526	15.0
017.4609	+13.9826	 152	5	       	17.2
017.4230	 +5.2327	 153	6	       	17.6
017.7420	+17.6656	 154	3	 0.0658	15.6
017.5772	-24.8175	 155	6	       	17.5
017.9460	+33.4486	 156	5	       	16.9
017.7690	-14.4011	 157	5	       	16.9
017.9410	+16.8820	 158	4	 0.0645	15.9
017.9927	-15.1014	 159	5	       	17.2
018.2142	+15.5149	 160	4	 0.0447	15.7
018.7074	+37.4141	 161	4	       	16.4
018.5449	 +2.8811	 162	5	       	16.6
018.6557	+24.7309	 163	6	       	17.5
018.5848	 -3.7523	 164	6	       	17.6
018.8469	+32.5973	 165	6	       	17.5
018.6399	-16.2691	 166	6	 0.1156	17.7
018.8557	+24.4806	 167	6	       	17.5
018.7909	 +0.2473	 168	3	 0.0452	15.4
019.1184	+41.1135	 169	5	       	16.7
019.0362	+13.0970	 170	6	       	17.7
019.1917	+16.2634	 171	4	 0.0706	15.9
019.2456	 +3.2466	 172	5	       	16.9
019.6899	+38.9959	 173	6	       	17.4
019.9577	+35.8122	 174	4	       	15.8
019.8902	+14.8789	 175	5	 0.1287	17.0
019.9021	 -8.1377	 176	6	       	17.6
020.0044	-21.0212	 177	6	       	17.5
020.4504	+20.0780	 178	5	       	17.1
020.4493	+19.4780	 179	3	 0.0547	15.3
020.4705	 +3.0113	 180	5	 0.1350	17.0
020.4910	 +0.2946	 181	5	       	17.2
020.5538	 -6.9222	 182	6	       	17.6
020.4768	-21.9054	 183	5	       	16.5
020.6629	+13.0443	 184	6	       	17.8
020.6024	-21.4722	 185	5	       	17.1
020.6726	-10.4224	 186	5	 0.1029	17.2
020.6317	-19.2223	 187	6	       	17.5
020.6935	-12.7724	 188	5	 0.1230	17.2
020.9183	 +1.6439	 189	4	 0.0335	15.7
020.9234	 -9.8561	 190	5	 0.1015	17.2
021.1031	+20.9102	 191	6	       	17.5
021.0732	 +4.4770	 192	6	       	17.6
021.2807	 +8.6933	 193	4	 0.0482	16.0
021.3878	 -1.5069	 194	1	 0.0178	13.9
021.7257	+19.1758	 195	3	 0.0422	15.3
021.8091	+23.2090	 196	6	       	17.5
021.6822	-18.1074	 197	5	       	17.1
021.7604	-16.4409	 198	6	       	17.8
021.7827	-17.7909	 199	6	       	17.5
021.9934	+15.2087	 200	5	       	17.1
022.0209	+16.5253	 201	5	       	17.1
021.9786	 +7.2754	 202	6	       	17.8
022.0688	 +1.8752	 203	5	       	17.0
022.1531	 -6.7916	 204	6	 0.1557	17.5
022.2518	 +6.2082	 205	6	       	17.6
022.1158	-25.5915	 206	6	       	17.5
022.2859	 -2.4919	 207	5	       	17.2
022.8914	 +0.5404	 208	5	       	16.6
022.9895	-13.5765	 209	6	 0.2060	17.8
023.0629	-25.9766	 210	6	       	17.5
023.2078	 -4.0102	 211	5	       	17.2
023.5741	 +4.4891	 212	5	       	17.2
023.8572	+20.6219	 213	6	       	17.7
023.5865	-26.0943	 214	6	       	17.5
023.8422	-23.4448	 215	6	       	17.5
024.1778	 -6.4121	 216	5	 0.1158	17.2
024.1495	 -8.0454	 217	5	 0.1126	17.0
024.1441	-10.7454	 218	6	       	17.8
024.3337	 +9.1543	 219	5	       	17.2
024.3312	 +7.9376	 220	6	       	17.5
024.5278	+18.1372	 221	6	       	17.7
024.3643	-12.9791	 222	6	 0.2110	17.6
024.4896	-12.7794	 223	6	 0.2070	17.6
024.5765	 -6.9462	 224	5	 0.1617	17.0
024.7297	+18.8868	 225	4	 0.0692	15.9
024.7446	-10.2466	 226	6	 0.1282	17.6
024.9535	+18.1864	 227	6	       	17.7
024.7950	-10.0467	 228	6	 0.1289	17.6
024.8581	 -3.6301	 229	5	       	16.6
024.8672	-11.3635	 230	6	       	17.6
025.1436	+24.5193	 231	6	       	17.9
025.0191	-10.3638	 232	6	 0.1874	17.6
025.0867	 -1.8306	 233	5	       	17.2
025.2556	+18.9191	 234	6	 0.1731	17.9
025.0538	-17.4139	 235	6	       	17.5
025.1159	-11.8473	 236	5	 0.1874	17.2
025.2410	 +0.2691	 237	5	       	16.6
025.2155	-23.0475	 238	6	       	17.5
025.3408	-11.7811	 239	6	       	17.6
025.4812	 +7.6186	 240	3	 0.0618	15.6
025.4060	-16.2479	 241	6	       	17.6
025.4852	-14.3147	 242	6	       	18.0
025.6189	-10.2317	 243	5	 0.1117	16.6
026.0558	+18.4841	 244	6	       	17.6
026.0289	 +6.3841	 245	4	 0.0790	16.4
026.1777	 +5.8005	 246	4	 0.0700	16.4
026.3041	+17.6336	 247	5	       	16.9
026.2106	 -2.2663	 248	6	       	17.6
026.6854	+20.0494	 249	6	       	17.7
026.7597	+19.6826	 250	6	       	17.7
026.5996	 -7.3004	 251	5	       	17.2
026.6596	 -2.7005	 252	6	       	17.8
026.9624	+20.6488	 253	6	       	17.9
026.8083	 -3.2842	 254	6	       	17.6
026.8361	 -1.9843	 255	5	       	17.2
026.9070	 -3.8511	 256	5	       	17.0
027.2468	+13.9815	 257	5	 0.0706	16.9
027.5205	+23.4643	 258	6	       	17.7
027.5633	-11.9859	 259	5	 0.1273	17.2
027.9746	+33.1633	 260	4	 0.0348	15.8
027.8604	 -2.2365	 261	5	 0.0467	17.2
028.2102	+36.1461	 262	1	 0.0161	13.3
028.3406	+37.5624	 263	6	       	17.8
027.9529	-25.7701	 264	6	       	17.7
028.0994	 -7.0204	 265	6	       	17.6
028.1560	 -4.1372	 266	5	       	17.2
028.2178	 +1.0460	 267	5	       	16.6
028.3378	 -1.1209	 268	5	       	16.6
028.3805	 -4.3210	 269	5	       	17.2
028.4589	 -2.8212	 270	6	       	17.6
028.5194	 +1.7620	 271	5	       	16.6
028.8296	+33.9447	 272	5	 0.0877	16.8
028.5330	-23.5381	 273	6	       	17.7
028.6759	 -6.2717	 274	4	 0.1289	16.3
028.9502	+14.6610	 275	5	       	17.1
029.2836	+41.3603	 276	4	       	16.3
028.9481	 -7.3723	 277	3	 0.0947	15.6
029.3252	+32.2268	 278	3	 0.0896	15.6
029.0929	 +1.0607	 279	5	 0.0797	17.2
029.1362	 -1.7728	 280	6	       	17.4
029.2766	 -5.8398	 281	5	 0.0880	17.0
029.2414	-10.1064	 282	6	       	17.8
029.2358	-22.0397	 283	5	       	17.1
029.4639	 -0.6402	 284	6	       	17.5
029.4815	 -3.7403	 285	5	       	17.2
029.6112	 -1.7739	 286	5	       	17.2
030.0963	 -7.8584	 287	5	       	17.2
030.4368	+18.4241	 288	6	       	17.5
030.1767	-24.6253	 289	6	       	17.5
030.5441	+21.0239	 290	5	       	16.5
030.4101	 -2.1758	 291	6	       	17.8
030.6139	+19.0904	 292	5	       	16.5
030.4996	 +3.7740	 293	6	 0.1631	17.3
030.5536	 +5.4072	 294	6	       	17.6
030.6127	 -1.0763	 295	5	       	16.6
030.6077	 -3.1263	 296	6	       	17.6
030.5232	-25.5761	 297	6	       	17.5
030.6922	 -9.3432	 298	5	       	17.2
031.1912	 +0.3223	 299	6	       	17.6
031.3365	+17.8553	 300	6	       	17.7
031.3351	 -2.0948	 301	6	       	18.0
031.3740	-24.7616	 302	6	       	17.9
031.5570	 -3.3120	 303	5	       	16.6
031.6267	 +4.4878	 304	6	       	17.6
031.6268	-14.9122	 305	6	       	17.8
031.7850	-11.7959	 306	6	       	17.8
032.0174	+10.4702	 307	6	       	17.5
032.0068	 -3.3465	 308	5	       	17.2
032.0730	 +3.0034	 309	6	       	17.8
032.1294	 +5.4699	 310	6	       	17.6
032.2931	+19.7195	 311	5	       	16.5
032.4030	 +4.8692	 312	6	       	17.5
032.5229	 +2.9022	 313	6	       	17.6
032.4065	-12.8975	 314	6	       	17.6
032.5128	 -0.9978	 315	6	       	17.5
032.4798	-13.4810	 316	5	       	17.2
032.5431	 -8.5312	 317	6	       	17.6
033.2154	+26.4338	 318	5	       	16.9
032.9581	-12.0990	 319	6	       	17.6
033.2871	+25.3836	 320	6	       	17.7
032.9164	 +0.3845	 321	6	       	17.6
033.3853	 +7.5000	 322	6	       	17.6
033.4077	 -2.8668	 323	6	       	17.5
033.4363	 -1.5335	 324	6	       	17.5
033.2438	-25.2831	 325	6	       	17.9
033.4214	 -7.1168	 326	5	       	17.0
033.2660	-26.1165	 327	6	       	17.9
033.4720	 -6.8670	 328	6	       	17.3
033.6782	 -4.5342	 329	5	       	17.2
033.8434	+10.3321	 330	5	       	17.2
033.8963	+11.3653	 331	5	       	17.1
033.8781	-13.6014	 332	6	       	17.6
034.1622	+16.8479	 333	6	       	17.6
034.0790	 -4.2019	 334	6	       	17.5
034.0321	-12.1518	 335	6	       	17.6
034.1596	 -2.1188	 336	5	       	17.2
034.4646	+17.5137	 337	6	       	17.6
034.3843	-11.2694	 338	6	       	17.6
034.4403	 -9.1029	 339	6	       	17.8
034.6051	-12.6700	 340	6	       	17.6
034.7428	-16.8038	 341	6	       	17.8
034.9479	 +2.7291	 342	6	       	17.7
034.7771	-21.8539	 343	6	       	17.7
035.4279	+21.3611	 344	6	       	17.4
035.3539	+13.5946	 345	6	       	17.5
035.6200	+26.3939	 346	5	       	16.9
036.4620	+41.8749	 347	1	 0.0187	13.3
035.9908	 -8.5906	 348	6	 0.2740	18.0
036.5883	+36.8245	 349	6	       	17.3
036.2620	 -9.8247	 350	6	       	17.5
036.3402	 -8.7249	 351	5	       	16.9
037.0340	 -2.1769	 352	6	       	17.6
036.8730	-22.0598	 353	6	       	17.7
037.1445	 +1.4228	 354	6	       	17.6
037.0551	-11.9270	 355	6	       	18.0
037.2784	 +4.4724	 356	6	       	17.8
037.3547	+13.2389	 357	5	       	16.8
037.5508	-13.1951	 358	3	 0.0576	15.6
037.7237	 +2.8211	 359	6	       	18.0
037.8361	 +6.9875	 360	6	       	17.8
037.8739	 +2.8874	 361	6	       	17.6
037.9009	 -4.8628	 362	6	       	17.7
038.1938	 +9.4531	 363	5	       	17.1
038.7918	 +8.6846	 364	5	       	17.1
038.9110	 -1.4158	 365	6	       	17.4
038.9238	 -5.4325	 366	6	       	17.6
039.1538	-19.3832	 367	5	       	16.5
039.3528	-26.5005	 368	6	       	17.5
039.9294	 -3.5356	 369	6	       	17.8
039.9604	 -1.5857	 370	6	 0.3730	17.8
040.2798	-11.2200	 371	5	       	17.0
040.9019	+41.8449	 372	4	       	15.7
040.8613	+27.9950	 373	6	       	17.7
040.8787	 +4.2448	 374	6	       	17.8
041.2164	+29.0605	 375	6	       	17.8
041.4522	+36.8598	 376	3	 0.0489	15.4
041.5118	+27.8096	 377	6	       	17.7
041.2555	 -3.0897	 378	6	       	17.6
041.3762	 +3.4099	 379	6	       	17.6
041.1005	-26.2560	 380	5	       	16.9
041.4883	 -0.6405	 381	6	       	17.6
041.7792	 +4.3086	 382	5	       	17.2
042.0290	 -3.4922	 383	6	       	17.6
042.0580	 -2.2756	 384	6	       	18.0
041.9163	-21.8086	 385	6	       	17.9
042.5075	-17.1605	 386	5	       	17.2
043.1161	+28.1044	 387	6	       	17.6
042.9029	 -3.7617	 388	6	       	17.6
042.8278	-24.9116	 389	4	 0.1160	15.9
043.1897	-14.9627	 390	6	       	18.0
043.3820	 -2.4966	 391	6	       	17.6
043.5818	 +4.9361	 392	6	       	17.4
043.6034	 +3.9193	 393	5	       	17.1
043.4655	-14.6470	 394	6	       	17.8
043.6303	-10.3808	 395	6	       	17.6
044.3866	+41.6002	 396	5	       	16.6
044.2454	+15.9506	 397	3	 0.0325	15.1
044.0363	-15.6822	 398	6	       	17.8
044.4851	+13.0164	 399	3	 0.0715	15.6
044.4108	 +6.0333	 400	1	 0.0232	13.9
044.7373	+13.5822	 401	3	 0.0748	15.6
044.4115	-22.1168	 402	6	       	17.9
044.8022	 +3.4986	 403	6	 0.1033	17.5
045.2882	+41.3972	 404	5	       	16.8
045.2421	+37.7473	 405	6	       	17.5
044.6958	-19.6178	 406	6	       	17.7
045.4323	+35.8300	 407	2	 0.0470	14.7
045.6657	+32.4125	 408	6	       	17.4
045.8218	 +1.8784	 409	6	       	17.8
045.9785	 +3.7946	 410	5	 0.0897	16.9
046.1438	 +1.0106	 411	6	       	17.6
046.5647	 -0.1742	 412	6	       	17.5
046.6482	 +2.2589	 413	6	       	17.5
046.5135	-14.4574	 414	6	       	17.5
046.6973	-12.0414	 415	4	 0.0788	16.3
046.8046	-16.7251	 416	6	       	17.7
046.8878	-14.5587	 417	6	       	17.8
047.0657	-13.7260	 418	6	       	17.8
047.1263	-23.6429	 419	4	 0.0406	15.7
047.3238	-11.5269	 420	5	       	16.8
047.6507	 +9.8054	 421	5	       	17.1
047.5754	-11.0445	 422	6	       	17.6
047.8212	-12.1120	 423	5	 0.0797	16.6
048.0558	 -2.6461	 424	6	       	17.5
048.9719	-11.7328	 425	6	       	17.8
049.6516	+41.5150	 426	0	 0.0183	12.5
049.5596	+34.4486	 427	6	       	17.7
048.9928	-19.0996	 428	5	       	16.5
049.9236	+36.8140	 429	6	       	17.7
050.3817	-15.3381	 430	6	       	17.7
050.4018	-16.5548	 431	6	       	17.4
051.0184	 -5.8071	 432	6	       	17.8
051.1396	 -6.7908	 433	6	       	17.8
051.2543	 -9.4580	 434	6	       	17.6
051.4939	 -5.6255	 435	6	       	17.8
051.6753	 +9.1572	 436	5	       	17.1
051.7050	 -2.7263	 437	5	       	16.5
052.1523	 -9.8447	 438	5	       	17.2
052.6169	+24.7871	 439	5	 0.1063	17.0
052.2992	-10.6119	 440	5	       	17.2
052.6384	 -6.9632	 441	6	       	17.6
052.5898	-12.9131	 442	6	       	17.6
052.8911	 -6.2475	 443	6	       	17.9
053.8532	 +3.2988	 444	6	       	17.5
054.1291	 -2.8690	 445	6	       	17.5
054.3058	 -2.4197	 446	6	       	17.5
054.4951	 -5.1204	 447	6	       	17.7
054.6708	-11.1212	 448	6	       	17.6
057.3897	+75.1864	 449	4	 0.0803	16.2
055.4144	+23.4928	 450	4	 0.0607	16.4
055.5306	 -2.4245	 451	6	       	17.5
056.4471	 +1.6885	 452	6	       	17.9
056.1813	-20.0273	 453	6	       	17.9
056.3121	-12.9777	 454	6	       	17.5
056.6473	 +7.8711	 455	6	       	17.9
056.3529	-20.7280	 456	6	       	17.5
056.4056	-20.1282	 457	6	       	17.9
056.4609	-24.2784	 458	5	 0.1050	17.2
056.5297	-20.2953	 459	6	       	17.7
056.6588	-13.6958	 460	6	       	17.5
057.2096	+27.1356	 461	6	       	17.6
057.0661	-17.6642	 462	6	       	17.5
057.2979	-21.5818	 463	6	       	17.9
057.3652	-17.8154	 464	6	       	17.7
057.7412	 +6.2999	 465	6	 0.0855	17.7
058.0761	+25.2320	 466	6	       	17.5
057.5694	-22.2662	 467	6	       	17.5
058.1827	+21.4149	 468	6	 0.1325	17.4
057.9944	-22.1680	 469	6	       	17.9
058.7959	 -4.6712	 470	5	       	16.9
059.8821	-13.6424	 471	6	       	17.6
060.9157	-17.0968	 472	6	       	17.5
061.1138	-17.4643	 473	6	       	17.7
062.9662	-16.6889	 474	5	       	17.1
062.2247	 -9.3857	 475	6	       	17.9
062.8414	-11.2050	 476	6	       	17.6
063.0323	 -1.8724	 477	6	       	17.5
063.3362	+10.4764	 478	6	 0.0900	17.4
063.5755	 -3.4248	 479	6	       	17.5
063.7697	 +0.9911	 480	6	 0.0473	17.6
063.8717	 -9.9428	 481	6	       	17.9
064.1311	 -2.1272	 482	6	       	17.5
064.0144	-11.5267	 483	6	       	17.9
064.0818	 -7.6603	 484	5	 0.0386	16.9
064.4114	 +4.8050	 485	6	       	17.7
065.6185	 -4.9337	 486	6	       	17.5
065.7013	-24.2509	 487	5	       	17.0
066.1669	 -5.2695	 488	6	       	17.6
066.5949	 -4.5880	 489	6	       	17.7
066.7189	-20.7054	 490	5	       	17.0
067.3678	 -5.0415	 491	6	       	17.7
070.0463	+76.5155	 492	6	       	17.7
070.2346	+73.7976	 493	5	       	17.0
067.7054	 -7.7430	 494	6	       	17.3
067.4881	-26.3589	 495	5	       	17.0
068.4046	-13.2462	 496	3	 0.0320	15.3
069.2141	+10.6337	 497	5	       	17.0
069.4412	+21.1994	 498	5	       	16.7
069.2936	-20.4170	 499	6	       	17.8
069.7345	-22.1023	 500	4	 0.0666	15.8
070.5040	 +8.3944	 501	6	       	17.4
072.6075	+69.7863	 502	5	       	16.8
070.3594	-17.1885	 503	6	       	17.7
070.7967	 +6.8098	 504	6	       	17.4
075.0531	+80.0101	 505	3	 0.0543	15.2
070.8205	 -9.7072	 506	6	 0.1561	17.5
070.8027	-18.4738	 507	6	       	17.4
071.4746	 +2.0066	 508	6	 0.1479	17.4
071.9260	 +2.2879	 509	6	 0.0836	17.4
071.6890	-21.0113	 510	6	       	17.6
071.6650	-25.4112	 511	5	       	17.0
071.8781	-18.2788	 512	5	       	17.0
072.0452	 -9.7128	 513	6	 0.1491	17.5
071.9170	-20.4290	 514	3	 0.0731	15.2
072.3940	 +6.1691	 515	5	       	16.8
072.5243	 -8.8150	 516	6	 0.1407	17.5
072.6223	 -9.2321	 517	6	 0.2244	17.6
072.8402	-10.7165	 518	6	 0.1804	17.5
073.4436	 +0.6808	 519	5	       	17.0
073.5791	 +2.9469	 520	6	 0.2030	17.4
073.5422	-10.2531	 521	6	       	17.6
074.2617	 -6.1397	 522	5	       	17.0
074.7568	 +8.7748	 523	5	       	16.7
074.4445	-19.7074	 524	5	       	16.7
074.8788	 +8.1409	 525	5	       	17.2
074.9660	 +5.4404	 526	4	 0.0541	16.4
077.5650	+73.6969	 527	4	 0.0794	15.7
074.8229	 -9.0090	 528	6	 0.2896	17.5
075.1695	 +6.1728	 529	5	       	17.0
075.1364	 -0.8604	 530	7	       	18.2
075.3238	 -3.5447	 531	5	       	17.0
075.7975	+11.9533	 532	6	       	17.5
075.3784	-22.6118	 533	4	 0.0472	15.8
078.8335	+73.5076	 534	5	       	17.0
076.8782	 -2.5853	 535	6	       	17.4
076.9464	 -9.2357	 536	5	       	17.0
081.1635	+73.8799	 537	6	       	17.5
078.8138	-15.6946	 538	6	       	17.4
079.1464	 +6.4540	 539	2	 0.0205	14.4
081.3832	-25.6904	 540	6	       	17.6
083.5166	+64.4010	 541	6	       	17.5
084.4833	+64.0297	 542	6	       	17.5
082.6517	-22.4131	 543	5	       	16.9
082.7312	-25.9469	 544	6	       	17.5
083.0842	-11.5317	 545	5	 0.1540	17.0
085.6265	+66.4576	 546	6	       	17.3
084.3443	-14.4212	 547	5	       	17.0
086.7573	-25.6163	 548	1	 0.0410	13.7
089.1564	+65.6905	 549	6	       	17.3
088.1584	-21.0731	 550	5	       	16.7
088.7266	-17.7425	 551	6	       	17.5
092.3579	+76.3095	 552	6	       	17.8
093.1560	+48.6037	 553	3	 0.0670	15.3
094.6838	+67.4304	 554	5	       	17.0
094.3044	-17.2529	 555	6	       	17.4
097.1436	+67.0352	 556	5	       	16.7
097.5692	+69.2166	 557	5	       	17.0
099.7004	+73.5902	 558	5	       	17.0
100.0333	+69.6882	 559	4	 0.0757	15.8
100.7401	+67.8679	 560	6	       	17.6
100.9804	+69.0169	 561	5	       	17.0
102.9853	+69.2740	 562	5	 0.1100	17.0
104.4715	+69.0170	 563	5	       	17.0
105.1748	+69.8137	 564	4	 0.0779	16.2
106.8534	+71.7560	 565	5	       	16.5
106.1244	+63.2921	 566	4	 0.0984	16.4
105.3893	+32.8281	 567	5	       	16.9
106.9030	+35.0377	 568	3	 0.0751	15.4
107.2934	+48.6195	 569	1	 0.0196	13.8
109.5850	+70.4766	 570	6	       	18.0
109.7216	+71.8761	 571	6	       	17.6
108.5394	+54.6639	 572	5	       	17.0
109.3542	+67.5274	 573	6	       	17.6
110.0035	+70.9580	 574	6	       	17.4
112.5763	+79.1810	 575	5	       	17.0
110.3506	+55.7389	 576	2	 0.0381	14.4
113.2876	+78.9277	 577	6	       	17.5
111.2552	+66.9853	 578	5	       	17.0
110.3363	+36.7385	 579	6	       	17.6
111.4702	+41.4168	 580	5	       	16.8
111.4168	+11.0999	 581	6	       	17.3
112.0487	+41.9642	 582	4	       	16.4
112.2073	+43.0301	 583	6	       	17.6
112.1458	+26.6802	 584	6	       	17.3
112.7386	+40.8444	 585	5	       	17.0
113.0741	+31.6260	 586	6	 0.1710	17.4
113.2520	+39.4420	 587	5	       	16.6
114.7391	+69.9532	 588	5	 0.1600	17.1
115.3234	+63.4835	 589	5	       	17.1
114.3709	+35.2703	 590	6	       	17.8
115.5093	+43.9654	 591	5	       	16.8
115.6574	 +9.3643	 592	3	 0.0624	15.0
117.9939	+72.8225	 593	6	 0.2260	17.4
116.1899	+11.0620	 594	6	       	17.5
117.2103	+52.0748	 595	3	 0.0666	15.6
119.1753	+72.6174	 596	5	       	17.2
117.9910	+35.3545	 597	5	       	17.0
117.7196	+17.6554	 598	6	       	17.4
119.3735	+68.8495	 599	5	       	17.2
119.0879	+63.7505	 600	5	       	16.5
118.3588	+34.3195	 601	6	       	17.6
118.3293	+29.3529	 602	4	       	15.8
118.9544	+33.7503	 603	5	       	16.8
119.8115	+61.3639	 604	5	       	17.1
119.0675	+27.3998	 605	5	       	16.7
119.2678	+35.9490	 606	6	       	17.7
119.3657	+39.3320	 607	5	       	16.9
120.5561	+63.7609	 608	5	       	17.1
120.5760	+63.5275	 609	5	       	17.1
119.8151	+27.1132	 610	4	       	16.4
120.2420	+36.0782	 611	6	       	17.9
120.2589	+34.8115	 612	5	       	16.5
120.6330	+45.1434	 613	6	       	17.5
120.2691	+17.9612	 614	5	       	17.0
120.6896	+31.7263	 615	6	       	17.7
121.0713	+46.8082	 616	5	       	17.1
123.5375	+77.3163	 617	6	       	17.7
122.2412	+67.5540	 618	6	       	17.3
120.6566	 -2.2073	 619	5	       	16.8
121.4356	+45.6900	 620	6	       	17.4
122.8160	+70.0185	 621	6	       	17.3
121.8553	+48.0217	 622	6	       	17.4
121.4120	 -0.9437	 623	5	 0.0871	16.9
124.4395	+76.8626	 624	6	       	17.8
127.0423	+82.3703	 625	5	       	16.7
122.6641	+49.2017	 626	5	       	17.1
122.3297	+34.7195	 627	6	       	17.4
122.5324	+35.2187	 628	4	       	15.9
123.7515	+66.4311	 629	5	 0.1380	17.1
122.7657	+40.3178	 630	5	       	16.9
122.8116	+35.9675	 631	5	       	17.1
122.4112	 +4.9188	 632	5	       	17.2
123.8637	+63.7472	 633	5	       	17.1
123.6404	+58.0479	 634	3	 0.0267	14.9
122.7865	+16.7174	 635	5	       	17.0
125.1825	+72.7424	 636	5	       	16.8
123.7531	+48.3805	 637	6	       	17.5
123.2717	+13.4321	 638	5	       	17.0
124.9837	+67.9095	 639	6	 0.2910	17.7
124.3478	+29.7112	 640	6	       	17.5
123.6630	+22.6306	 641	6	       	17.5
124.7739	+30.0428	 642	6	       	17.7
124.8906	+52.4927	 643	5	       	17.1
124.3602	 -7.5892	 644	4	 0.0704	16.2
125.6364	+56.5731	 645	6	       	17.7
125.5364	+47.1067	 646	5	 0.1303	16.8
125.0962	 +7.5413	 647	6	       	17.8
125.5612	+32.5397	 648	6	       	17.7
126.0505	+48.8713	 649	6	       	17.3
125.6173	+18.5727	 650	6	       	17.5
125.5816	+16.1061	 651	6	       	17.6
126.4262	+56.0367	 652	6	 0.1938	17.5
125.4458	 +1.2232	 653	5	       	17.0
126.0488	+38.9212	 654	5	       	17.1
126.3341	+47.1202	 655	5	 0.1245	17.1
126.3690	+48.2701	 656	6	       	17.5
125.8308	+15.9551	 657	6	       	17.4
125.9544	+15.6713	 658	5	       	17.0
126.0206	+19.4044	 659	5	       	16.8
126.3349	+36.8367	 660	6	       	17.7
126.8154	+53.1351	 661	6	       	17.4
126.1996	 +8.4869	 662	6	       	17.4
126.6222	+34.8189	 663	6	       	17.7
126.2084	 +4.4369	 664	6	       	17.4
127.6882	+65.8821	 665	6	 0.1816	17.5
126.7932	+38.3183	 666	6	       	17.9
127.0125	+44.7175	 667	6	       	17.5
126.9214	+34.7677	 668	6	       	17.5
127.5498	+56.3156	 669	6	       	17.9
128.1593	+66.8803	 670	6	       	17.5
127.1220	+30.4169	 671	3	 0.0494	14.9
127.2329	+32.4831	 672	6	       	17.4
127.0764	+15.1669	 673	5	       	17.1
127.5399	+18.4318	 674	6	       	17.7
127.8913	+38.4140	 675	6	       	17.7
127.9085	+37.1639	 676	6	       	17.7
128.0749	+35.7799	 677	6	       	17.9
128.5840	+50.7115	 678	5	       	17.1
128.5250	+35.9615	 679	6	       	17.9
128.8296	+36.8604	 680	6	 0.0790	17.7
129.0501	+43.8430	 681	5	       	17.1
129.4916	+51.8414	 682	5	       	17.1
129.1476	+31.2258	 683	5	       	17.1
130.8563	+72.8038	 684	5	       	17.1
129.4020	+44.2416	 685	5	       	17.1
131.9850	+77.7168	 686	6	       	17.7
129.7610	+42.1402	 687	6	       	17.7
129.3774	+15.8581	 688	6	 0.0421	17.5
129.3739	+14.9914	 689	5	       	17.1
129.8094	+28.8399	 690	5	 0.0788	16.9
130.2838	+42.0383	 691	5	       	17.1
130.2237	+26.7383	 692	4	       	16.2
129.9200	 +1.0726	 693	6	       	17.4
130.2998	+32.0548	 694	6	       	17.5
130.3509	+32.2879	 695	5	 0.0694	17.1
130.4028	+16.1709	 696	6	       	17.4
130.7222	+36.3366	 697	6	       	17.9
130.8538	+41.5362	 698	6	       	17.9
131.1521	+27.7849	 699	5	       	16.5
131.4989	+36.9504	 700	7	       	18.3
131.9048	+38.1323	 701	6	       	17.7
131.7383	+24.9827	 702	5	       	17.1
131.5348	 +5.1333	 703	6	       	17.8
134.8113	+79.3068	 704	6	       	17.5
131.9113	+29.9988	 705	5	       	17.1
132.0800	+28.7315	 706	6	       	17.5
135.2178	+79.8889	 707	6	       	17.5
132.2504	+37.5310	 708	6	       	17.9
132.5376	+12.7464	 709	6	       	17.5
133.0430	+36.5615	 710	6	       	17.9
132.5921	 +0.3128	 711	6	       	17.3
133.0142	+25.6281	 712	6	       	17.7
133.1582	+18.2109	 713	5	       	16.8
133.6981	+41.9092	 714	5	       	16.8
133.6850	+35.3925	 715	6	       	17.9
133.9940	+48.4582	 716	5	       	17.1
138.1272	+82.8630	 717	5	       	16.7
136.6929	+79.2170	 718	5	       	17.1
136.4140	+78.0011	 719	6	       	17.6
133.7725	+15.6254	 720	6	       	17.7
134.8802	+61.2887	 721	6	       	17.7
134.3353	+30.7568	 722	5	       	16.9
137.9457	+81.4632	 723	5	       	17.1
134.5754	+38.5727	 724	5	       	16.7
135.2983	+62.6040	 725	6	       	17.4
134.5865	+31.1226	 726	5	       	16.7
134.7797	+39.4220	 727	5	       	16.7
134.4011	 +9.9731	 728	6	       	17.5
135.2860	+58.2539	 729	5	       	17.1
135.0890	+51.3378	 730	6	       	17.5
134.3531	 -3.6768	 731	6	       	17.6
134.4770	 +3.1728	 732	6	 0.2030	17.7
135.3300	+55.6204	 733	6	 0.1159	17.7
135.1486	+16.2706	 734	6	       	17.7
136.1045	+61.7512	 735	6	       	17.5
135.7937	+52.2020	 736	6	       	17.5
138.3827	+79.9114	 737	5	       	16.9
138.0882	+78.0288	 738	6	       	17.5
136.1265	+47.2342	 739	6	       	17.5
136.3923	+42.3165	 740	5	       	17.1
136.6128	+37.2991	 741	6	       	17.8
137.5493	+60.2963	 742	6	       	17.7
136.6758	+10.2820	 743	6	       	17.5
136.8234	+16.6649	 744	5	 0.0729	16.6
136.7070	 +4.7818	 745	6	       	17.4
137.4057	+51.5466	 746	6	       	17.7
137.7347	+61.1290	 747	6	       	17.5
139.0998	+75.7752	 748	6	       	17.4
137.1643	 +6.9803	 749	6	       	17.7
137.2780	+11.0300	 750	5	 0.1620	17.1
142.0597	+83.4172	 751	6	       	17.8
137.6007	+35.4458	 752	6	       	17.8
137.1430	 -6.8863	 753	6	       	17.3
137.2087	 -9.6366	 754	3	 0.0528	15.2
138.1316	+48.9608	 755	5	       	17.1
138.1030	+48.4776	 756	6	       	17.5
138.1970	+47.7106	 757	3	 0.0515	15.6
138.1380	+42.5441	 758	6	       	17.9
138.2089	+41.8938	 759	6	       	17.5
137.6479	 -5.4713	 760	6	       	17.6
137.6807	-10.5882	 761	5	       	17.0
139.7676	+74.2896	 762	4	 0.1332	16.2
138.1196	+15.9939	 763	5	       	16.5
139.2904	+63.8240	 764	6	       	17.4
140.1674	+73.8216	 765	5	       	16.9
138.2756	 -4.7234	 766	5	       	17.1
142.5584	+82.4153	 767	5	       	17.1
141.4419	+79.3848	 768	6	       	17.7
138.5767	 +3.3090	 769	5	       	16.5
139.5135	+60.4232	 770	6	       	17.7
139.6477	+61.1728	 771	6	       	17.7
139.1276	+36.6241	 772	6	       	17.7
139.4974	+51.7065	 773	6	       	17.5
138.9088	 +5.5246	 774	5	       	16.9
139.0848	 +5.8741	 775	6	       	17.4
139.0647	 -0.3926	 776	6	       	17.9
142.0830	+78.2327	 777	6	 0.2240	17.5
139.4894	 -8.3106	 778	6	       	17.8
139.9618	+33.7715	 779	1	 0.0226	13.8
139.6265	-12.2611	 780	5	 0.0522	16.6
140.0968	+30.4377	 781	6	       	17.6
140.4949	+51.9700	 782	6	       	17.4
140.7908	+61.2359	 783	6	       	17.4
140.6209	+54.9696	 784	6	 0.1236	17.5
141.0416	+59.4684	 785	6	       	17.6
142.2070	+74.7987	 786	5	 0.1241	16.9
142.1405	+74.3989	 787	5	 0.1352	16.9
142.0129	+72.2991	 788	5	       	17.0
141.3342	+61.0175	 789	6	       	17.5
140.2726	-13.6298	 790	6	       	17.3
140.5802	+12.4194	 791	6	       	17.5
141.2539	+42.8009	 792	6	       	17.5
141.4025	+50.3005	 793	5	       	17.1
140.9428	 +8.6516	 794	6	       	17.5
141.0105	+14.1681	 795	6	 0.1357	17.5
141.9968	+60.3988	 796	6	       	17.4
141.6464	+17.6661	 797	5	       	16.5
144.9049	+80.9580	 798	6	       	17.9
142.5734	+58.7471	 799	6	       	17.7
142.1248	+37.7982	 800	6	       	17.7
142.0058	+20.5651	 801	6	 0.1918	17.7
143.3398	+67.0450	 802	6	       	17.3
142.3028	+12.1308	 803	6	       	17.5
143.1919	+62.5620	 804	6	       	17.4
142.2533	 +4.1142	 805	6	       	17.5
143.0426	+56.0289	 806	6	       	17.5
142.2466	 -6.4358	 807	6	       	17.9
142.5390	 +7.6967	 808	6	       	17.4
144.7465	+77.2914	 809	5	       	16.9
142.6846	 -2.1538	 810	6	       	17.4
144.9816	+77.5240	 811	6	       	17.4
143.1472	+37.8951	 812	6	       	17.8
142.6218	-14.5536	 813	6	       	17.5
144.7961	+75.9245	 814	5	       	17.1
143.0847	+29.0619	 815	6	       	17.7
142.7506	-13.3874	 816	6	       	17.4
143.0437	+17.3620	 817	5	       	17.1
144.7128	+73.9746	 818	5	       	16.5
143.0697	 +9.6618	 819	5	 0.0759	16.5
143.4574	 -2.9227	 820	6	       	17.5
143.5023	 -4.6895	 821	6	       	17.7
143.4261	-13.4227	 822	6	       	17.5
143.3099	-25.8557	 823	6	       	17.3
143.8145	+23.9097	 824	6	       	17.5
144.6984	+65.4243	 825	7	       	18.2
144.3133	+53.5085	 826	6	       	17.7
143.6574	 -2.9566	 827	6	       	17.5
143.9017	+12.1928	 828	6	       	17.7
144.7247	+62.1408	 829	5	       	17.1
143.8628	 +7.5095	 830	6	       	17.7
143.8072	 -3.0404	 831	6	       	17.5
143.9879	+15.8592	 832	5	       	17.1
144.0476	+10.8590	 833	5	       	16.7
145.1659	+66.6730	 834	4	       	16.3
144.3533	+12.8581	 835	6	       	17.7
146.6353	+78.4362	 836	6	       	17.3
144.3655	 +8.5247	 837	6	       	17.5
144.2766	 -5.0084	 838	3	 0.0507	15.3
147.1394	+79.8849	 839	6	       	17.9
146.8989	+78.7021	 840	6	       	17.3
144.6541	 -4.1928	 841	5	       	16.5
144.5538	-20.9260	 842	5	       	16.7
145.4832	+56.5719	 843	6	       	17.5
145.0133	 -0.9438	 844	6	       	17.6
146.0211	+64.4039	 845	6	       	17.4
145.2822	+22.4889	 846	5	       	17.0
145.0978	 +2.4560	 847	6	       	17.5
146.8914	+74.8685	 848	5	       	16.9
145.3534	+21.3554	 849	5	       	17.2
145.2766	+12.5722	 850	6	       	17.5
145.7112	+47.0045	 851	7	       	18.4
145.5058	+29.4216	 852	6	       	17.8
145.5597	+15.3881	 853	6	       	17.5
145.5159	 +8.9382	 854	6	 0.2069	17.7
145.3649	 -9.2782	 855	6	       	17.4
146.3528	+56.5529	 856	5	       	17.1
145.5249	-22.6120	 857	5	       	16.9
145.8572	 +5.8872	 858	5	 0.0881	16.6
145.9155	 +8.8537	 859	5	       	17.1
145.8967	 +2.1038	 860	6	       	17.4
145.8911	 +0.0538	 861	6	       	17.4
146.1173	 +9.5699	 862	6	       	17.7
145.9808	-12.6132	 863	6	       	17.7
147.4895	+71.2001	 864	6	       	17.4
146.6628	+43.4852	 865	5	       	16.6
146.9886	+58.1345	 866	6	       	17.5
146.2924	 +0.5360	 867	6	       	17.5
146.3673	 -8.6476	 868	6	 0.1530	17.6
146.5473	 +2.3520	 869	6	       	17.4
146.6920	 +9.6016	 870	6	       	17.7
147.8016	+65.7825	 871	5	       	17.1
148.8702	+77.2634	 872	6	       	17.6
148.1836	+71.2983	 873	6	 0.1820	17.4
147.6582	+58.0327	 874	6	       	17.7
148.4214	+70.9310	 875	6	       	17.4
147.4758	+29.2830	 876	6	       	17.6
148.9797	+75.3797	 877	6	       	17.7
147.4312	 +5.7663	 878	5	       	16.8
147.6739	+28.8658	 879	5	       	17.2
147.4299	 -4.1671	 880	6	       	17.4
149.0091	+71.7128	 881	6	       	17.7
147.8126	 +8.2486	 882	5	 0.1408	17.1
147.8303	 +5.4986	 883	5	       	16.8
147.8783	 +4.7318	 884	5	       	17.1
148.6982	+62.4801	 885	6	       	17.7
148.5759	+57.8970	 886	6	       	17.5
148.4163	+40.3472	 887	6	       	17.6
149.9586	+76.9440	 888	6	       	17.7
148.3779	+22.7806	 889	6	       	17.6
148.2534	 -4.8359	 890	5	       	17.2
148.5703	+28.4135	 891	6	       	17.6
148.3924	 +0.5638	 892	5	       	17.1
148.9215	+35.9793	 893	6	       	17.8
148.9721	+36.1625	 894	6	       	17.8
149.1852	+49.4954	 895	6	 0.3600	18.0
149.1168	+41.0121	 896	5	       	17.0
149.0685	+28.1955	 897	6	       	17.6
149.4326	+49.2614	 898	6	       	18.0
149.5725	+55.2778	 899	5	       	17.2
149.1395	+18.5953	 900	6	       	17.5
149.0406	 -9.9379	 901	6	       	17.7
149.1151	-10.1714	 902	6	       	17.7
149.4420	+19.6279	 903	5	       	17.2
150.0365	+60.0767	 904	6	       	17.4
150.1079	+56.9931	 905	6	       	17.8
150.3966	+65.3759	 906	6	       	17.4
149.5882	-11.0560	 907	6	       	17.5
149.8991	+22.4101	 908	7	       	18.4
151.2965	+74.8239	 909	6	       	17.7
150.7453	+67.1584	 910	6	 0.2055	17.5
150.1024	-15.3906	 911	6	       	17.5
150.2907	 -0.1076	 912	4	 0.0888	15.9
150.6425	+20.4749	 913	6	 0.1675	18.0
152.1081	+71.2386	 914	6	       	17.7
151.4572	+50.9232	 915	5	       	17.2
150.9680	-19.3760	 916	6	       	17.3
151.9471	+62.5055	 917	6	       	17.4
152.6160	+73.7375	 918	5	       	17.1
151.2393	 -0.6932	 919	5	       	17.1
151.8336	+55.2723	 920	5	       	17.2
151.3835	 +7.4231	 921	5	       	16.7
152.5971	+71.0208	 922	6	       	17.9
151.6310	+25.9059	 923	5	 0.1162	17.2
151.7617	+35.6557	 924	5	 0.0989	17.2
151.7093	+27.1224	 925	6	       	17.7
151.6940	+21.6891	 926	6	       	17.8
152.0506	+50.3218	 927	6	       	17.4
151.7181	+11.5057	 928	5	       	17.2
151.9695	+38.0052	 929	6	       	17.6
151.7278	 -5.6277	 930	5	       	16.5
151.7092	-13.4111	 931	6	       	17.4
152.0130	+19.5884	 932	6	       	17.5
151.9171	 +0.5218	 933	4	       	15.9
152.1568	+17.2547	 934	5	       	17.0
152.6586	+55.9871	 935	5	       	17.2
152.3152	+29.5544	 936	5	       	17.2
152.2236	+13.9712	 937	5	       	17.2
152.3594	+18.4042	 938	5	       	16.6
152.1897	-11.3122	 939	6	       	17.7
152.2769	-16.6291	 940	6	       	17.5
152.4243	 +3.6874	 941	5	       	17.1
152.8609	+19.2864	 942	5	       	17.0
153.0509	+33.6194	 943	5	       	17.2
152.7864	 -2.0302	 944	5	       	17.1
153.9184	+69.0844	 945	5	 0.0917	17.2
153.1223	+23.8525	 946	6	       	17.6
153.7877	+63.0680	 947	5	       	16.8
154.2543	+72.3005	 948	5	       	17.1
153.1052	 +6.4192	 949	5	       	16.8
153.6645	+49.8181	 950	6	       	17.6
153.4782	+34.7185	 951	6	 0.1427	17.6
153.4362	+19.7685	 952	5	       	16.9
153.2798	-15.9480	 953	6	       	17.9
153.4156	 -0.1315	 954	5	       	16.5
153.2334	-24.4479	 955	6	       	17.4
153.8503	+47.1677	 956	5	       	17.2
153.4889	 -0.9150	 957	4	 0.0440	15.9
154.0484	+41.0006	 958	6	       	18.0
154.3746	+59.5500	 959	6	       	17.8
154.6917	+66.2161	 960	5	       	17.2
154.1228	+33.6171	 961	5	       	17.2
154.7089	+63.4660	 962	5	       	17.1
154.2902	+39.0167	 963	5	 0.2060	17.2
154.1477	+24.8003	 964	5	       	17.2
154.6597	+49.8827	 965	6	       	17.5
154.0576	-25.3830	 966	6	       	17.4
154.6057	+43.4327	 967	5	       	17.0
155.2895	+68.2648	 968	6	       	17.5
154.6368	+30.3659	 969	6	       	17.6
154.3929	-10.7004	 970	5	       	16.5
154.9448	+40.9653	 971	5	       	16.6
154.9896	+39.5486	 972	5	       	17.2
154.8579	 +8.0654	 973	6	       	17.6
154.9208	+14.0486	 974	6	       	17.4
155.6630	+64.6307	 975	5	       	16.8
154.8613	-13.9180	 976	6	       	17.7
155.2185	+33.2314	 977	5	       	17.2
155.1274	 -6.5185	 978	3	 0.0527	15.6
155.0995	 -7.8852	 979	3	 0.0550	15.3
155.6059	+50.1140	 980	6	       	17.5
156.1032	+68.1132	 981	6	       	17.9
155.4719	+34.6309	 982	6	       	17.6
155.8655	+59.8136	 983	6	       	17.7
155.3413	+12.1977	 984	6	       	17.8
155.7402	+52.0471	 985	5	       	17.0
155.3955	+14.1310	 986	6	       	17.7
155.4290	 +6.3975	 987	5	       	17.2
155.6645	+32.3138	 988	6	       	18.0
155.5098	 +9.1974	 989	5	       	17.2
155.8748	+49.1635	 990	6	       	17.4
155.6058	+18.8806	 991	5	 0.0880	17.2
155.6344	+20.4972	 992	6	       	17.8
155.4808	 -4.9526	 993	3	 0.0533	14.9
155.7066	+19.3304	 994	6	       	17.5
155.9038	+37.2800	 995	5	       	17.2
155.7223	+15.1470	 996	6	       	17.6
155.9793	+37.5132	 997	5	       	17.2
156.5708	+67.9622	 998	6	       	17.5
155.8422	+12.8467	 999	3	 0.0318	15.6
156.2279	+50.1794	1000	6	       	17.6
155.8025	 -6.6033	1001	6	       	17.7
156.2761	+49.8627	1002	6	       	17.6
156.2666	+47.7960	1003	5	 0.0520	16.6
156.3814	+51.0625	1004	5	       	17.2
156.8713	+68.2283	1005	6	       	17.5
156.9047	+67.0449	1006	6	       	17.7
156.3643	+32.9291	1007	6	       	17.5
156.1802	 -5.3540	1008	6	       	17.7
156.2294	 -5.7874	1009	6	       	17.7
156.5572	+39.0621	1010	5	       	17.2
156.3655	+12.2623	1011	6	       	17.8
156.5343	+31.2787	1012	6	       	17.8
156.4786	 -6.2213	1013	6	       	17.7
157.2568	+65.4442	1014	5	       	17.1
156.9421	+34.5446	1015	6	       	17.5
156.7625	+10.9782	1016	3	 0.0321	15.4
157.5257	+65.1270	1017	6	       	17.9
156.9758	+17.5612	1018	6	 0.2970	17.6
157.1065	+30.8110	1019	6	       	17.8
156.9612	+10.4112	1020	4	 0.0650	16.0
157.1756	+37.6609	1021	5	       	16.6
157.0846	 +9.6776	1022	5	       	17.2
157.0028	 -6.7556	1023	5	       	17.1
157.0731	 +3.7609	1024	5	       	17.0
157.8996	+62.8430	1025	5	       	16.9
157.5319	+40.0769	1026	5	       	17.2
157.7356	+53.3932	1027	5	       	17.2
157.6599	+41.1266	1028	5	       	17.0
158.8529	+77.3248	1029	5	       	17.1
157.6555	+30.9933	1030	6	       	17.8
157.7768	+38.7264	1031	5	       	17.2
157.5734	 +4.0100	1032	4	       	15.7
157.8907	+35.0762	1033	5	       	17.2
157.8270	+18.7096	1034	6	       	17.5
158.0305	+40.2093	1035	3	 0.0799	15.4
158.0317	+31.8592	1036	6	       	17.8
158.9302	+68.7745	1037	6	       	17.7
158.2450	 +2.2421	1038	6	       	17.6
158.2071	 -4.7912	1039	6	       	17.5
158.5961	+45.4749	1040	5	       	17.2
158.2245	 -8.8913	1041	5	       	17.1
158.5375	+11.7916	1042	5	       	17.2
158.5960	+16.2748	1043	5	       	17.2
158.5511	 +5.6582	1044	6	       	17.6
158.7518	+30.6912	1045	5	       	17.2
159.3892	+67.9570	1046	6	       	17.5
158.6988	 +4.4079	1047	5	       	17.2
159.0138	+43.9408	1048	5	       	17.2
159.6584	+67.7398	1049	6	       	17.7
159.2159	+44.8071	1050	5	       	17.2
159.2457	+46.2071	1051	6	       	17.5
159.0947	+28.0573	1052	6	       	17.8
159.1758	+30.7572	1053	5	       	17.2
159.3330	+42.6236	1054	5	       	17.2
159.3416	+37.1569	1055	5	       	17.2
159.4798	+41.8067	1056	5	       	17.0
159.2879	+12.4069	1057	5	       	17.2
159.4589	+34.3733	1058	5	       	17.2
159.3054	 -5.9765	1059	6	       	17.7
159.2138	-27.5264	1060	0	 0.0114	12.7
160.1962	+67.2056	1061	6	       	17.7
159.6688	+15.8729	1062	5	       	17.2
159.6990	+18.6562	1063	5	       	17.2
159.6931	 +1.2728	1064	5	       	17.1
160.2384	+56.8888	1065	5	       	17.2
159.8497	 +5.1726	1066	5	       	16.6
160.1474	+40.2389	1067	5	       	16.6
160.1964	+39.9554	1068	5	       	17.0
159.9762	 -8.6110	1069	3	 0.0630	15.1
161.6738	+78.1367	1070	6	       	17.5
160.6538	+43.0880	1071	5	       	17.2
160.8619	+57.4044	1072	5	       	17.2
160.6109	+36.6381	1073	5	 0.1390	17.2
160.8147	+46.6378	1074	6	       	17.3
160.6248	 -9.7287	1075	5	       	17.1
161.2633	+58.1704	1076	5	       	17.2
161.1626	+46.5039	1077	6	       	17.5
160.8919	 +0.6375	1078	5	       	17.0
160.8539	 -7.3791	1079	5	       	17.1
160.9926	 +1.0874	1080	5	       	17.0
161.2062	+35.5704	1081	5	 0.1588	17.2
161.1739	+32.3705	1082	6	       	17.6
161.5450	+59.6533	1083	6	       	17.6
161.1545	 -7.0796	1084	6	       	17.4
161.3244	+20.2702	1085	5	       	16.6
161.1638	-16.4963	1086	6	       	17.5
161.5524	+43.9033	1087	6	       	17.8
161.1836	-19.4797	1088	5	       	17.0
161.5960	+18.6364	1089	6	       	17.7
161.4361	-18.3301	1090	5	       	17.1
161.4884	-16.9968	1091	6	       	17.7
161.5930	 +1.3531	1092	6	       	17.6
161.7300	 +9.0695	1093	6	 0.2260	17.8
161.8868	+27.5194	1094	6	 0.2004	18.0
161.8649	+15.2194	1095	6	       	17.6
162.0375	+28.0525	1096	6	       	17.8
162.1192	+31.4690	1097	4	       	16.0
161.9848	 -3.9309	1098	5	       	16.9
162.2265	+34.9689	1099	5	       	17.0
162.2263	+22.2355	1100	4	 0.0455	15.7
162.4248	+44.3519	1101	6	 0.1614	17.8
162.2267	 +7.1688	1102	6	       	17.5
162.2865	+13.4354	1103	6	       	17.6
162.1641	-17.1479	1104	6	       	17.4
162.3052	 +9.4353	1105	5	       	16.8
162.5731	+43.9850	1106	6	       	17.8
162.3713	 +3.6352	1107	5	       	17.0
162.4657	+16.2184	1108	5	       	17.2
162.5181	+17.7517	1109	5	       	17.2
162.8922	+42.3846	1110	6	       	17.8
162.6621	 -2.5652	1111	6	       	17.8
163.0868	+55.5510	1112	6	       	17.5
162.7536	 +8.6347	1113	6	       	17.6
162.8466	+20.1512	1114	5	       	17.1
162.8791	 +9.0345	1115	6	       	17.6
163.0338	+12.2176	1116	5	       	17.2
163.2590	+39.7340	1117	5	       	17.2
163.3037	+37.5506	1118	6	       	17.6
163.1814	+10.7007	1119	6	       	17.5
163.3145	+30.8006	1120	6	       	18.0
163.2039	 +9.0173	1121	6	       	17.7
163.3792	+37.9005	1122	6	       	17.7
164.1709	+75.5163	1123	5	 0.1235	16.9
164.0309	+71.7497	1124	6	       	17.3
163.4554	+10.2337	1125	6	       	17.6
163.4903	+16.8503	1126	4	 0.0852	16.0
163.5369	+14.6669	1127	6	       	17.8
163.5536	 +9.0169	1128	5	       	17.0
163.6326	+11.8167	1129	6	       	17.8
163.6758	-10.6667	1130	5	       	17.1
163.9061	+10.9830	1131	5	       	17.2
164.5819	+56.7822	1132	5	 0.1363	17.0
164.5311	+49.8490	1133	6	       	17.4
164.2630	 -2.1341	1134	6	       	17.6
164.5320	+41.0489	1135	5	       	16.9
164.3774	 +8.6324	1136	6	       	17.6
164.4038	 +9.6157	1137	5	       	17.2
164.6647	+32.9821	1138	6	       	17.5
164.5178	 +1.4989	1139	3	 0.0383	15.0
164.6914	+33.9320	1140	6	       	17.8
164.8819	+12.2317	1141	5	       	17.2
165.2293	+10.5480	1142	3	 0.0353	15.4
165.4773	+50.3477	1143	5	       	17.2
165.6083	+58.7643	1144	5	       	17.2
165.3874	+16.7311	1145	4	       	15.7
165.3357	-22.7189	1146	5	 0.1410	17.0
165.5809	+11.9975	1147	6	       	17.6
165.6145	 -1.0526	1148	6	       	17.6
165.7502	 +7.6306	1149	4	 0.0710	16.0
166.5706	+73.6965	1150	5	       	16.5
166.0906	+35.9469	1151	6	       	17.5
166.0062	+12.5470	1152	6	       	17.6
165.9674	 +1.3304	1153	6	       	17.5
166.2216	+49.8302	1154	6	       	17.8
166.1391	+35.1969	1155	5	       	16.6
166.2399	+47.4135	1156	6	       	17.8
166.1324	+13.6302	1157	5	       	17.2
166.1936	+22.2301	1158	6	       	17.6
166.3808	+12.5466	1159	5	       	17.2
166.2927	-18.9534	1160	6	       	17.4
166.3636	-22.1035	1161	6	       	17.3
166.5704	 +3.9463	1162	6	       	17.6
166.4896	-21.5370	1163	5	       	17.0
166.6182	 +2.0629	1164	6	       	17.7
166.5604	-24.7204	1165	6	       	17.5
167.2792	+68.7457	1166	5	       	17.1
167.0394	+48.8792	1167	6	       	17.3
166.8593	+15.9127	1168	5	       	16.8
167.0278	+43.9459	1169	5	 0.0582	16.6
166.8749	 +8.0126	1170	6	 0.1620	17.6
166.8691	 +2.9460	1171	4	       	16.2
167.0078	 -7.1542	1172	5	       	17.2
167.2967	+41.5789	1173	5	       	16.8
167.3499	+43.2789	1174	5	       	17.0
167.3069	+33.1789	1175	6	       	17.8
167.2481	 +6.6289	1176	6	       	17.7
167.3657	+21.6955	1177	4	 0.0316	15.7
167.4587	+34.5954	1178	6	 0.2596	17.8
167.4684	+23.9620	1179	5	       	16.6
167.7852	+62.9618	1180	6	       	17.8
167.3684	-19.7713	1181	6	       	17.6
167.5789	+31.7786	1182	6	       	17.5
167.5539	+12.0119	1183	5	       	17.2
167.7889	+50.2951	1184	6	       	17.8
167.6992	+28.6784	1185	2	 0.0304	14.3
168.4642	+75.3945	1186	5	 0.0791	16.5
167.9154	+39.5782	1187	3	 0.0791	15.6
167.8396	+21.5283	1188	6	       	17.5
167.7670	 +1.1283	1189	5	       	17.0
167.9426	+40.8449	1190	5	 0.0794	16.6
167.7916	 +0.7616	1191	6	       	17.5
168.1403	+59.2614	1192	6	       	17.6
168.0700	+42.4448	1193	5	       	17.2
168.0510	+30.7114	1194	6	       	17.5
167.9357	 -4.9219	1195	6	       	17.6
168.2461	+53.8779	1196	6	       	17.8
168.1593	+36.4780	1197	5	       	17.2
168.2001	+30.3779	1198	6	       	17.5
168.1623	+20.0779	1199	6	       	17.6
168.0876	 -3.1554	1200	5	       	17.0
168.2547	+13.4278	1201	5	 0.1688	17.0
168.4287	+47.5111	1202	5	       	17.0
168.4894	+40.2943	1203	5	       	16.6
168.3841	+17.5944	1204	6	       	17.8
168.3433	 +2.5111	1205	5	       	16.9
168.3852	 -5.6057	1206	6	       	17.6
168.9263	+67.6940	1207	5	       	17.1
168.5201	 +4.3609	1208	6	       	17.6
168.6287	+12.8941	1209	5	       	17.2
168.7327	+16.7607	1210	6	       	17.3
168.7037	-12.2060	1211	6	       	17.5
169.2997	+57.4436	1212	5	       	17.2
169.1212	+29.2604	1213	2	 0.0468	14.5
169.2355	 -5.6065	1214	6	       	17.5
169.8696	 +4.3430	1215	5	       	16.7
169.4367	 -4.4733	1216	4	 0.0524	16.0
169.3910	-25.2233	1217	6	       	17.4
169.7061	+51.7099	1218	4	 0.0792	16.0
169.6063	+16.6932	1219	6	       	17.5
169.7302	+37.4931	1220	6	       	17.3
169.9635	+62.6763	1221	6	       	17.6
170.1192	+47.1595	1222	5	       	16.6
170.1915	+45.9094	1223	5	       	17.2
170.2269	+36.4260	1224	6	 0.2897	17.8
170.3321	+53.7593	1225	3	 0.1033	15.4
170.2484	+33.7093	1226	5	       	17.2
170.3944	+48.0259	1227	5	 0.1120	16.6
170.3737	+34.3259	1228	1	 0.0350	13.8
170.5153	+46.1425	1229	6	       	17.8
170.4105	+22.3259	1230	5	       	17.2
170.5717	+49.7091	1231	5	       	17.0
170.5311	+17.8924	1232	6	 0.1676	17.4
170.4494	-18.9409	1233	6	       	17.6
170.6092	+21.3924	1234	6	 0.1663	17.3
170.7323	+19.6256	1235	5	 0.1042	17.0
170.6911	 +0.4589	1236	5	       	17.2
170.8584	+42.8422	1237	6	       	17.3
170.7417	 +1.0922	1238	4	 0.0716	16.0
170.9950	+60.1421	1239	6	       	17.5
170.8837	+43.1088	1240	5	       	17.2
170.8394	+27.2088	1241	6	       	17.6
170.8048	+16.9589	1242	5	       	17.2
170.9307	+18.1921	1243	6	       	17.3
171.0614	+45.4087	1244	6	       	17.6
170.9944	+32.2921	1245	5	       	17.2
170.9586	+21.4254	1246	6	 0.2160	17.6
171.0072	+20.0087	1247	5	       	17.2
170.9374	 -4.2080	1248	5	       	17.0
171.3496	+68.0252	1249	5	       	17.2
171.2300	+41.6419	1250	5	       	17.0
171.1797	+17.4919	1251	6	       	17.5
171.1089	 -8.7914	1252	5	       	17.2
171.3059	+42.4918	1253	6	       	17.3
171.7139	+71.0749	1254	5	 0.0628	17.0
171.9009	+75.4748	1255	5	       	16.7
171.3531	-16.3083	1256	6	       	17.7
171.5210	+35.3250	1257	3	 0.0339	15.0
171.5111	+25.4250	1258	5	       	17.2
171.5447	 +5.2583	1259	6	       	18.0
171.5923	 +2.0582	1260	6	       	17.5
171.8869	+48.3248	1261	5	       	17.2
171.7486	+10.6248	1262	6	       	17.3
171.7086	 -9.7919	1263	6	       	17.7
171.8035	+17.1414	1264	5	 0.1267	17.1
172.0262	+41.3413	1265	6	       	17.8
172.0207	+36.5746	1266	5	       	17.2
171.9862	+26.8580	1267	3	 0.0321	15.4
172.1084	+23.8579	1268	5	       	17.2
172.2673	+34.1411	1269	6	       	17.5
172.3692	+54.0578	1270	3	 0.0689	15.4
172.2341	 -9.5923	1271	6	       	17.7
172.4077	+23.7910	1272	5	       	17.2
172.3360	 -7.0423	1273	6	       	17.6
172.4296	+19.8910	1274	5	       	17.2
172.4941	+36.6743	1275	4	 0.0603	15.7
172.5154	+33.0243	1276	6	       	17.6
172.4994	+12.9076	1277	6	       	17.8
172.5548	+20.4743	1278	6	 0.1290	17.3
172.8034	+67.2242	1279	5	       	16.5
172.6166	+34.6742	1280	6	       	17.5
172.6154	+33.3742	1281	6	       	17.6
172.6719	+39.9909	1282	6	       	17.6
172.8063	+60.7575	1283	5	 0.1434	17.2
172.7167	+35.0408	1284	6	       	17.5
172.6061	-14.5592	1285	5	       	17.0
172.7060	+22.3575	1286	6	       	17.6
172.9499	+66.7741	1287	5	       	17.0
172.6946	 +5.9741	1288	6	       	17.6
172.9054	+60.7574	1289	5	       	17.0
172.8150	+33.5908	1290	6	       	17.5
173.0186	+56.0240	1291	3	 0.0530	15.4
172.9416	+35.8240	1292	6	 0.2319	17.5
172.9698	+39.0573	1293	6	       	17.8
173.0649	+54.2406	1294	6	       	18.0
172.9110	 -7.5260	1295	5	       	17.1
172.9375	 -5.1594	1296	5	       	17.0
173.4296	+76.2238	1297	4	       	16.1
173.1255	+44.8073	1298	5	       	17.0
173.0894	+33.9739	1299	6	 0.2247	17.5
173.0029	-19.8928	1300	6	       	17.6
173.4674	+75.0571	1301	5	       	16.5
173.3440	+66.4072	1302	5	       	16.7
173.1917	+36.7905	1303	6	       	18.0
173.1904	+35.4572	1304	6	 0.2131	17.5
173.2396	+34.7738	1305	5	       	17.2
173.3019	+46.6072	1306	6	       	17.6
173.1997	+14.5238	1307	5	       	16.8
173.2134	 -3.9762	1308	4	 0.0481	15.7
173.2586	-11.8429	1309	5	       	17.0
173.4437	+39.8404	1310	6	       	17.8
173.3006	-24.0430	1311	6	       	17.4
173.5551	+50.0570	1312	6	       	17.6
173.5508	+17.0736	1313	5	       	17.2
173.7029	+49.0403	1314	1	 0.0341	13.9
174.0354	+71.9234	1315	5	       	16.5
173.8897	+37.3901	1316	6	       	17.6
173.7831	-13.5265	1317	5	       	16.5
174.1090	+54.9567	1318	3	 0.0566	15.0
174.0663	+40.0734	1319	6	       	17.8
173.9626	 -5.8100	1320	6	       	17.6
174.1492	+48.0734	1321	6	       	17.8
174.2496	+63.2233	1322	5	 0.1104	17.2
174.0615	 -8.0267	1323	5	       	17.2
174.2863	+57.0900	1324	5	       	17.0
174.1695	 +7.1899	1325	5	       	17.2
174.2656	+40.1733	1326	6	       	17.8
174.2555	+26.5233	1327	6	       	17.5
174.3878	+37.3732	1328	5	       	17.2
174.6473	+71.1231	1329	5	       	16.5
174.5984	+49.5231	1330	6	       	17.8
174.6962	+63.5898	1331	6	       	17.6
174.5111	 -9.3436	1332	4	       	16.0
174.8225	+49.8730	1333	6	       	17.4
174.7137	 -4.3103	1334	4	 0.0555	15.7
175.0304	+68.1396	1335	5	       	17.2
174.8576	+32.4063	1336	4	       	16.0
174.8455	+10.1563	1337	5	 0.0826	17.2
175.0991	+18.2395	1338	5	       	16.9
175.3955	+73.0728	1339	6	       	17.4
175.2155	+44.8728	1340	5	       	17.2
175.1453	+10.3895	1341	6	       	17.6
175.1702	+10.0728	1342	5	 0.1061	17.2
175.3341	+60.6561	1343	5	 0.1318	17.2
175.2110	-10.7272	1344	5	       	16.6
175.2953	+10.6894	1345	5	 0.1095	17.2
175.2932	 +5.6894	1346	5	 0.0970	16.8
175.2540	-25.5106	1347	5	       	17.0
175.3104	-12.3606	1348	5	       	17.0
175.5246	+55.3561	1349	5	       	16.9
175.4516	+24.5894	1350	6	       	17.6
175.6282	+58.5393	1351	6	       	17.8
175.4815	-21.4607	1352	6	       	17.8
175.5266	+25.0393	1353	6	       	17.6
175.5449	+10.1560	1354	5	 0.1178	17.2
175.6860	+41.9060	1355	6	       	17.6
175.6199	+10.4393	1356	5	 0.0698	17.2
175.7565	+61.2893	1357	5	       	16.9
175.6940	 +8.2226	1358	5	       	17.0
175.8810	+61.6559	1359	5	 0.1783	17.2
175.7700	+11.0226	1360	5	 0.1535	17.2
175.9381	+46.3559	1361	6	       	17.4
175.8936	 +7.4892	1362	4	       	16.0
175.9859	+43.7392	1363	5	       	17.2
175.9151	 -1.7608	1364	4	 0.1070	16.0
176.1030	+30.9058	1365	4	 0.0763	15.7
176.2389	+67.4225	1366	5	       	16.8
176.1231	+19.8391	1367	1	 0.0215	13.5
176.2405	+51.2558	1368	5	       	16.9
176.2090	+42.3558	1369	5	       	17.2
176.2886	+49.3391	1370	6	       	17.6
176.3711	+15.5390	1371	5	       	16.6
176.3696	+11.5223	1372	5	 0.1126	17.2
176.3649	 -2.3943	1373	5	 0.1314	17.2
176.4878	+49.7390	1374	6	       	17.4
176.5130	 -8.2444	1375	5	       	16.6
176.5654	 -1.0777	1376	5	       	16.6
176.7414	+55.7389	1377	3	 0.0514	15.0
176.6984	+23.5056	1378	6	       	17.5
176.7681	 +7.9555	1379	5	       	17.0
176.8737	+25.4055	1380	5	       	16.6
177.1256	+75.2222	1381	5	       	17.0
177.0881	+71.4389	1382	4	 0.1053	15.9
177.0383	+54.6222	1383	4	 0.0603	15.7
176.9974	+22.5555	1384	5	       	17.2
177.0190	+11.5555	1385	5	 0.0831	17.2
177.0902	 -1.9446	1386	5	       	17.2
177.2099	+51.6221	1387	5	       	17.0
177.2469	+22.3888	1388	6	       	17.3
177.3404	 -1.3780	1389	5	       	16.6
177.3938	+12.2554	1390	4	       	16.0
177.4377	-12.2947	1391	6	       	18.0
177.6406	 -0.5780	1392	5	 0.1382	16.6
177.7044	+47.0054	1393	6	       	17.8
177.7770	+42.3887	1394	6	       	17.3
177.7138	 -8.4781	1395	6	       	17.5
177.8081	+54.8553	1396	5	 0.1441	17.2
177.7988	+33.5220	1397	6	       	17.7
177.7390	 -7.6614	1398	6	       	17.8
177.7900	 -3.0947	1399	4	 0.0913	16.0
177.8580	+55.1053	1400	5	 0.0778	17.2
178.0242	+37.2719	1401	5	 0.1648	17.0
178.1345	+60.4219	1402	5	       	17.2
178.0716	+28.3886	1403	6	       	17.6
178.0902	 -2.8115	1404	5	       	16.6
178.1212	+27.2886	1405	6	       	17.6
178.3149	+67.8886	1406	5	       	17.2
178.3904	 -1.7448	1407	5	       	17.0
178.4432	+15.3885	1408	5	       	16.9
178.5258	+49.0719	1409	5	       	17.2
178.4976	+37.7219	1410	6	       	17.6
178.8156	 -0.5282	1411	6	       	17.5
178.9386	+73.4718	1412	4	 0.0839	15.9
178.8438	+23.3718	1413	5	 0.1427	17.1
178.8678	+16.2884	1414	5	       	17.2
178.9513	+57.8718	1415	5	       	17.0
178.9669	+10.7718	1416	6	       	17.6
179.0201	+34.6051	1417	6	       	17.6
178.9885	-18.6450	1418	6	       	17.4
179.0657	 -0.2449	1419	5	       	17.0
179.1435	+26.0884	1420	5	       	17.2
179.2536	+67.9718	1421	5	       	17.2
179.2901	 -7.0283	1422	6	       	17.8
179.3439	+33.6551	1423	5	       	16.5
179.3911	 +5.0384	1424	5	       	16.6
179.5426	+26.3884	1425	5	       	17.2
179.5648	-12.9950	1426	5	       	17.2
179.5928	+30.7051	1427	5	       	17.0
179.5913	 +9.8550	1428	6	       	17.8
179.7676	+35.7551	1429	6	       	17.6
179.8683	+49.7884	1430	6	 0.2105	17.6
179.8670	+30.1717	1431	5	       	17.2
179.9205	+68.1051	1432	6	       	17.7
179.9166	+25.8717	1433	5	       	17.1
180.0655	 -7.1783	1434	5	       	17.2
180.0909	+10.6884	1435	5	       	17.0
180.1172	+56.2551	1436	3	 0.0646	15.4
180.1157	 +3.3383	1437	5	 0.1339	17.2
180.1661	+29.6884	1438	6	       	17.5
180.1914	+50.4551	1439	5	       	17.2
180.1654	-23.3784	1440	6	       	17.6
180.2160	+35.5717	1441	5	       	17.2
180.2658	+15.2050	1442	5	       	17.0
180.3656	+23.0884	1443	6	       	17.8
180.4154	+30.0217	1444	5	       	17.0
180.4407	 -0.1617	1445	6	       	17.6
180.4645	+58.0217	1446	5	 0.1028	17.0
180.5153	+23.8217	1447	6	       	17.4
180.7409	 -6.8283	1448	5	       	16.6
180.7645	+28.5717	1449	5	       	17.2
180.7666	-23.3117	1450	6	       	17.6
180.8166	-21.5117	1451	6	       	17.3
180.9120	+51.7384	1452	4	 0.0631	15.7
180.9159	 -4.6450	1453	6	       	17.8
180.9618	+51.0218	1454	5	       	17.2
180.9640	+27.9884	1455	5	       	17.2
180.9654	 +4.2384	1456	5	       	17.0
181.0361	+52.4218	1457	5	       	17.2
181.0410	 -5.0617	1458	6	       	17.3
181.0655	 +2.5050	1459	5	       	17.0
181.1353	+53.2884	1460	6	       	18.0
181.1619	+42.5218	1461	5	       	16.6
181.1895	+15.0551	1462	5	       	17.2
181.1904	 +3.9384	1463	5	       	17.2
181.2135	+26.7217	1464	6	       	18.0
181.2379	+32.1217	1465	6	       	17.8
181.2388	+22.6217	1466	5	       	17.2
181.3494	+72.6051	1467	6	       	17.4
181.4090	+51.4218	1468	4	 0.0844	16.0
181.4413	 -7.1116	1469	5	       	17.2
181.7198	+71.6385	1470	6	       	17.4
181.8558	+52.6052	1471	6	       	17.8
181.9110	+30.8052	1472	6	       	17.8
181.9609	+30.6052	1473	6	       	17.8
181.9885	+14.9551	1474	4	 0.0791	16.0
182.0369	+24.4052	1475	6	       	17.8
182.0606	+30.9718	1476	6	       	17.6
182.2215	+64.0719	1477	6	       	18.0
182.6340	+30.5553	1478	6	       	17.8
182.5189	-16.8282	1479	6	       	17.7
182.6838	+30.8553	1480	5	       	17.0
182.7123	+15.8719	1481	5	       	17.0
182.7418	 -5.5781	1482	5	       	17.2
182.7323	+35.2886	1483	6	       	17.6
182.7781	+72.0887	1484	6	       	17.4
182.8665	 -3.8781	1485	6	       	17.6
182.9581	+30.5720	1486	5	       	17.2
182.9582	+29.9887	1487	6	       	17.8
183.1185	-11.8114	1488	6	       	17.8
183.1335	+27.4887	1489	6	       	17.8
183.1360	+18.6220	1490	6	       	17.5
183.2387	 +7.8887	1491	5	       	17.2
183.2559	+34.1721	1492	5	       	17.2
183.3141	 +6.0387	1493	5	       	17.2
183.3092	+23.9387	1494	6	       	17.6
183.3574	+29.2388	1495	5	 0.1429	17.0
183.3408	+59.2721	1496	4	 0.0941	16.0
183.5328	+26.6555	1497	6	 0.1669	17.8
183.5559	+31.6555	1498	6	       	17.6
183.5615	+14.7555	1499	5	       	16.6
183.4601	+74.3888	1500	3	       	15.6
183.5344	+63.2222	1501	5	       	17.2
183.7931	 -8.2278	1502	5	       	17.2
183.8097	+19.4389	1503	5	       	17.2
183.8317	+27.5222	1504	6	 0.1836	17.6
183.9097	+18.6889	1505	6	       	17.5
183.9547	+31.7723	1506	6	       	18.0
183.9598	+59.9723	1507	4	 0.0592	15.8
184.0350	+17.4889	1508	5	       	17.2
184.0775	+35.6223	1509	5	       	17.0
184.1311	+27.1890	1510	6	       	18.0
184.1972	-19.2444	1511	6	       	17.4
184.2215	+45.2224	1512	6	       	17.8
184.2529	+72.8224	1513	5	       	17.1
184.4830	+20.6558	1514	6	 0.1995	17.6
184.6794	+27.9725	1515	6	       	17.6
184.7387	 +5.2392	1516	5	       	16.6
184.7925	 -5.0108	1517	5	       	16.6
184.7471	+63.5059	1518	5	       	17.0
184.8295	+26.9226	1519	6	       	17.5
184.8959	-13.2608	1520	5	       	16.8
184.8960	-13.6941	1521	5	       	16.8
184.9644	+49.1893	1522	6	       	17.8
185.3130	 +6.1394	1523	5	       	17.2
185.4372	 +7.8395	1524	5	 0.1369	17.2
185.5161	 -1.1439	1525	6	 0.2590	18.0
185.5344	+13.7395	1526	5	       	16.6
185.7100	+12.2229	1527	5	       	17.2
185.7218	+58.9063	1528	6	       	17.8
185.8166	+61.2230	1529	6	       	18.0
185.7147	 +2.0896	1530	6	       	17.8
186.0215	+57.7065	1531	6	       	17.8
186.1050	+20.7898	1532	6	       	17.3
186.1402	 +0.9064	1533	6	 0.2319	18.0
186.0143	+61.5065	1534	5	       	17.0
186.3488	-15.6602	1535	5	       	16.6
186.2129	+77.1233	1536	5	       	16.9
186.6554	-25.8267	1537	6	       	17.6
186.5688	+56.8901	1538	6	       	18.0
186.5816	+62.5568	1539	5	       	17.2
186.7883	 +4.2234	1540	6	       	17.8
186.8607	 +8.8402	1541	4	 0.0892	16.0
186.9031	+49.4402	1542	5	       	17.2
186.9467	+30.3736	1543	5	       	17.2
186.9260	+63.4236	1544	5	       	17.2
187.0549	+47.4070	1545	6	       	17.8
186.9967	+64.6070	1546	6	       	18.0
187.1489	+26.7570	1547	5	       	17.2
187.2537	+19.4237	1548	6	 0.1611	17.5
187.2470	+28.9404	1549	6	       	17.3
187.3032	+47.7071	1550	6	 0.2540	17.8
187.4149	+36.6572	1551	5	       	17.2
187.4584	+11.7405	1552	5	 0.0837	16.6
187.7089	+10.5740	1553	6	 0.1652	17.8
187.7553	+15.9574	1554	6	       	17.6
187.9994	-13.3925	1555	5	       	17.2
188.3312	-22.0090	1556	6	       	17.6
188.1411	+62.8410	1557	6	       	18.0
188.5002	-13.5755	1558	5	       	17.2
188.2733	+67.1078	1559	5	 0.1042	17.2
188.5298	+15.1745	1560	7	       	18.1
188.2869	+69.3578	1561	6	       	17.4
188.5556	+41.1746	1562	6	 0.1900	17.9
188.5354	+54.0579	1563	6	       	17.6
188.7393	 +1.8413	1564	5	       	16.6
188.8043	+41.3581	1565	6	       	17.6
188.7546	+64.3748	1566	5	       	16.9
189.0193	+26.7416	1567	5	       	17.2
188.9589	+53.4082	1568	6	       	17.8
189.0779	+16.5916	1569	5	 0.0784	17.2
189.1003	+19.8083	1570	6	       	17.8
188.1757	+83.3411	1571	6	 0.2090	17.6
189.1768	-14.6917	1572	6	       	17.3
189.1770	-14.9417	1573	6	       	17.3
189.2237	-10.7083	1574	5	       	16.8
189.3185	+26.8085	1575	6	       	17.8
189.2047	+63.1918	1576	6	       	18.0
189.4658	 -0.2748	1577	6	       	17.8
189.5238	+43.0587	1578	5	       	17.2
189.4659	+65.8420	1579	6	       	17.6
189.2588	+77.9252	1580	6	       	17.5
189.9384	 +2.7422	1581	5	       	17.2
189.8560	+52.0923	1582	6	       	17.8
190.1291	-15.9576	1583	6	       	17.8
190.2066	-18.5742	1584	5	       	16.9
190.3299	-16.4908	1585	5	       	16.9
190.2821	 +9.9425	1586	6	       	18.0
190.2904	+27.5426	1587	6	       	17.6
190.3947	 -4.7907	1588	5	       	17.2
190.3992	+18.5927	1589	5	 0.0718	16.6
190.0331	+73.1425	1590	5	       	16.8
190.3576	+49.9094	1591	6	       	17.6
190.5123	+29.7928	1592	6	       	18.0
190.5081	+33.3095	1593	5	       	17.2
190.5398	+27.4928	1594	6	       	17.8
190.6553	-16.4239	1595	6	       	17.7
190.5977	+19.7428	1596	6	       	17.8
190.2634	+72.2260	1597	6	       	17.5
190.6128	+29.1095	1598	6	       	18.0
190.6881	 +2.8095	1599	5	       	17.2
190.7562	-17.2738	1600	6	       	17.7
190.8825	 +8.9764	1601	5	       	17.2
190.8642	+27.2931	1602	6	       	17.8
190.9799	-15.5569	1603	5	       	17.2
190.9875	-23.1069	1604	6	       	17.6
191.0103	-20.9235	1605	5	       	17.0
191.1517	-11.9901	1606	5	       	17.0
190.6836	+76.1430	1607	5	       	16.7
191.4052	+33.3936	1608	5	       	17.2
191.6134	+26.4271	1609	5	 0.0891	16.8
191.7835	+30.0273	1610	5	       	17.2
191.8215	+18.9106	1611	6	       	17.8
191.9183	 -2.8060	1612	6	       	17.6
191.8507	+35.5607	1613	6	       	17.6
191.5671	+69.6772	1614	6	       	17.5
191.9261	+48.8775	1615	6	       	18.0
191.9100	+55.0441	1616	4	 0.0833	16.0
191.8961	+59.1941	1617	6	       	17.6
192.2545	+10.8610	1618	6	       	17.5
192.3091	+28.5111	1619	6	       	17.8
192.4422	 -1.5888	1620	5	       	17.2
192.1788	+62.6777	1621	5	       	16.5
192.3962	+49.8279	1622	6	 0.2855	18.0
192.4260	+47.7280	1623	6	       	17.5
192.5816	 +8.6447	1624	6	       	17.8
192.7382	-20.7885	1625	5	       	17.0
192.6293	+31.3281	1626	6	       	17.8
192.7763	+13.3282	1627	6	       	18.0
192.7578	+28.6116	1628	6	       	17.4
192.9114	 +3.9284	1629	6	       	17.5
192.9357	 +4.5617	1630	5	 0.0649	16.7
193.2077	-15.4380	1631	3	 0.0508	15.4
193.2562	+28.8121	1632	5	 0.1962	17.2
193.4970	-26.3877	1633	6	       	17.6
193.4980	 -6.6877	1634	6	       	17.6
193.5756	 -8.9376	1635	5	       	17.2
193.3671	+62.8123	1636	6	       	17.8
193.4873	+50.8124	1637	5	       	17.0
193.6684	+18.9959	1638	4	       	16.0
193.7539	+10.1626	1639	6	       	17.5
193.6161	+62.5626	1640	6	       	17.8
193.9549	+28.4462	1641	6	       	17.6
194.0581	 +6.3963	1642	6	       	17.3
193.9766	+44.0796	1643	6	 0.1981	17.7
194.3115	-17.3535	1644	4	 0.0449	15.7
194.3334	-14.8701	1645	6	       	17.8
193.9403	+62.1630	1646	5	       	16.9
194.3658	+20.0967	1647	6	       	17.8
194.7502	-26.6196	1648	5	       	16.9
194.6537	 +9.7637	1649	5	       	17.2
194.6927	 -1.7530	1650	5	 0.0845	17.0
194.8456	 -4.1861	1651	4	 0.0825	16.0
194.9324	-13.4860	1652	6	       	17.4
194.9015	+11.3473	1653	6	       	17.7
194.8501	+30.0140	1654	5	       	16.9
194.5645	+65.3804	1655	6	       	18.0
194.9531	+27.9808	1656	1	 0.0232	13.5
194.9904	+19.5975	1657	6	       	17.5
195.2949	 -3.4356	1658	5	       	17.2
195.3859	 +3.6812	1659	6	       	17.5
195.3033	+50.3313	1660	6	       	17.8
195.4500	+29.0814	1661	6	 0.1671	17.6
195.6298	 +8.3149	1662	5	       	17.2
195.6938	 -2.5184	1663	5	       	17.0
195.9241	-24.2181	1664	6	       	17.3
195.8031	+26.6818	1665	6	       	17.7
195.6959	+51.8984	1666	5	       	16.8
195.8193	+31.8152	1667	6	 0.1648	17.6
195.9643	+19.2654	1668	5	       	16.6
196.0644	+19.0822	1669	6	       	17.8
196.0875	+20.3322	1670	6	       	17.6
196.3726	-22.6509	1671	6	       	17.4
196.1899	+33.5657	1672	5	       	17.2
196.1196	+51.5156	1673	5	       	16.9
195.8832	+67.4987	1674	5	 0.1055	17.2
196.3126	+34.5492	1675	5	 0.1840	17.2
196.2310	+47.7825	1676	6	       	17.5
196.4691	+30.8994	1677	6	 0.1832	17.7
196.2441	+62.2492	1678	6	       	17.4
196.6419	+31.7996	1679	6	 0.1699	17.5
196.6750	+39.7997	1680	5	       	17.0
196.2539	+71.8659	1681	5	       	17.1
196.7072	+46.5498	1682	6	       	17.5
196.5496	+71.8663	1683	5	       	17.1
197.3006	+10.4172	1684	5	       	17.2
197.2092	+34.7504	1685	5	 0.1970	17.2
197.6821	+21.8677	1686	6	       	18.0
197.4562	+58.4009	1687	6	       	17.5
197.8724	 -4.6821	1688	6	       	17.6
197.8925	 -1.3654	1689	6	 0.1810	17.6
197.8110	+19.3846	1690	5	       	17.2
197.8469	+39.2014	1691	3	 0.0722	15.4
198.0669	 -0.9318	1692	5	       	17.2
197.8205	+48.4847	1693	5	       	17.2
197.9086	+34.0014	1694	5	       	17.2
197.9577	+61.6683	1695	6	       	17.8
198.1401	+49.5518	1696	6	       	17.7
198.2257	+46.2519	1697	6	 0.1829	17.5
198.5262	 -7.0144	1698	6	       	17.6
198.7260	-22.0475	1699	6	       	17.4
198.6674	+28.7192	1700	5	       	17.2
198.3835	+61.0022	1701	5	       	17.0
198.6273	+45.1192	1702	6	       	17.8
198.7529	+51.8194	1703	6	       	18.0
198.6049	+64.5859	1704	6	       	17.8
198.4306	+72.8691	1705	6	       	17.7
199.0863	+41.3866	1706	5	       	17.2
198.9211	+58.2197	1707	6	       	17.6
199.2201	+46.4868	1708	6	       	17.8
199.6767	-21.4627	1709	4	       	16.4
199.4531	+43.6372	1710	5	       	17.2
199.6726	+10.9708	1711	5	       	17.2
199.6027	+34.2707	1712	6	       	18.0
199.7905	+58.0711	1713	5	       	17.2
200.1529	+33.4549	1714	6	       	18.0
200.1920	+37.7384	1715	5	       	17.0
200.2266	+33.9051	1716	6	       	17.8
200.2066	+41.4384	1717	5	       	17.2
199.8704	+66.8380	1718	6	       	17.8
200.3201	+36.3886	1719	6	       	18.0
200.5103	 +3.0888	1720	6	       	17.6
200.5566	+19.3889	1721	6	       	17.8
199.9291	+70.1048	1722	6	       	17.7
200.5173	+37.2056	1723	5	       	17.0
200.6494	+23.0057	1724	6	       	17.5
200.9701	-16.7938	1725	6	       	17.7
200.8105	+17.0893	1726	5	       	17.2
201.0573	-23.0437	1727	6	       	17.4
200.9210	+11.2728	1728	6	       	17.6
200.9963	 -3.3604	1729	5	       	17.2
200.9020	+21.4562	1730	6	       	17.6
200.6833	+58.1726	1731	5	       	17.2
201.2521	-20.2267	1732	6	       	17.5
201.5366	 +2.2072	1733	6	       	18.0
200.9733	+55.2064	1734	6	       	17.3
201.5184	+12.3905	1735	6	       	17.8
201.7174	-27.1092	1736	2	 0.0350	14.8
201.3477	+49.5570	1737	6	       	17.3
201.2824	+57.6070	1738	5	 0.1146	16.6
201.5584	+29.4407	1739	6	       	17.6
201.5256	+41.6573	1740	6	       	17.6
201.0179	+71.4733	1741	5	       	17.1
201.8158	+13.5744	1742	6	       	17.5
201.8840	 +3.6078	1743	6	       	17.8
201.4700	+59.3073	1744	5	       	17.2
201.7009	+53.8243	1745	7	       	18.4
201.9422	+35.4580	1746	5	       	17.2
201.8062	+52.6245	1747	6	       	18.0
202.4555	+18.4089	1748	6	       	17.4
202.3846	+37.6255	1749	4	 0.0590	16.0
202.7189	 -1.8407	1750	4	 0.0860	15.9
202.8262	 -5.7405	1751	6	       	17.6
202.7246	+31.7594	1752	5	       	17.2
202.9064	 +4.8430	1753	6	       	17.3
203.0126	-11.6568	1754	5	       	17.0
202.9348	+15.9598	1755	6	       	17.5
202.6134	+62.2094	1756	6	       	17.6
203.3873	-23.2728	1757	5	       	17.0
203.1338	+50.5103	1758	6	 0.2800	18.0
203.5000	+20.2442	1759	6	 0.1680	17.6
203.5250	+20.2109	1760	5	 0.1711	17.2
203.1935	+57.6438	1761	6	       	17.8
203.8929	+23.0950	1762	6	       	17.6
203.8188	+40.9616	1763	6	 0.1870	17.7
203.6736	+59.9114	1764	5	       	17.2
204.2197	+10.4289	1765	6	       	17.8
204.2684	+32.4624	1766	6	       	17.5
204.0014	+59.2120	1767	4	 0.0701	15.7
204.6689	-13.9536	1768	5	       	17.2
204.8046	+27.7635	1769	5	       	17.2
205.0130	+41.2806	1770	6	       	17.6
205.5489	-26.2686	1771	5	       	16.8
205.5137	-11.0852	1772	5	       	17.0
205.5358	 +2.2482	1773	3	 0.1773	15.6
205.2915	+40.0145	1774	6	 0.1691	17.6
205.4817	+26.3648	1775	4	 0.0696	15.7
205.2512	+58.0312	1776	5	       	17.2
204.8383	+71.6139	1777	6	       	17.6
206.0392	-11.1341	1778	5	       	16.6
205.8086	+47.6156	1779	6	       	17.6
206.1593	 +2.8828	1780	5	       	16.6
206.1208	+29.8495	1781	3	 0.0762	15.4
206.2358	+13.6997	1782	6	       	17.5
205.8392	+55.5991	1783	4	 0.0766	16.3
206.4031	 +5.7500	1784	6	       	17.3
206.1698	+38.1497	1785	5	 0.2136	17.2
206.3678	+44.9835	1786	6	       	17.6
206.4734	+36.8003	1787	6	       	17.8
206.2981	+53.7667	1788	6	       	17.7
206.5382	+39.6505	1789	6	       	17.8
206.5698	+54.0340	1790	6	       	17.7
207.2253	-25.4483	1791	5	       	17.0
206.9907	+30.8347	1792	6	       	17.8
207.0860	+32.2850	1793	4	 0.0849	16.4
207.5534	-26.3309	1794	5	       	17.0
207.2522	+26.5853	1795	4	 0.0616	16.0
207.5673	-11.9142	1796	5	       	17.2
207.3813	+25.0022	1797	5	       	17.0
207.0172	+57.5850	1798	6	       	17.6
207.3502	+35.4356	1799	5	       	17.2
207.4227	+28.0690	1800	3	 0.0724	15.4
207.6535	 +5.3194	1801	6	       	17.8
207.8551	-26.7136	1802	5	       	17.0
206.6557	+70.8344	1803	6	       	17.5
207.2933	+49.2355	1804	6	       	17.6
207.2920	+57.3689	1805	6	       	17.8
207.7154	+21.3030	1806	6	       	18.0
208.0877	 -9.7463	1807	6	       	18.0
208.0440	 +9.4037	1808	5	       	17.2
208.3287	 +5.1543	1809	4	 0.0788	15.8
208.1449	+36.2540	1810	5	       	17.2
207.4419	+71.0194	1811	6	       	17.5
208.2643	+37.7043	1812	5	       	17.0
208.3717	+35.5212	1813	4	       	16.0
208.5304	+14.9048	1814	5	       	17.2
208.6062	 +4.0216	1815	6	       	17.8
208.9314	-26.3611	1816	6	       	17.6
208.5685	+28.5716	1817	5	       	17.2
208.5984	+26.8883	1818	5	       	17.2
208.8052	+24.3555	1819	5	       	17.2
209.0650	+10.7727	1820	6	       	17.6
209.0106	+30.8060	1821	6	       	17.5
209.6299	-25.3762	1822	6	       	17.6
209.1809	+44.9231	1823	6	       	17.5
209.4218	+26.8403	1824	5	       	17.2
209.4892	+20.6571	1825	4	 0.0618	15.7
209.4601	+30.5904	1826	6	       	17.5
209.5612	+21.7072	1827	5	 0.0668	16.6
209.5951	+18.3906	1828	5	       	16.6
209.5578	+38.2906	1829	6	       	17.8
209.4424	+47.4071	1830	6	       	17.5
209.7925	+27.9911	1831	3	 0.0733	15.4
209.8126	+29.5412	1832	5	       	17.2
210.0543	 +4.6250	1833	5	       	17.0
209.6796	+49.5410	1834	5	       	17.2
210.2585	 +2.8588	1835	6	       	17.6
210.4191	-11.6075	1836	4	 0.0363	15.7
210.4430	-11.1575	1837	4	 0.0376	15.7
210.0697	+41.0586	1838	6	       	18.0
210.6273	 -4.8403	1839	6	       	17.4
210.3829	+30.5759	1840	5	 0.1104	17.2
210.4801	+23.3095	1841	6	       	17.5
210.5454	+17.7929	1842	5	       	17.2
210.6300	+14.1431	1843	6	       	17.8
210.6643	+10.5098	1844	5	       	17.2
210.8131	 -9.1065	1845	5	       	17.2
210.9325	-25.3730	1846	6	       	17.6
210.6814	+22.7266	1847	6	       	17.6
209.5307	+74.1244	1848	6	       	17.7
210.9013	+15.4271	1849	5	       	16.6
210.9426	 +9.1272	1850	6	       	17.5
209.8347	+72.1250	1851	5	       	17.2
211.0003	+15.7607	1852	5	       	16.6
211.3920	-19.7718	1853	6	       	17.3
211.0794	+31.0776	1854	6	       	17.5
211.2609	+47.0782	1855	6	       	17.6
211.5227	+25.1121	1856	5	       	17.2
212.1080	-24.7700	1857	6	       	17.6
211.9765	 -4.3203	1858	6	       	17.6
211.2896	+60.0951	1859	6	 0.0988	17.8
211.9041	+13.9630	1860	5	       	17.2
211.8635	+27.8129	1861	5	       	17.2
212.0236	 +6.5466	1862	5	       	17.2
211.8902	+27.2630	1863	5	       	17.2
212.0765	 +5.4467	1864	5	       	17.0
211.4773	+58.6622	1865	6	       	17.8
212.4480	 +6.7143	1866	5	       	17.2
212.2762	+31.1473	1867	6	       	17.5
212.3381	+27.6141	1868	6	       	17.5
212.3319	+29.4475	1869	5	       	17.2
212.6980	 +6.6483	1870	5	       	17.2
213.1016	-13.5007	1871	5	       	17.1
212.2620	+61.9476	1872	5	 0.1508	17.2
212.9350	+28.1490	1873	4	 0.0776	16.3
212.9295	+29.7490	1874	6	       	17.4
213.1277	+14.0328	1875	6	       	17.6
213.3784	-14.0667	1876	5	       	17.1
212.6084	+59.7818	1877	6	 0.1241	17.8
213.2057	+29.2164	1878	6	 0.2540	17.5
212.6134	+63.5985	1879	6	       	17.8
213.3029	+22.4000	1880	5	 0.1413	17.2
213.5471	 +6.8505	1881	5	       	17.0
213.6663	 -0.3325	1882	5	       	17.2
213.9065	-23.2487	1883	5	       	17.1
212.9632	+61.3827	1884	6	 0.1220	17.8
213.4447	+43.6672	1885	5	       	17.0
213.6868	+27.1344	1886	5	       	17.2
214.1163	+17.5855	1887	5	       	17.2
214.2770	+13.8692	1888	6	       	17.5
214.1731	+30.7190	1889	6	 0.1860	17.3
214.3930	 +8.1862	1890	3	 0.0570	15.5
214.3822	+28.0362	1891	5	       	17.0
212.4813	+78.7321	1892	5	       	16.5
213.2431	+74.3338	1893	6	       	17.5
214.4175	+43.3698	1894	5	       	17.0
213.6104	+71.2347	1895	6	       	17.7
214.6683	+37.7871	1896	5	       	17.2
215.2400	 -8.7783	1897	5	       	17.0
215.1406	+25.1550	1898	5	       	17.0
215.3394	+17.6888	1899	4	 0.0536	16.0
215.2741	+36.0221	1900	5	       	17.2
215.2547	+40.3221	1901	5	       	16.6
215.4431	+37.2892	1902	5	       	17.2
215.7069	+27.3566	1903	5	       	17.0
215.5329	+48.5562	1904	3	 0.0708	15.6
215.9175	+16.4738	1905	6	       	18.0
215.9395	+17.4238	1906	5	       	16.6
215.5751	+49.7064	1907	5	       	17.2
215.9846	+26.4240	1908	5	       	17.1
216.0148	+24.9241	1909	5	       	16.8
216.0887	+25.2076	1910	6	       	17.8
216.1084	+38.9578	1911	5	 0.1913	17.2
216.4076	+26.7419	1912	5	       	17.0
216.7159	+16.6761	1913	4	 0.0533	16.0
216.5124	+37.8256	1914	5	 0.1712	17.2
216.6614	+32.1760	1915	6	       	17.6
217.0893	 -8.1563	1916	6	       	17.8
217.0047	+20.0269	1917	6	       	18.0
216.2899	+63.1586	1918	6	 0.1415	17.5
217.4246	 +5.3947	1919	6	       	17.6
216.8206	+55.7767	1920	5	 0.1310	17.0
217.3189	+23.0945	1921	5	 0.1352	17.2
217.5021	+20.5950	1922	6	       	17.6
217.5053	+19.6284	1923	5	       	17.2
217.8851	-22.3708	1924	5	       	17.0
217.1086	+56.8609	1925	5	       	17.2
217.6379	+24.6455	1926	5	       	16.6
217.7590	+25.6625	1927	4	 0.0740	16.0
218.0519	 +4.5299	1928	6	       	17.6
217.9689	+29.5298	1929	6	 0.2191	17.3
218.1601	+31.6137	1930	5	 0.1313	17.0
217.9990	+44.2633	1931	5	       	17.2
218.0564	+47.0969	1932	5	       	17.2
217.2725	+70.1283	1933	6	       	17.3
218.3434	+29.4476	1934	6	 0.2195	17.4
218.9763	-19.3175	1935	6	       	17.5
218.6194	+54.8153	1936	5	 0.1386	17.0
218.6098	+58.2654	1937	5	 0.1382	17.2
219.4412	 -0.2659	1938	5	       	17.2
219.3092	+24.8338	1939	5	 0.0883	16.6
218.8650	+55.1494	1940	5	 0.1396	17.0
219.3869	+30.5008	1941	6	       	17.5
219.6541	 +3.6681	1942	6	 0.2240	17.5
219.4129	+30.2342	1943	6	       	17.6
219.4620	+30.4177	1944	5	       	17.2
220.0382	-22.2809	1945	6	       	17.6
219.4664	+40.2178	1946	6	       	17.6
219.5203	+39.4346	1947	6	       	17.5
219.4155	+48.6010	1948	5	       	17.2
220.0071	+18.1359	1949	5	       	17.2
220.1240	+13.0696	1950	5	       	17.2
215.9881	+83.2926	1951	6	       	17.7
220.2676	+28.6368	1952	6	 0.2480	18.0
220.4730	+13.2873	1953	5	       	16.6
220.5176	+28.5209	1954	6	 0.1810	17.6
221.0048	 -4.5278	1955	6	       	17.8
220.7289	+31.6549	1956	6	       	17.6
220.7808	+31.2051	1957	6	 0.2410	17.8
220.8067	+30.9719	1958	6	 0.2284	17.8
220.9824	+17.7056	1959	6	       	17.4
221.1265	+19.3395	1960	5	 0.1876	16.6
221.1300	+31.1896	1961	6	 0.2320	17.8
220.7294	+55.2052	1962	5	       	17.2
221.2036	+31.4731	1963	6	       	17.7
221.6938	 -8.7756	1964	5	       	16.9
221.3052	+36.4568	1965	6	       	17.6
221.0377	+58.8896	1966	6	       	18.0
221.8086	 +9.7749	1967	6	       	17.8
221.7008	+31.8580	1968	6	       	17.8
220.9710	+63.6895	1969	6	       	17.7
221.9215	+13.3586	1970	5	       	17.2
221.9915	+14.7922	1971	5	       	17.2
222.0830	+23.9426	1972	5	 0.1189	17.2
222.0690	+27.4425	1973	6	       	17.6
220.7904	+74.8227	1974	6	       	17.5
221.5787	+69.1583	1975	5	       	17.1
222.5936	+20.9609	1976	5	 0.1169	16.9
223.0513	-24.4880	1977	5	       	17.0
222.6915	+14.5945	1978	5	       	16.8
222.7511	+31.2781	1979	5	 0.1687	17.2
222.8867	+22.6618	1980	5	 0.1152	17.2
223.3513	-24.3703	1981	5	       	17.0
222.8034	+30.7283	1982	5	       	16.6
223.1834	+16.7461	1983	3	 0.0441	15.4
223.0900	+27.9459	1984	5	 0.1231	17.2
223.3207	 +5.9298	1985	5	       	17.2
223.2890	+21.9132	1986	5	 0.1182	16.9
223.2201	+32.3630	1987	6	       	17.6
223.3682	+20.7801	1988	5	 0.1160	17.2
223.5964	 +5.6974	1989	5	       	17.2
223.4387	+28.0804	1990	5	 0.1269	17.2
223.6260	+18.6309	1991	3	 0.0586	15.4
223.3983	+45.1971	1992	6	       	17.8
223.9842	 +1.8487	1993	6	       	17.5
224.0601	 -5.8345	1994	6	       	17.7
223.2100	+58.0466	1995	7	       	18.4
224.3511	-23.9170	1996	6	       	17.4
223.9701	+20.0654	1997	5	 0.2499	17.0
224.2354	 +1.4995	1998	6	       	17.5
223.5238	+54.3143	1999	4	 0.1032	15.7
223.6467	+54.4647	2000	5	       	16.6
224.2593	+22.7497	2001	5	 0.1122	17.2
223.2582	+68.3638	2002	6	       	17.7
224.6716	+19.4511	2003	5	 0.2172	17.2
224.6498	+24.9344	2004	5	 0.0640	17.0
224.6875	+27.8179	2005	4	 0.1257	16.0
224.8955	+19.6685	2006	5	 0.1164	17.2
224.7129	+38.0014	2007	5	       	16.9
225.0067	+23.1356	2008	6	 0.1810	17.5
225.0636	+21.3691	2009	5	 0.1530	17.2
221.8775	+81.1438	2010	6	       	17.5
224.9585	+49.7524	2011	5	       	17.2
225.4568	+16.5204	2012	5	 0.1511	16.6
224.6943	+60.5017	2013	6	       	18.0
225.8975	-16.0283	2014	6	       	17.5
224.8995	+55.9856	2015	6	       	17.6
225.6762	+11.2045	2016	6	       	17.6
225.6306	+23.1711	2017	5	       	16.6
225.3016	+47.2702	2018	5	       	16.6
225.7384	+27.1882	2019	4	       	16.3
225.9377	 +7.9220	2020	4	 0.0578	16.0
225.8808	+23.0220	2021	5	 0.0994	17.0
226.0823	+28.4227	2022	3	 0.0564	15.6
226.4554	 +2.8571	2023	5	       	17.2
226.3738	+47.1239	2024	6	       	18.0
226.6769	+34.4582	2025	5	       	17.2
227.1414	 -0.2738	2026	5	       	16.7
226.8281	+42.7588	2027	6	       	17.7
227.3885	 +7.5271	2028	4	 0.0772	15.7
227.7447	 +5.7617	2029	4	 0.0767	16.0
227.8157	 -0.0881	2030	5	       	16.9
227.9811	-11.1876	2031	5	       	17.1
225.1678	+77.8043	2032	6	       	17.9
227.8675	 +6.3622	2033	4	       	15.7
227.5547	+33.5280	2034	5	       	16.9
228.0373	 -6.0540	2035	5	       	17.1
227.8734	+18.0623	2036	4	 0.1163	16.0
226.3101	+72.2078	2037	6	       	17.5
228.0593	+15.2296	2038	5	       	17.2
228.1548	 +9.7966	2039	5	       	17.2
228.1885	 +7.4300	2040	4	 0.0456	15.7
226.7391	+68.8758	2041	5	       	17.0
227.8379	+36.5457	2042	5	       	17.2
228.1795	+16.4300	2043	5	       	17.2
228.2127	+14.3135	2044	6	       	17.6
228.5504	 -2.7521	2045	5	       	17.1
228.1714	+34.8469	2046	5	       	16.9
225.8310	+78.1234	2047	6	       	17.9
228.8244	 +4.3823	2048	4	 0.0945	16.0
228.6863	+31.7820	2049	5	       	17.0
229.0901	 +0.0999	2050	5	 0.1183	17.1
229.1939	 -0.9497	2051	6	       	17.4
229.1897	 +7.0003	2052	3	 0.0348	15.0
229.3179	 -0.6826	2053	6	 0.1127	17.4
228.6446	+54.7822	2054	6	       	17.6
229.6925	 +6.2021	2055	4	 0.0530	16.0
229.8015	+28.2694	2056	5	 0.0763	16.9
230.2555	-10.6626	2057	5	       	17.1
228.4520	+71.8488	2058	6	       	17.9
230.0733	+28.8371	2059	5	       	17.0
230.5865	-12.1614	2060	6	       	17.7
230.3138	+30.6547	2061	4	 0.0768	15.7
230.3315	+32.0881	2062	5	       	16.6
230.7578	 +8.6395	2063	3	 0.0337	15.1
230.2477	+48.6380	2064	5	 0.1076	16.6
230.6776	+27.7227	2065	3	 0.0721	15.6
230.9865	 +1.0403	2066	5	       	17.2
230.8116	+30.9065	2067	4	 0.0732	15.7
229.4559	+71.4858	2068	6	       	17.7
230.9915	+29.8905	2069	5	 0.1160	16.6
231.0628	+35.2409	2070	6	       	17.5
231.1773	+37.0080	2071	5	       	17.2
231.4691	+18.2089	2072	5	       	17.0
231.4231	+28.4088	2073	5	       	16.9
230.6780	+63.7566	2074	5	       	17.1
229.9180	+74.0044	2075	5	       	17.1
231.5294	+44.1261	2076	6	       	17.8
231.0323	+62.0412	2077	6	       	17.7
232.4662	-13.0042	2078	6	       	17.5
232.0198	+28.8778	2079	3	 0.0662	15.4
231.8955	+41.7274	2080	6	       	17.3
232.6332	-10.9869	2081	6	       	17.7
232.6772	 +3.4467	2082	5	       	17.0
232.3597	+30.7457	2083	5	 0.1143	16.9
232.5344	+35.2965	2084	6	 0.3420	17.3
232.9118	 +7.3643	2085	6	       	17.7
231.0309	+72.3751	2086	6	       	17.7
231.1858	+71.5923	2087	6	       	17.6
232.7622	+38.8641	2088	6	       	17.5
233.1722	+28.0155	2089	4	 0.0743	15.8
232.4326	+61.5632	2090	5	       	17.1
233.5752	+10.2336	2091	6	       	17.5
233.3308	+31.1495	2092	4	 0.0669	15.7
233.5718	+37.0338	2093	5	       	17.2
234.1484	 -2.0310	2094	5	       	16.7
233.6991	+40.5177	2095	6	       	17.8
233.8444	+37.3349	2096	5	       	17.0
233.8549	+39.5850	2097	6	       	17.8
232.7702	+69.5149	2098	6	       	17.7
233.9006	+43.7352	2099	6	       	17.8
234.0919	+37.6359	2100	5	 0.1533	17.0
234.5162	+12.2873	2101	5	       	17.2
233.0960	+70.1662	2102	6	       	17.7
234.9740	 -2.1610	2103	5	       	17.1
235.0285	 -3.2942	2104	6	       	17.4
232.7589	+74.0819	2105	5	       	17.2
234.7394	+33.6717	2106	5	       	17.2
234.9497	+21.7724	2107	4	 0.0421	15.7
235.0171	+17.8893	2108	4	 0.0919	15.7
235.1664	 +6.0231	2109	6	       	17.4
234.9305	+30.7058	2110	5	 0.0978	17.0
234.9098	+34.4057	2111	6	 0.2290	17.8
234.9734	+36.2893	2112	6	       	17.8
235.3968	 +4.6740	2113	5	       	17.1
235.1027	+43.0233	2114	6	       	17.8
233.9680	+70.0530	2115	6	       	17.8
235.5530	+42.8251	2116	6	       	17.8
235.5709	+43.7585	2117	6	       	17.8
235.6353	+41.8087	2118	5	       	17.1
236.2518	 +9.5108	2119	5	       	17.2
235.9822	+34.4934	2120	6	       	17.8
234.7707	+69.7895	2121	6	       	17.4
236.1221	+36.1273	2122	5	       	16.6
236.7738	 -8.1706	2123	6	       	17.5
236.2472	+36.0611	2124	3	 0.0654	15.6
235.2431	+66.3078	2125	6	 0.2465	17.6
236.6774	+25.9794	2126	6	       	17.6
234.4329	+76.2554	2127	6	       	17.9
237.2279	 -3.0520	2128	5	       	16.5
237.1054	+20.0477	2129	6	       	17.8
236.9677	+36.5640	2130	6	       	17.8
237.1455	+36.0647	2131	6	       	17.5
235.8728	+70.2106	2132	5	       	16.9
237.4685	+36.2827	2133	6	       	17.8
236.1411	+71.0117	2134	6	       	17.5
238.2528	+50.5695	2135	6	       	17.6
238.3218	+51.1198	2136	6	       	17.6
238.1695	+62.0362	2137	5	       	17.1
239.1560	+33.7563	2138	6	       	17.5
238.3472	+65.3871	2139	6	       	17.4
239.1441	+48.6565	2140	6	       	17.5
239.4450	+35.4576	2141	5	       	17.2
239.5673	+27.2246	2142	4	 0.0899	16.0
239.5074	+37.3912	2143	5	       	16.6
238.1447	+70.5199	2144	6	       	17.5
240.0825	+33.2602	2145	5	       	16.6
239.0196	+66.3399	2146	6	       	17.7
240.5716	+15.8954	2147	1	 0.0356	13.8
240.8250	+25.4632	2148	3	 0.0442	15.4
240.4088	+53.8786	2149	4	       	16.1
239.3515	+71.3917	2150	6	       	17.7
241.3125	+17.7485	2151	1	 0.0371	13.8
241.3435	+16.4487	2152	1	 0.0374	13.8
241.7042	+14.0835	2153	5	       	16.9
240.6171	+65.0966	2154	6	       	17.6
241.8263	+25.0008	2155	6	       	17.5
240.1623	+73.1952	2156	6	       	17.5
241.8695	+47.8514	2157	6	       	17.7
242.0614	+43.0021	2158	5	 0.1349	16.8
242.8900	+16.9720	2159	4	       	15.9
242.8731	+29.9387	2160	6	       	17.9
241.3570	+71.5168	2161	6	       	17.5
243.1250	+29.5398	2162	1	 0.0320	13.7
243.8922	 -6.1239	2163	6	 0.1698	17.5
242.6050	+60.4049	2164	6	       	17.5
243.5405	+26.6749	2165	6	 0.1286	17.4
243.0479	+55.9733	2166	5	       	17.1
243.5680	+38.4252	2167	6	       	17.6
243.2713	+54.1576	2168	5	       	16.5
243.5277	+49.1252	2169	4	       	15.9
244.2084	+23.1778	2170	4	       	15.9
242.6174	+71.6556	2171	6	       	17.9
244.1870	+42.3946	2172	5	 0.1387	17.1
245.0761	 +8.8981	2173	5	       	17.1
244.0621	+61.0779	2174	5	       	17.1
245.0955	+29.9151	2175	4	 0.0978	16.2
243.3725	+71.4255	2176	5	       	17.1
245.2438	+25.7490	2177	6	 0.0769	17.5
245.3746	+24.6496	2178	5	 0.0928	17.1
245.0601	+42.4151	2179	5	 0.1360	17.1
245.0387	+47.6651	2180	5	       	17.1
242.6436	+77.4899	2181	6	       	17.7
245.7754	+14.4179	2182	6	       	17.4
245.3821	+42.7165	2183	5	 0.1365	17.1
245.2622	+50.1995	2184	4	 0.0550	15.9
244.2018	+70.5957	2185	6	       	17.4
246.2522	+28.5368	2186	5	       	17.1
246.0676	+41.2529	2187	5	 0.1825	17.1
246.2955	+33.7371	2188	5	       	17.1
244.7176	+72.4315	2189	5	       	17.1
246.4969	+43.6882	2190	6	       	17.7
246.9165	+25.8731	2191	6	       	17.7
246.6551	+42.6722	2192	5	 0.1868	17.1
247.0383	+21.7736	2193	5	       	17.1
246.2455	+57.1707	2194	5	       	16.9
246.6514	+48.5389	2195	6	       	17.4
246.8394	+41.4896	2196	5	 0.1332	16.9
247.0436	+40.9072	2197	1	 0.0303	13.9
247.0198	+43.8238	2198	6	 0.0798	17.7
247.1541	+39.5243	2199	1	 0.0303	13.9
247.3531	+28.1751	2200	5	       	17.1
246.7440	+55.4562	2201	5	       	17.1
247.3220	+48.8253	2202	5	       	17.1
245.7137	+73.3527	2203	5	       	17.1
248.1904	 +5.5785	2204	5	 0.1523	17.1
248.1316	+12.8784	2205	5	       	16.5
247.7477	+43.3271	2206	6	       	17.7
246.9297	+65.4241	2207	6	       	17.6
247.3958	+58.5092	2208	5	       	17.1
246.0991	+73.5711	2209	6	       	17.9
248.6907	 +5.4808	2210	5	 0.1465	17.1
248.5161	+40.9305	2211	6	 0.1355	17.4
248.3652	+49.2633	2212	5	       	16.9
249.1374	+41.2833	2213	6	 0.1597	17.7
249.4378	+37.9013	2214	6	       	17.6
249.5255	+48.0519	2215	5	       	17.1
248.6334	+67.6653	2216	6	       	17.4
250.1771	+27.9045	2217	5	       	17.1
248.9751	+66.2167	2218	6	 0.1710	17.7
250.0881	+46.6877	2219	6	       	17.4
249.9090	+53.7538	2220	6	 0.1106	17.5
250.2692	+43.2552	2221	6	       	17.7
250.2732	+42.7885	2222	6	       	17.7
250.6295	+27.4232	2223	5	       	16.5
250.8533	+13.3407	2224	6	 0.1504	17.4
249.9314	+55.7539	2225	6	       	17.5
249.5983	+67.0530	2226	6	       	17.6
250.7629	+51.2743	2227	6	       	17.4
251.9384	+29.9293	2228	5	       	16.9
250.7099	+65.6246	2229	6	       	17.7
251.7908	+48.5956	2230	5	       	16.8
251.6165	+56.4950	2231	6	       	17.9
251.8729	+61.7464	2232	7	       	18.1
253.1159	+43.1683	2233	6	       	17.4
252.6900	+56.4333	2234	6	       	17.7
253.7413	+40.0211	2235	5	 0.1511	17.1
252.5964	+71.4671	2236	5	       	17.1
253.8303	+55.2386	2237	6	       	17.7
254.4121	+37.2242	2238	6	       	17.4
253.7972	+58.9052	2239	5	       	17.1
253.5189	+66.7377	2240	6	 0.1380	17.4
254.9192	+32.5432	2241	3	 0.0635	15.6
254.3908	+54.4245	2242	5	       	16.9
255.4517	+35.0624	2243	5	       	17.1
255.6835	+34.0468	2244	5	 0.0970	16.6
255.6870	+33.5301	2245	5	       	16.5
255.1832	+64.2120	2246	6	 0.2250	17.6
251.8425	+81.5660	2247	3	 0.0392	15.3
254.4487	+77.0100	2248	3	 0.0663	15.5
257.4294	+34.4550	2249	3	 0.0809	15.4
257.6901	+39.6897	2250	5	 0.0654	16.5
258.1398	+24.8083	2251	6	       	17.6
258.4726	+49.3936	2252	6	 0.1147	17.5
258.7723	+38.6615	2253	5	       	16.5
259.4177	+19.7143	2254	6	       	17.7
258.1295	+64.0926	2255	3	 0.0800	15.3
255.9316	+78.7174	2256	3	 0.0601	15.3
259.4909	+32.5815	2257	5	 0.1054	17.1
259.7215	+31.7159	2258	6	       	17.7
260.0471	+27.6507	2259	5	       	17.1
258.3688	+72.1277	2260	5	       	17.1
260.6181	+32.1535	2261	6	       	17.4
260.8198	+23.7544	2262	6	       	17.4
260.8011	+26.9377	2263	5	 0.1051	16.9
260.9372	+29.1883	2264	6	       	17.7
257.8420	+77.4261	2265	6	       	17.4
261.1682	+32.1062	2266	6	 0.1671	17.5
260.7445	+61.0216	2267	6	       	17.9
261.6923	+55.3426	2268	6	       	17.7
261.9469	+49.1603	2269	6	       	17.9
261.8196	+55.1765	2270	6	 0.2377	17.7
259.3233	+78.0167	2271	4	 0.0568	15.7
263.2289	+40.5996	2272	5	       	16.5
263.4384	+42.3839	2273	6	       	17.4
260.9806	+77.4245	2274	5	       	17.2
263.9959	+53.1869	2275	5	       	16.5
263.7224	+64.0361	2276	6	       	17.4
263.0921	+70.9003	2277	6	       	17.5
265.0590	+39.8917	2278	6	       	17.5
265.8878	+24.7455	2279	6	       	17.3
265.7779	+63.7460	2280	6	       	17.9
265.7549	+64.6460	2281	6	       	17.6
265.6963	+71.7963	2282	6	       	17.4
266.1169	+69.6481	2283	6	 0.1830	17.4
268.0791	+54.2734	2284	5	       	16.9
268.5829	+42.8255	2285	5	       	17.0
268.3337	+52.0746	2286	5	       	16.9
265.0060	+79.5779	2287	6	       	17.5
268.2649	+59.6912	2288	5	       	16.9
268.4942	+58.0756	2289	6	       	17.5
267.6123	+73.3225	2290	5	       	17.1
269.2203	+51.1455	2291	6	       	17.6
269.3101	+53.8294	2292	5	       	17.1
270.3267	+57.6344	2293	4	       	16.2
260.8186	+85.8800	2294	6	       	17.7
269.9826	+69.2168	2295	4	 0.0508	16.2
268.4919	+77.6776	2296	4	       	15.9
271.4870	+42.3730	2297	5	       	17.0
271.7066	+50.2242	2298	6	       	17.4
272.2728	+43.9435	2299	6	       	17.3
271.1167	+76.6734	2300	5	       	17.1
273.6924	+69.6515	2301	4	 0.0874	15.8
274.9867	+57.1404	2302	6	       	17.4
270.1365	+82.8879	2303	5	       	16.7
274.8968	+68.9240	2304	5	       	17.0
275.6956	+71.3614	2305	5	       	17.0
276.2801	+74.7147	2306	5	       	17.0
278.5160	+61.1742	2307	6	       	17.8
278.3913	+71.0243	2308	4	       	16.4
280.5147	+77.7023	2309	4	       	15.8
281.8597	+73.3078	2310	5	       	17.0
282.4300	+70.3769	2311	4	       	16.0
283.4095	+68.3646	2312	4	       	15.8
282.5736	+78.3955	2313	6	       	17.4
282.8768	+78.9971	2314	5	       	17.2
285.2064	+69.9566	2315	4	       	16.3
283.8362	+80.0353	2316	6	       	17.4
287.0720	+69.0652	2317	6	 0.2110	17.6
286.3249	+78.1464	2318	5	       	17.0
290.1890	+43.9618	2319	3	 0.0564	15.4
289.1299	+70.9915	2320	5	 0.1710	16.9
292.8337	+73.4085	2321	6	       	17.6
300.0972	+73.2065	2322	6	       	17.6
299.2775	+80.1877	2323	6	       	17.3
306.0748	-20.3042	2324	5	       	16.8
307.5442	-24.9151	2325	5	       	16.8
307.5414	+69.8695	2326	6	       	17.4
306.7550	+82.6019	2327	5	       	16.8
312.0579	-17.8148	2328	4	 0.1470	16.4
313.9266	 -9.9914	2329	6	       	17.5
314.4471	-22.0397	2330	6	 0.1138	17.4
314.5433	 -7.7559	2331	4	       	16.3
314.8766	-16.9381	2332	6	       	17.5
315.2100	-19.2370	2333	5	       	16.8
316.0579	-25.2508	2334	6	       	17.4
316.5182	-21.7825	2335	6	       	17.4
316.8154	-21.1649	2336	6	       	17.4
319.3662	-22.3399	2337	6	       	17.4
320.2541	-26.1204	2338	5	       	17.0
320.2866	-21.4536	2339	5	 0.1128	17.0
320.3068	-12.7869	2340	5	       	17.1
320.4177	-23.1866	2341	5	       	17.0
320.4812	-12.6530	2342	6	       	17.5
320.6079	 -5.3859	2343	5	       	17.1
321.4076	-20.7835	2344	6	 0.1447	17.6
321.7784	-12.1323	2345	5	       	16.9
321.9811	-13.0317	2346	5	       	16.5
322.3861	-22.2139	2347	4	 0.1196	16.4
322.4245	-11.0470	2348	5	       	17.1
322.8544	 +3.9376	2349	5	       	17.1
323.0085	 -5.8953	2350	5	       	17.1
323.6058	-13.3936	2351	5	       	17.1
323.6133	-15.8269	2352	6	       	17.5
323.5957	 -1.5936	2353	5	       	16.8
323.9601	-14.9092	2354	5	       	17.1
323.8371	 +1.3905	2355	6	 0.1244	17.7
323.9407	 +0.1241	2356	5	 0.1161	17.1
324.1617	-23.2420	2357	5	       	17.0
324.2627	-15.8750	2358	6	       	17.5
324.0237	+14.4411	2359	6	       	17.6
324.2852	-15.0583	2360	6	       	17.7
324.7824	-14.3235	2361	5	       	16.7
325.1819	-14.2724	2362	5	       	16.9
325.2645	 -8.3222	2363	5	       	17.1
325.5000	-20.3049	2364	6	       	17.4
325.7446	-18.6875	2365	5	       	17.0
325.7101	 -6.8709	2366	4	 0.0542	15.9
325.7136	 -8.0876	2367	5	       	17.1
326.0232	-19.9701	2368	6	       	17.5
326.1430	-18.3364	2369	5	       	17.0
326.2213	-19.4696	2370	5	       	17.1
326.2862	-24.2027	2371	5	       	17.1
326.3227	-19.9693	2372	5	       	16.5
326.1632	 +1.0637	2373	6	       	17.5
326.3114	 -7.4193	2374	5	       	17.1
326.4949	-19.1355	2375	5	       	17.1
326.4669	 -9.4355	2376	5	       	17.1
326.4935	-10.0355	2377	5	 0.0808	16.9
326.8220	-19.9846	2378	5	       	16.5
326.8641	 +0.7489	2379	5	       	17.1
327.6035	 -4.7158	2380	6	       	17.7
327.7351	 +2.2845	2381	5	       	17.1
328.0078	-15.6481	2382	4	 0.0648	16.0
328.0488	-21.1980	2383	5	       	16.9
328.0689	-19.5480	2384	4	 0.2384	15.9
328.2805	-23.5308	2385	5	       	17.1
327.9463	+25.1351	2386	6	       	17.6
324.6663	+83.1113	2387	5	       	17.0
328.3948	 +8.2363	2388	5	 0.0615	16.5
328.5262	 -3.9634	2389	6	       	17.4
328.3942	+17.6696	2390	6	       	17.6
328.6559	-15.2464	2391	5	       	17.2
328.5895	 +0.6201	2392	6	       	17.7
328.6996	 -3.3463	2393	6	       	17.7
328.9167	-19.2291	2394	5	       	17.1
328.8187	 +8.7540	2395	5	       	17.1
328.9090	+12.4876	2396	6	       	17.5
329.0377	 +1.3379	2397	6	 0.2240	17.9
329.0245	 +6.5212	2398	5	       	17.1
329.3857	 -7.7946	2399	3	 0.0587	15.6
329.4448	-11.3778	2400	5	 0.0881	16.5
329.7180	-20.0938	2401	5	       	16.5
329.6655	 -9.7606	2402	5	       	16.5
329.7377	-18.1937	2403	5	       	17.1
329.8524	-14.4101	2404	6	       	17.8
329.8865	-17.8267	2405	5	       	17.1
330.2382	+11.3075	2406	6	       	17.7
330.2730	 +7.3910	2407	5	       	17.1
330.3260	 +6.1744	2408	5	       	17.1
330.2377	+20.9576	2409	5	       	16.8
330.5152	 -9.8918	2410	4	 0.0806	16.0
330.6367	 -8.5249	2411	6	       	17.5
331.0446	-21.4406	2412	4	 0.0735	15.9
331.0388	+11.3095	2413	6	       	17.4
331.1700	 +8.8098	2414	5	       	17.1
331.3542	 -5.5898	2415	4	 0.0597	15.9
331.2549	-25.2234	2416	6	       	17.5
331.8265	-24.4221	2417	5	       	17.1
332.2556	-26.1878	2418	6	       	17.5
332.3242	+17.7958	2419	5	       	16.9
332.5940	-12.1870	2420	5	 0.0838	16.8
332.6654	-10.6868	2421	5	       	16.8
332.6517	 +6.3465	2422	6	       	17.7
332.6780	 +5.7633	2423	6	       	17.7
333.2116	+13.0645	2424	6	       	17.4
333.4029	 +5.9482	2425	6	       	17.7
333.6139	-10.3680	2426	5	       	16.8
333.8710	-23.8508	2427	6	       	17.7
334.0613	 -9.3504	2428	5	       	17.2
334.2715	 +9.0668	2429	6	       	17.7
334.5608	 -9.2827	2430	6	       	17.6
334.4970	 +8.9339	2431	6	       	17.7
334.5002	 +7.4506	2432	6	       	17.7
334.6109	+14.0175	2433	5	       	17.1
334.8214	-14.2154	2434	5	       	17.0
334.7468	 +9.1178	2435	6	       	17.7
335.1218	 -2.7981	2436	5	       	16.9
335.2136	+13.0854	2437	6	       	17.5
335.4737	-15.5808	2438	5	       	17.2
335.6399	 +0.5529	2439	6	       	17.5
335.9692	 -1.5964	2440	4	 0.0904	16.0
336.4225	 -3.2788	2441	5	       	17.2
336.4540	 -6.5788	2442	5	       	17.2
336.5310	+17.3380	2443	5	 0.1080	16.5
336.8900	-23.8446	2444	6	 0.3240	17.9
336.6871	+25.8217	2445	6	       	17.8
337.4258	 -5.1936	2446	5	       	17.2
337.6334	 +4.0735	2447	6	       	17.7
337.9317	 -8.4426	2448	4	 0.0810	16.0
338.0880	+14.8910	2449	5	       	17.1
338.2576	 -9.0420	2450	6	       	18.0
338.3098	 +3.4081	2451	6	       	17.7
338.4320	 -8.7917	2452	6	       	18.0
338.3350	+16.5914	2453	5	       	17.1
338.5555	 +5.7918	2454	5	       	17.1
338.7160	-13.6912	2455	5	       	17.2
338.7690	-15.2911	2456	5	       	17.2
338.9384	 +1.4759	2457	4	 0.0597	16.0
338.9070	+18.5258	2458	5	       	16.9
339.1442	-15.6571	2459	4	 0.0736	16.0
339.4089	+17.9267	2460	5	       	16.9
339.7038	-21.0895	2461	5	       	17.1
339.7716	-17.3560	2462	4	 0.0698	16.2
339.6846	 +3.7105	2463	6	       	17.7
339.7977	 -3.9560	2464	6	       	17.8
339.8757	 -5.7392	2465	6	       	17.8
340.1277	-20.9054	2466	6	       	17.7
340.0307	 +6.0611	2467	5	       	17.1
340.1271	 +8.2112	2468	6	       	17.7
340.1201	+12.2612	2469	5	 0.0656	17.1
340.1362	+17.2446	2470	5	       	17.1
340.4539	 +7.2618	2471	6	 0.1078	17.7
340.4611	+17.5285	2472	6	       	17.9
340.6136	-13.5380	2473	6	       	17.6
340.7503	-20.2044	2474	6	       	17.3
340.6537	 +7.4621	2475	6	       	17.9
340.7681	+13.7790	2476	6	       	17.5
340.9944	-17.1207	2477	5	       	16.9
341.1452	-17.7038	2478	6	       	17.3
341.2629	+17.1964	2479	5	       	16.5
341.5196	-17.6865	2480	5	       	16.9
341.7013	-21.6529	2481	6	       	17.5
341.7706	 -3.0194	2482	6	       	17.8
341.8333	 +4.9807	2483	6	       	17.9
342.0638	 +1.3977	2484	6	       	18.0
342.1411	-16.1189	2485	5	       	17.2
342.1892	+17.1645	2486	5	       	17.1
342.3489	-20.9519	2487	6	       	17.5
342.3784	-23.5518	2488	6	       	17.5
342.2991	 -5.4186	2489	6	       	18.0
342.3216	 -3.7853	2490	5	       	17.2
342.3616	+18.8815	2491	6	       	17.5
342.6205	-19.2515	2492	5	       	16.5
342.6822	-26.0347	2493	5	       	17.1
342.5658	+16.5151	2494	6	       	17.4
342.5996	+10.8985	2495	5	       	16.5
342.7407	-16.4013	2496	5	 0.1233	17.2
342.7964	-19.9179	2497	6	       	17.4
342.9948	+14.3324	2498	6	       	17.9
343.2808	-25.9672	2499	5	       	17.1
343.4545	-25.4669	2500	5	       	16.9
343.4937	+15.4664	2501	6	       	17.9
343.7645	-16.5498	2502	5	       	16.6
343.6961	+29.4667	2503	4	       	16.4
344.0367	-14.9161	2504	5	       	17.2
344.1166	 -0.5327	2505	6	       	17.6
344.1476	+13.3340	2506	5	 0.0331	17.1
344.1835	 +5.5007	2507	6	       	17.6
344.3211	+14.4842	2508	6	       	17.5
344.4713	-21.7322	2509	5	 0.2306	17.1
344.5653	 +0.4346	2510	6	       	17.8
344.7259	 -7.6152	2511	4	       	16.0
344.9027	+10.1017	2512	5	       	17.1
344.8544	+26.2516	2513	6	       	17.9
345.0724	-23.1981	2514	6	       	17.6
344.9215	+31.0517	2515	6	       	17.6
344.9913	+18.5184	2516	5	       	17.1
345.0522	+10.6352	2517	6	       	17.5
345.1986	-24.1646	2518	5	 0.1351	17.2
345.2355	-15.0812	2519	5	       	17.2
345.1728	+14.0020	2520	6	       	17.7
345.5696	-21.9808	2521	5	 0.1359	16.9
345.4731	+14.0524	2522	6	       	17.7
345.8874	-17.1638	2523	5	       	17.0
345.7936	+17.7361	2524	5	       	16.5
345.9039	-10.5804	2525	4	       	16.0
346.0216	-24.0303	2526	6	       	17.4
346.2979	-25.3133	2527	6	       	17.7
346.4172	-21.3965	2528	5	 0.0955	16.8
346.5815	-13.2463	2529	5	       	17.2
346.5173	+19.6036	2530	5	       	17.1
346.7419	-21.6794	2531	5	 0.1741	17.1
346.6553	+28.5038	2532	6	       	17.5
346.8086	-15.2127	2533	5	       	17.2
346.8929	-22.6626	2534	6	 0.1976	17.5
346.6848	+40.6538	2535	5	       	16.9
346.9425	-22.4292	2536	6	 0.1971	17.5
347.0683	 -2.1791	2537	6	       	18.0
347.1638	-19.8789	2538	5	 0.0817	16.5
347.1908	-21.4789	2539	5	 0.1735	16.9
347.3664	-22.1620	2540	5	 0.1297	17.1
347.5171	-22.9619	2541	5	 0.1018	17.1
347.5190	-24.4952	2542	5	 0.1603	17.1
347.5073	-14.9119	2543	5	       	17.2
347.5776	-10.8118	2544	5	       	17.2
347.5351	 +5.3881	2545	6	       	17.6
347.6913	-22.6617	2546	5	 0.1119	17.1
347.7144	-21.1283	2547	5	 0.1492	16.9
347.8383	-20.4282	2548	5	 0.1101	16.9
347.8296	-12.8116	2549	5	       	17.0
347.8898	-21.7448	2550	5	 0.1543	16.9
347.8326	 +7.8718	2551	6	       	17.5
347.8621	 +3.5885	2552	6	       	18.0
348.0934	-24.9446	2553	6	       	17.3
348.1141	-21.4779	2554	5	 0.1060	16.9
348.1898	-22.2112	2555	5	 0.1385	16.9
348.2640	-21.6278	2556	5	 0.0865	16.9
348.2587	-16.9778	2557	5	       	17.2
348.2053	+10.3055	2558	5	       	17.1
348.2800	-13.6944	2559	5	 0.0796	17.0
348.3075	-15.9777	2560	6	       	17.5
348.4008	+14.7390	2561	6	       	17.5
348.4045	+32.4223	2562	6	       	17.4
348.6053	-14.2774	2563	5	       	17.2
348.7018	+14.0893	2564	5	       	17.1
348.9621	-21.1104	2565	5	 0.1271	16.9
348.9862	-20.3771	2566	5	 0.0821	16.9
349.0717	 -6.1437	2567	6	       	18.0
349.2377	-22.1935	2568	5	 0.1398	16.9
349.4778	-12.8599	2569	5	       	16.6
349.5391	 +1.9734	2570	6	       	17.5
349.6429	 -2.2598	2571	6	       	17.6
349.5983	+18.7401	2572	3	 0.0395	15.3
349.8180	 -2.4430	2573	6	       	17.6
349.8136	 +2.5737	2574	6	       	17.8
349.9612	-22.0762	2575	6	       	17.9
349.9866	-22.5095	2576	6	       	17.5
350.1866	-22.9593	2577	6	       	17.5
350.1947	 -4.5260	2578	6	       	17.6
350.2851	-21.5592	2579	5	       	17.1
350.4114	-23.2258	2580	5	       	17.1
350.4554	-16.9591	2581	6	       	17.6
350.4384	 +2.9409	2582	6	       	17.6
350.5585	-20.4257	2583	5	       	17.1
350.5162	+27.5576	2584	5	 0.1196	17.1
350.7138	-26.2422	2585	6	       	17.5
350.8579	-20.4254	2586	5	       	17.1
350.8847	-22.4087	2587	5	       	17.2
350.9335	 +9.1579	2588	6	       	17.8
351.0022	+16.8247	2589	3	 0.0421	15.3
351.0892	 +2.0914	2590	6	       	17.5
351.0906	 +0.2914	2591	6	       	17.6
351.0762	+18.1414	2592	5	       	16.5
351.1292	+14.6414	2593	3	 0.0433	15.1
351.1345	 +8.0748	2594	6	       	17.8
351.2323	-20.5251	2595	5	       	17.2
351.2599	-23.4084	2596	5	       	17.1
351.3252	-12.1084	2597	5	 0.0852	16.6
351.4182	+27.8250	2598	5	       	17.1
351.6593	-23.7748	2599	5	       	17.1
351.6831	-22.4081	2600	5	       	17.1
351.6849	-24.4248	2601	6	       	17.7
351.6745	+21.3085	2602	6	       	17.7
351.9850	-25.3412	2603	6	       	17.7
352.1323	-22.5245	2604	5	       	17.1
352.2577	-23.3577	2605	5	       	17.1
352.4057	-21.2076	2606	5	       	17.1
352.4332	+11.2924	2607	6	       	17.6
352.6306	-21.6575	2608	5	       	17.1
352.6341	-26.0908	2609	6	       	17.4
352.6042	+17.2758	2610	6	       	17.6
352.6018	+20.6258	2611	5	       	17.2
352.7282	-18.6407	2612	6	       	17.7
352.7992	-12.9407	2613	5	       	17.2
353.2294	-21.5737	2614	6	       	17.5
353.2558	-23.5571	2615	6	       	17.7
353.3125	 +5.6096	2616	5	 0.1832	17.2
353.3352	 +9.4763	2617	5	       	17.0
353.4517	+23.0097	2618	4	 0.0705	15.9
353.5025	+21.9764	2619	5	       	16.5
353.5368	 +6.9097	2620	6	       	17.8
353.6040	+19.8931	2621	6	       	17.9
353.7243	+27.4265	2622	4	 0.0621	15.9
353.7627	 +5.6099	2623	5	 0.1784	17.2
353.9128	 +5.6099	2624	6	       	18.0
354.0795	+20.5267	2625	3	 0.0609	15.6
354.1292	+21.1600	2626	3	 0.0573	15.2
354.1776	+23.9101	2627	5	       	17.1
354.2540	-24.1565	2628	6	       	17.7
354.4279	-22.9231	2629	6	       	17.5
354.3826	+15.8268	2630	3	 0.0675	15.2
354.4157	 +0.2935	2631	6	       	18.0
354.4454	 -9.2231	2632	6	 0.1860	17.8
354.5342	+13.1936	2633	6	       	17.6
354.5766	+27.0269	2634	1	 0.0312	13.8
354.6473	-13.3730	2635	6	       	17.3
354.6954	 -9.5563	2636	6	       	17.8
354.7803	+21.4604	2637	5	       	16.6
355.1210	-11.7061	2638	5	 0.0825	17.2
355.1111	+10.5105	2639	6	       	17.7
355.1318	+19.6605	2640	5	       	16.7
355.2273	-24.8394	2641	6	       	17.7
355.2205	-10.7727	2642	5	       	16.8
355.2566	+20.4439	2643	6	       	17.7
355.2907	 +0.0939	2644	5	       	16.6
355.3446	 -9.0393	2645	6	 0.2460	18.0
355.3450	-10.0060	2646	6	 0.1930	17.6
355.3291	+25.7939	2647	5	       	17.1
355.3970	-14.4727	2648	6	       	17.6
355.3798	+24.6773	2649	5	       	16.9
355.4041	+26.0606	2650	5	       	17.1
355.4818	+21.0607	2651	5	       	16.9
355.8198	-10.3725	2652	6	       	17.7
355.9354	+14.2108	2653	6	       	17.7
356.0685	 -7.3891	2654	5	       	17.2
356.0990	-21.8724	2655	5	       	17.1
356.2172	 -4.1057	2656	4	       	16.2
356.2126	 +9.1443	2657	3	 0.0414	14.9
356.2451	-12.3057	2658	6	 0.1850	17.4
356.2712	-15.4723	2659	5	       	17.0
356.3252	-25.9723	2660	4	       	16.4
356.6690	-10.4222	2661	6	       	17.8
357.3615	+16.4113	2662	6	       	17.5
357.4223	-24.7220	2663	6	       	17.5
357.5416	 -3.6220	2664	6	       	17.7
357.6894	 +6.1114	2665	4	 0.0556	15.8
357.7343	+27.1447	2666	1	 0.0265	13.8
357.9464	-26.0052	2667	6	       	17.9
358.0380	+14.0448	2668	5	       	17.1
358.2152	 +3.1782	2669	6	       	17.8
358.5423	-10.4051	2670	4	 0.0745	15.7
358.7650	 +5.4116	2671	5	       	16.8
358.7870	+26.4449	2672	5	       	17.1
358.8155	 +1.9283	2673	6	       	18.0
358.8905	 +1.7449	2674	6	       	17.9
358.8893	+11.4282	2675	4	 0.0726	16.4
358.9400	 +6.0449	2676	5	       	16.8
358.9612	+34.3616	2677	6	       	17.5
358.9644	+11.6616	2678	5	       	16.9
358.8185	-20.4550	2679	6	       	17.7
359.1180	-21.0383	2680	6	       	17.7
359.3429	-24.3383	2681	6	       	17.9
359.3675	-20.5550	2682	6	       	17.5
359.3929	-25.5550	2683	5	       	16.9
359.5414	-10.5217	2684	6	       	17.6
359.6173	-24.4050	2685	6	       	17.9
359.8416	-20.8050	2686	5	 0.1124	16.9
000.0148	+32.1616	2687	5	       	16.7
000.0403	+15.8283	2688	6	       	17.5
000.0411	-15.7383	2689	6	       	18.0
000.0912	-25.1383	2690	5	       	17.2
000.3407	 -3.0883	2691	5	       	16.6
000.5159	+12.0450	2692	6	       	17.8
000.5403	-19.5550	2693	6	       	17.5
000.6409	 +8.4283	2694	5	 0.0958	17.0
000.6913	+18.7450	2695	6	       	17.7
000.8408	 +0.8950	2696	5	       	16.9
000.8404	 -6.1050	2697	5	       	17.2
000.8659	 +4.6283	2698	5	       	17.0
000.9399	-15.2716	2699	6	       	17.6
000.9658	 +2.0617	2700	4	 0.0978	16.0
001.0651	 -9.5883	2701	6	       	17.8
001.2184	+31.3949	2702	5	       	17.1
001.3421	+16.0949	2703	5	 0.1144	17.1
001.3896	-11.8717	2704	6	       	17.7
001.4923	+15.7949	2705	5	       	17.1
001.5168	+11.1283	2706	5	       	17.2
001.5896	-10.4050	2707	6	       	17.6
001.6388	-16.9217	2708	6	       	17.4
001.6646	 -9.9717	2709	5	       	17.2
001.6639	-15.3717	2710	5	       	17.2
001.7439	+25.0949	2711	6	       	17.5
001.7384	-18.0717	2712	6	       	17.5
